[0.043s] DEBUG:colcon:Command line arguments: ['/usr/bin/colcon', 'build', '--symlink-install']
[0.043s] DEBUG:colcon:Parsed command line arguments: Namespace(log_base=None, log_level=None, verb_name='build', build_base='build', install_base='install', merge_install=False, symlink_install=True, test_result_base=None, continue_on_error=False, executor='parallel', parallel_workers=4, event_handlers=None, ignore_user_meta=False, metas=['./colcon.meta'], base_paths=['.'], packages_ignore=None, packages_ignore_regex=None, paths=None, packages_up_to=None, packages_up_to_regex=None, packages_above=None, packages_above_and_dependencies=None, packages_above_depth=None, packages_select_by_dep=None, packages_skip_by_dep=None, packages_skip_up_to=None, packages_select_build_failed=False, packages_skip_build_finished=False, packages_select_test_failures=False, packages_skip_test_passed=False, packages_select=None, packages_skip=None, packages_select_regex=None, packages_skip_regex=None, packages_start=None, packages_end=None, cmake_args=None, cmake_target=None, cmake_target_skip_unavailable=False, cmake_clean_cache=False, cmake_clean_first=False, cmake_force_configure=False, ament_cmake_args=None, catkin_cmake_args=None, catkin_skip_building_tests=False, verb_parser=<colcon_defaults.argument_parser.defaults.DefaultArgumentsDecorator object at 0xf8b9a6e19850>, verb_extension=<colcon_core.verb.build.BuildVerb object at 0xf8b9a6e197c0>, main=<bound method BuildVerb.main of <colcon_core.verb.build.BuildVerb object at 0xf8b9a6e197c0>>)
[0.057s] Level 1:colcon.colcon_core.package_discovery:discover_packages(colcon_meta) check parameters
[0.057s] Level 1:colcon.colcon_core.package_discovery:discover_packages(recursive) check parameters
[0.057s] Level 1:colcon.colcon_core.package_discovery:discover_packages(ignore) check parameters
[0.057s] Level 1:colcon.colcon_core.package_discovery:discover_packages(path) check parameters
[0.057s] Level 1:colcon.colcon_core.package_discovery:discover_packages(colcon_meta) discover
[0.057s] Level 1:colcon.colcon_core.package_discovery:discover_packages(recursive) discover
[0.057s] INFO:colcon.colcon_core.package_discovery:Crawling recursively for packages in '/home/theo/drift/ros2_ws/src/lbr-stack'
[0.057s] Level 1:colcon.colcon_core.package_identification:_identify(.) by extensions ['ignore', 'ignore_ament_install']
[0.057s] Level 1:colcon.colcon_core.package_identification:_identify(.) by extension 'ignore'
[0.057s] Level 1:colcon.colcon_core.package_identification:_identify(.) by extension 'ignore_ament_install'
[0.057s] Level 1:colcon.colcon_core.package_identification:_identify(.) by extensions ['colcon_pkg']
[0.057s] Level 1:colcon.colcon_core.package_identification:_identify(.) by extension 'colcon_pkg'
[0.057s] Level 1:colcon.colcon_core.package_identification:_identify(.) by extensions ['colcon_meta']
[0.057s] Level 1:colcon.colcon_core.package_identification:_identify(.) by extension 'colcon_meta'
[0.057s] Level 1:colcon.colcon_core.package_identification:_identify(.) by extensions ['ros']
[0.057s] Level 1:colcon.colcon_core.package_identification:_identify(.) by extension 'ros'
[0.067s] Level 1:colcon.colcon_core.package_identification:_identify(.) by extensions ['cmake', 'python']
[0.067s] Level 1:colcon.colcon_core.package_identification:_identify(.) by extension 'cmake'
[0.067s] Level 1:colcon.colcon_core.package_identification:_identify(.) by extension 'python'
[0.067s] Level 1:colcon.colcon_core.package_identification:_identify(.) by extensions ['python_setup_py']
[0.067s] Level 1:colcon.colcon_core.package_identification:_identify(.) by extension 'python_setup_py'
[0.067s] Level 1:colcon.colcon_core.package_identification:_identify(build) by extensions ['ignore', 'ignore_ament_install']
[0.067s] Level 1:colcon.colcon_core.package_identification:_identify(build) by extension 'ignore'
[0.067s] Level 1:colcon.colcon_core.package_identification:_identify(build) ignored
[0.067s] Level 1:colcon.colcon_core.package_identification:_identify(install) by extensions ['ignore', 'ignore_ament_install']
[0.067s] Level 1:colcon.colcon_core.package_identification:_identify(install) by extension 'ignore'
[0.067s] Level 1:colcon.colcon_core.package_identification:_identify(install) ignored
[0.067s] Level 1:colcon.colcon_core.package_identification:_identify(log) by extensions ['ignore', 'ignore_ament_install']
[0.067s] Level 1:colcon.colcon_core.package_identification:_identify(log) by extension 'ignore'
[0.067s] Level 1:colcon.colcon_core.package_identification:_identify(log) ignored
[0.067s] Level 1:colcon.colcon_core.package_identification:_identify(src) by extensions ['ignore', 'ignore_ament_install']
[0.067s] Level 1:colcon.colcon_core.package_identification:_identify(src) by extension 'ignore'
[0.067s] Level 1:colcon.colcon_core.package_identification:_identify(src) by extension 'ignore_ament_install'
[0.067s] Level 1:colcon.colcon_core.package_identification:_identify(src) by extensions ['colcon_pkg']
[0.067s] Level 1:colcon.colcon_core.package_identification:_identify(src) by extension 'colcon_pkg'
[0.067s] Level 1:colcon.colcon_core.package_identification:_identify(src) by extensions ['colcon_meta']
[0.067s] Level 1:colcon.colcon_core.package_identification:_identify(src) by extension 'colcon_meta'
[0.067s] Level 1:colcon.colcon_core.package_identification:_identify(src) by extensions ['ros']
[0.067s] Level 1:colcon.colcon_core.package_identification:_identify(src) by extension 'ros'
[0.067s] Level 1:colcon.colcon_core.package_identification:_identify(src) by extensions ['cmake', 'python']
[0.067s] Level 1:colcon.colcon_core.package_identification:_identify(src) by extension 'cmake'
[0.067s] Level 1:colcon.colcon_core.package_identification:_identify(src) by extension 'python'
[0.067s] Level 1:colcon.colcon_core.package_identification:_identify(src) by extensions ['python_setup_py']
[0.067s] Level 1:colcon.colcon_core.package_identification:_identify(src) by extension 'python_setup_py'
[0.067s] Level 1:colcon.colcon_core.package_identification:_identify(src/fri) by extensions ['ignore', 'ignore_ament_install']
[0.067s] Level 1:colcon.colcon_core.package_identification:_identify(src/fri) by extension 'ignore'
[0.067s] Level 1:colcon.colcon_core.package_identification:_identify(src/fri) by extension 'ignore_ament_install'
[0.067s] Level 1:colcon.colcon_core.package_identification:_identify(src/fri) by extensions ['colcon_pkg']
[0.067s] Level 1:colcon.colcon_core.package_identification:_identify(src/fri) by extension 'colcon_pkg'
[0.067s] Level 1:colcon.colcon_core.package_identification:_identify(src/fri) by extensions ['colcon_meta']
[0.067s] Level 1:colcon.colcon_core.package_identification:_identify(src/fri) by extension 'colcon_meta'
[0.067s] Level 1:colcon.colcon_core.package_identification:_identify(src/fri) by extensions ['ros']
[0.067s] Level 1:colcon.colcon_core.package_identification:_identify(src/fri) by extension 'ros'
[0.068s] DEBUG:colcon.colcon_core.package_identification:Package 'src/fri' with type 'ros.cmake' and name 'fri_client_sdk'
[0.068s] Level 1:colcon.colcon_core.package_identification:_identify(src/lbr_fri_idl) by extensions ['ignore', 'ignore_ament_install']
[0.068s] Level 1:colcon.colcon_core.package_identification:_identify(src/lbr_fri_idl) by extension 'ignore'
[0.068s] Level 1:colcon.colcon_core.package_identification:_identify(src/lbr_fri_idl) by extension 'ignore_ament_install'
[0.068s] Level 1:colcon.colcon_core.package_identification:_identify(src/lbr_fri_idl) by extensions ['colcon_pkg']
[0.068s] Level 1:colcon.colcon_core.package_identification:_identify(src/lbr_fri_idl) by extension 'colcon_pkg'
[0.068s] Level 1:colcon.colcon_core.package_identification:_identify(src/lbr_fri_idl) by extensions ['colcon_meta']
[0.068s] Level 1:colcon.colcon_core.package_identification:_identify(src/lbr_fri_idl) by extension 'colcon_meta'
[0.068s] Level 1:colcon.colcon_core.package_identification:_identify(src/lbr_fri_idl) by extensions ['ros']
[0.068s] Level 1:colcon.colcon_core.package_identification:_identify(src/lbr_fri_idl) by extension 'ros'
[0.069s] DEBUG:colcon.colcon_core.package_identification:Package 'src/lbr_fri_idl' with type 'ros.ament_cmake' and name 'lbr_fri_idl'
[0.069s] Level 1:colcon.colcon_core.package_identification:_identify(src/lbr_fri_ros2_stack) by extensions ['ignore', 'ignore_ament_install']
[0.069s] Level 1:colcon.colcon_core.package_identification:_identify(src/lbr_fri_ros2_stack) by extension 'ignore'
[0.069s] Level 1:colcon.colcon_core.package_identification:_identify(src/lbr_fri_ros2_stack) by extension 'ignore_ament_install'
[0.069s] Level 1:colcon.colcon_core.package_identification:_identify(src/lbr_fri_ros2_stack) by extensions ['colcon_pkg']
[0.069s] Level 1:colcon.colcon_core.package_identification:_identify(src/lbr_fri_ros2_stack) by extension 'colcon_pkg'
[0.069s] Level 1:colcon.colcon_core.package_identification:_identify(src/lbr_fri_ros2_stack) by extensions ['colcon_meta']
[0.069s] Level 1:colcon.colcon_core.package_identification:_identify(src/lbr_fri_ros2_stack) by extension 'colcon_meta'
[0.069s] Level 1:colcon.colcon_core.package_identification:_identify(src/lbr_fri_ros2_stack) by extensions ['ros']
[0.069s] Level 1:colcon.colcon_core.package_identification:_identify(src/lbr_fri_ros2_stack) by extension 'ros'
[0.069s] Level 1:colcon.colcon_core.package_identification:_identify(src/lbr_fri_ros2_stack) by extensions ['cmake', 'python']
[0.069s] Level 1:colcon.colcon_core.package_identification:_identify(src/lbr_fri_ros2_stack) by extension 'cmake'
[0.069s] Level 1:colcon.colcon_core.package_identification:_identify(src/lbr_fri_ros2_stack) by extension 'python'
[0.069s] Level 1:colcon.colcon_core.package_identification:_identify(src/lbr_fri_ros2_stack) by extensions ['python_setup_py']
[0.069s] Level 1:colcon.colcon_core.package_identification:_identify(src/lbr_fri_ros2_stack) by extension 'python_setup_py'
[0.069s] Level 1:colcon.colcon_core.package_identification:_identify(src/lbr_fri_ros2_stack/docker) by extensions ['ignore', 'ignore_ament_install']
[0.069s] Level 1:colcon.colcon_core.package_identification:_identify(src/lbr_fri_ros2_stack/docker) by extension 'ignore'
[0.069s] Level 1:colcon.colcon_core.package_identification:_identify(src/lbr_fri_ros2_stack/docker) by extension 'ignore_ament_install'
[0.069s] Level 1:colcon.colcon_core.package_identification:_identify(src/lbr_fri_ros2_stack/docker) by extensions ['colcon_pkg']
[0.069s] Level 1:colcon.colcon_core.package_identification:_identify(src/lbr_fri_ros2_stack/docker) by extension 'colcon_pkg'
[0.069s] Level 1:colcon.colcon_core.package_identification:_identify(src/lbr_fri_ros2_stack/docker) by extensions ['colcon_meta']
[0.069s] Level 1:colcon.colcon_core.package_identification:_identify(src/lbr_fri_ros2_stack/docker) by extension 'colcon_meta'
[0.069s] Level 1:colcon.colcon_core.package_identification:_identify(src/lbr_fri_ros2_stack/docker) by extensions ['ros']
[0.069s] Level 1:colcon.colcon_core.package_identification:_identify(src/lbr_fri_ros2_stack/docker) by extension 'ros'
[0.069s] Level 1:colcon.colcon_core.package_identification:_identify(src/lbr_fri_ros2_stack/docker) by extensions ['cmake', 'python']
[0.069s] Level 1:colcon.colcon_core.package_identification:_identify(src/lbr_fri_ros2_stack/docker) by extension 'cmake'
[0.069s] Level 1:colcon.colcon_core.package_identification:_identify(src/lbr_fri_ros2_stack/docker) by extension 'python'
[0.069s] Level 1:colcon.colcon_core.package_identification:_identify(src/lbr_fri_ros2_stack/docker) by extensions ['python_setup_py']
[0.069s] Level 1:colcon.colcon_core.package_identification:_identify(src/lbr_fri_ros2_stack/docker) by extension 'python_setup_py'
[0.069s] Level 1:colcon.colcon_core.package_identification:_identify(src/lbr_fri_ros2_stack/docker/doc) by extensions ['ignore', 'ignore_ament_install']
[0.069s] Level 1:colcon.colcon_core.package_identification:_identify(src/lbr_fri_ros2_stack/docker/doc) by extension 'ignore'
[0.069s] Level 1:colcon.colcon_core.package_identification:_identify(src/lbr_fri_ros2_stack/docker/doc) by extension 'ignore_ament_install'
[0.069s] Level 1:colcon.colcon_core.package_identification:_identify(src/lbr_fri_ros2_stack/docker/doc) by extensions ['colcon_pkg']
[0.069s] Level 1:colcon.colcon_core.package_identification:_identify(src/lbr_fri_ros2_stack/docker/doc) by extension 'colcon_pkg'
[0.069s] Level 1:colcon.colcon_core.package_identification:_identify(src/lbr_fri_ros2_stack/docker/doc) by extensions ['colcon_meta']
[0.069s] Level 1:colcon.colcon_core.package_identification:_identify(src/lbr_fri_ros2_stack/docker/doc) by extension 'colcon_meta'
[0.069s] Level 1:colcon.colcon_core.package_identification:_identify(src/lbr_fri_ros2_stack/docker/doc) by extensions ['ros']
[0.069s] Level 1:colcon.colcon_core.package_identification:_identify(src/lbr_fri_ros2_stack/docker/doc) by extension 'ros'
[0.069s] Level 1:colcon.colcon_core.package_identification:_identify(src/lbr_fri_ros2_stack/docker/doc) by extensions ['cmake', 'python']
[0.069s] Level 1:colcon.colcon_core.package_identification:_identify(src/lbr_fri_ros2_stack/docker/doc) by extension 'cmake'
[0.069s] Level 1:colcon.colcon_core.package_identification:_identify(src/lbr_fri_ros2_stack/docker/doc) by extension 'python'
[0.069s] Level 1:colcon.colcon_core.package_identification:_identify(src/lbr_fri_ros2_stack/docker/doc) by extensions ['python_setup_py']
[0.069s] Level 1:colcon.colcon_core.package_identification:_identify(src/lbr_fri_ros2_stack/docker/doc) by extension 'python_setup_py'
[0.069s] Level 1:colcon.colcon_core.package_identification:_identify(src/lbr_fri_ros2_stack/lbr_bringup) by extensions ['ignore', 'ignore_ament_install']
[0.069s] Level 1:colcon.colcon_core.package_identification:_identify(src/lbr_fri_ros2_stack/lbr_bringup) by extension 'ignore'
[0.069s] Level 1:colcon.colcon_core.package_identification:_identify(src/lbr_fri_ros2_stack/lbr_bringup) by extension 'ignore_ament_install'
[0.069s] Level 1:colcon.colcon_core.package_identification:_identify(src/lbr_fri_ros2_stack/lbr_bringup) by extensions ['colcon_pkg']
[0.069s] Level 1:colcon.colcon_core.package_identification:_identify(src/lbr_fri_ros2_stack/lbr_bringup) by extension 'colcon_pkg'
[0.069s] Level 1:colcon.colcon_core.package_identification:_identify(src/lbr_fri_ros2_stack/lbr_bringup) by extensions ['colcon_meta']
[0.069s] Level 1:colcon.colcon_core.package_identification:_identify(src/lbr_fri_ros2_stack/lbr_bringup) by extension 'colcon_meta'
[0.069s] Level 1:colcon.colcon_core.package_identification:_identify(src/lbr_fri_ros2_stack/lbr_bringup) by extensions ['ros']
[0.069s] Level 1:colcon.colcon_core.package_identification:_identify(src/lbr_fri_ros2_stack/lbr_bringup) by extension 'ros'
[0.069s] DEBUG:colcon.colcon_core.package_identification:Package 'src/lbr_fri_ros2_stack/lbr_bringup' with type 'ros.ament_cmake' and name 'lbr_bringup'
[0.069s] Level 1:colcon.colcon_core.package_identification:_identify(src/lbr_fri_ros2_stack/lbr_demos) by extensions ['ignore', 'ignore_ament_install']
[0.070s] Level 1:colcon.colcon_core.package_identification:_identify(src/lbr_fri_ros2_stack/lbr_demos) by extension 'ignore'
[0.070s] Level 1:colcon.colcon_core.package_identification:_identify(src/lbr_fri_ros2_stack/lbr_demos) by extension 'ignore_ament_install'
[0.070s] Level 1:colcon.colcon_core.package_identification:_identify(src/lbr_fri_ros2_stack/lbr_demos) by extensions ['colcon_pkg']
[0.070s] Level 1:colcon.colcon_core.package_identification:_identify(src/lbr_fri_ros2_stack/lbr_demos) by extension 'colcon_pkg'
[0.070s] Level 1:colcon.colcon_core.package_identification:_identify(src/lbr_fri_ros2_stack/lbr_demos) by extensions ['colcon_meta']
[0.070s] Level 1:colcon.colcon_core.package_identification:_identify(src/lbr_fri_ros2_stack/lbr_demos) by extension 'colcon_meta'
[0.070s] Level 1:colcon.colcon_core.package_identification:_identify(src/lbr_fri_ros2_stack/lbr_demos) by extensions ['ros']
[0.070s] Level 1:colcon.colcon_core.package_identification:_identify(src/lbr_fri_ros2_stack/lbr_demos) by extension 'ros'
[0.070s] Level 1:colcon.colcon_core.package_identification:_identify(src/lbr_fri_ros2_stack/lbr_demos) by extensions ['cmake', 'python']
[0.070s] Level 1:colcon.colcon_core.package_identification:_identify(src/lbr_fri_ros2_stack/lbr_demos) by extension 'cmake'
[0.070s] Level 1:colcon.colcon_core.package_identification:_identify(src/lbr_fri_ros2_stack/lbr_demos) by extension 'python'
[0.070s] Level 1:colcon.colcon_core.package_identification:_identify(src/lbr_fri_ros2_stack/lbr_demos) by extensions ['python_setup_py']
[0.070s] Level 1:colcon.colcon_core.package_identification:_identify(src/lbr_fri_ros2_stack/lbr_demos) by extension 'python_setup_py'
[0.070s] Level 1:colcon.colcon_core.package_identification:_identify(src/lbr_fri_ros2_stack/lbr_demos/doc) by extensions ['ignore', 'ignore_ament_install']
[0.070s] Level 1:colcon.colcon_core.package_identification:_identify(src/lbr_fri_ros2_stack/lbr_demos/doc) by extension 'ignore'
[0.070s] Level 1:colcon.colcon_core.package_identification:_identify(src/lbr_fri_ros2_stack/lbr_demos/doc) by extension 'ignore_ament_install'
[0.070s] Level 1:colcon.colcon_core.package_identification:_identify(src/lbr_fri_ros2_stack/lbr_demos/doc) by extensions ['colcon_pkg']
[0.070s] Level 1:colcon.colcon_core.package_identification:_identify(src/lbr_fri_ros2_stack/lbr_demos/doc) by extension 'colcon_pkg'
[0.070s] Level 1:colcon.colcon_core.package_identification:_identify(src/lbr_fri_ros2_stack/lbr_demos/doc) by extensions ['colcon_meta']
[0.070s] Level 1:colcon.colcon_core.package_identification:_identify(src/lbr_fri_ros2_stack/lbr_demos/doc) by extension 'colcon_meta'
[0.070s] Level 1:colcon.colcon_core.package_identification:_identify(src/lbr_fri_ros2_stack/lbr_demos/doc) by extensions ['ros']
[0.070s] Level 1:colcon.colcon_core.package_identification:_identify(src/lbr_fri_ros2_stack/lbr_demos/doc) by extension 'ros'
[0.070s] Level 1:colcon.colcon_core.package_identification:_identify(src/lbr_fri_ros2_stack/lbr_demos/doc) by extensions ['cmake', 'python']
[0.070s] Level 1:colcon.colcon_core.package_identification:_identify(src/lbr_fri_ros2_stack/lbr_demos/doc) by extension 'cmake'
[0.070s] Level 1:colcon.colcon_core.package_identification:_identify(src/lbr_fri_ros2_stack/lbr_demos/doc) by extension 'python'
[0.070s] Level 1:colcon.colcon_core.package_identification:_identify(src/lbr_fri_ros2_stack/lbr_demos/doc) by extensions ['python_setup_py']
[0.070s] Level 1:colcon.colcon_core.package_identification:_identify(src/lbr_fri_ros2_stack/lbr_demos/doc) by extension 'python_setup_py'
[0.070s] Level 1:colcon.colcon_core.package_identification:_identify(src/lbr_fri_ros2_stack/lbr_demos/doc/img) by extensions ['ignore', 'ignore_ament_install']
[0.070s] Level 1:colcon.colcon_core.package_identification:_identify(src/lbr_fri_ros2_stack/lbr_demos/doc/img) by extension 'ignore'
[0.070s] Level 1:colcon.colcon_core.package_identification:_identify(src/lbr_fri_ros2_stack/lbr_demos/doc/img) by extension 'ignore_ament_install'
[0.070s] Level 1:colcon.colcon_core.package_identification:_identify(src/lbr_fri_ros2_stack/lbr_demos/doc/img) by extensions ['colcon_pkg']
[0.070s] Level 1:colcon.colcon_core.package_identification:_identify(src/lbr_fri_ros2_stack/lbr_demos/doc/img) by extension 'colcon_pkg'
[0.070s] Level 1:colcon.colcon_core.package_identification:_identify(src/lbr_fri_ros2_stack/lbr_demos/doc/img) by extensions ['colcon_meta']
[0.070s] Level 1:colcon.colcon_core.package_identification:_identify(src/lbr_fri_ros2_stack/lbr_demos/doc/img) by extension 'colcon_meta'
[0.070s] Level 1:colcon.colcon_core.package_identification:_identify(src/lbr_fri_ros2_stack/lbr_demos/doc/img) by extensions ['ros']
[0.070s] Level 1:colcon.colcon_core.package_identification:_identify(src/lbr_fri_ros2_stack/lbr_demos/doc/img) by extension 'ros'
[0.070s] Level 1:colcon.colcon_core.package_identification:_identify(src/lbr_fri_ros2_stack/lbr_demos/doc/img) by extensions ['cmake', 'python']
[0.070s] Level 1:colcon.colcon_core.package_identification:_identify(src/lbr_fri_ros2_stack/lbr_demos/doc/img) by extension 'cmake'
[0.070s] Level 1:colcon.colcon_core.package_identification:_identify(src/lbr_fri_ros2_stack/lbr_demos/doc/img) by extension 'python'
[0.070s] Level 1:colcon.colcon_core.package_identification:_identify(src/lbr_fri_ros2_stack/lbr_demos/doc/img) by extensions ['python_setup_py']
[0.070s] Level 1:colcon.colcon_core.package_identification:_identify(src/lbr_fri_ros2_stack/lbr_demos/doc/img) by extension 'python_setup_py'
[0.070s] Level 1:colcon.colcon_core.package_identification:_identify(src/lbr_fri_ros2_stack/lbr_demos/lbr_demos_advanced_cpp) by extensions ['ignore', 'ignore_ament_install']
[0.070s] Level 1:colcon.colcon_core.package_identification:_identify(src/lbr_fri_ros2_stack/lbr_demos/lbr_demos_advanced_cpp) by extension 'ignore'
[0.070s] Level 1:colcon.colcon_core.package_identification:_identify(src/lbr_fri_ros2_stack/lbr_demos/lbr_demos_advanced_cpp) by extension 'ignore_ament_install'
[0.070s] Level 1:colcon.colcon_core.package_identification:_identify(src/lbr_fri_ros2_stack/lbr_demos/lbr_demos_advanced_cpp) by extensions ['colcon_pkg']
[0.070s] Level 1:colcon.colcon_core.package_identification:_identify(src/lbr_fri_ros2_stack/lbr_demos/lbr_demos_advanced_cpp) by extension 'colcon_pkg'
[0.070s] Level 1:colcon.colcon_core.package_identification:_identify(src/lbr_fri_ros2_stack/lbr_demos/lbr_demos_advanced_cpp) by extensions ['colcon_meta']
[0.070s] Level 1:colcon.colcon_core.package_identification:_identify(src/lbr_fri_ros2_stack/lbr_demos/lbr_demos_advanced_cpp) by extension 'colcon_meta'
[0.070s] Level 1:colcon.colcon_core.package_identification:_identify(src/lbr_fri_ros2_stack/lbr_demos/lbr_demos_advanced_cpp) by extensions ['ros']
[0.070s] Level 1:colcon.colcon_core.package_identification:_identify(src/lbr_fri_ros2_stack/lbr_demos/lbr_demos_advanced_cpp) by extension 'ros'
[0.070s] DEBUG:colcon.colcon_core.package_identification:Package 'src/lbr_fri_ros2_stack/lbr_demos/lbr_demos_advanced_cpp' with type 'ros.ament_cmake' and name 'lbr_demos_advanced_cpp'
[0.070s] Level 1:colcon.colcon_core.package_identification:_identify(src/lbr_fri_ros2_stack/lbr_demos/lbr_demos_advanced_py) by extensions ['ignore', 'ignore_ament_install']
[0.070s] Level 1:colcon.colcon_core.package_identification:_identify(src/lbr_fri_ros2_stack/lbr_demos/lbr_demos_advanced_py) by extension 'ignore'
[0.070s] Level 1:colcon.colcon_core.package_identification:_identify(src/lbr_fri_ros2_stack/lbr_demos/lbr_demos_advanced_py) by extension 'ignore_ament_install'
[0.071s] Level 1:colcon.colcon_core.package_identification:_identify(src/lbr_fri_ros2_stack/lbr_demos/lbr_demos_advanced_py) by extensions ['colcon_pkg']
[0.071s] Level 1:colcon.colcon_core.package_identification:_identify(src/lbr_fri_ros2_stack/lbr_demos/lbr_demos_advanced_py) by extension 'colcon_pkg'
[0.071s] Level 1:colcon.colcon_core.package_identification:_identify(src/lbr_fri_ros2_stack/lbr_demos/lbr_demos_advanced_py) by extensions ['colcon_meta']
[0.071s] Level 1:colcon.colcon_core.package_identification:_identify(src/lbr_fri_ros2_stack/lbr_demos/lbr_demos_advanced_py) by extension 'colcon_meta'
[0.071s] Level 1:colcon.colcon_core.package_identification:_identify(src/lbr_fri_ros2_stack/lbr_demos/lbr_demos_advanced_py) by extensions ['ros']
[0.071s] Level 1:colcon.colcon_core.package_identification:_identify(src/lbr_fri_ros2_stack/lbr_demos/lbr_demos_advanced_py) by extension 'ros'
[0.071s] DEBUG:colcon.colcon_core.package_identification:Package 'src/lbr_fri_ros2_stack/lbr_demos/lbr_demos_advanced_py' with type 'ros.ament_python' and name 'lbr_demos_advanced_py'
[0.071s] Level 1:colcon.colcon_core.package_identification:_identify(src/lbr_fri_ros2_stack/lbr_demos/lbr_demos_cpp) by extensions ['ignore', 'ignore_ament_install']
[0.071s] Level 1:colcon.colcon_core.package_identification:_identify(src/lbr_fri_ros2_stack/lbr_demos/lbr_demos_cpp) by extension 'ignore'
[0.071s] Level 1:colcon.colcon_core.package_identification:_identify(src/lbr_fri_ros2_stack/lbr_demos/lbr_demos_cpp) by extension 'ignore_ament_install'
[0.071s] Level 1:colcon.colcon_core.package_identification:_identify(src/lbr_fri_ros2_stack/lbr_demos/lbr_demos_cpp) by extensions ['colcon_pkg']
[0.071s] Level 1:colcon.colcon_core.package_identification:_identify(src/lbr_fri_ros2_stack/lbr_demos/lbr_demos_cpp) by extension 'colcon_pkg'
[0.071s] Level 1:colcon.colcon_core.package_identification:_identify(src/lbr_fri_ros2_stack/lbr_demos/lbr_demos_cpp) by extensions ['colcon_meta']
[0.071s] Level 1:colcon.colcon_core.package_identification:_identify(src/lbr_fri_ros2_stack/lbr_demos/lbr_demos_cpp) by extension 'colcon_meta'
[0.071s] Level 1:colcon.colcon_core.package_identification:_identify(src/lbr_fri_ros2_stack/lbr_demos/lbr_demos_cpp) by extensions ['ros']
[0.071s] Level 1:colcon.colcon_core.package_identification:_identify(src/lbr_fri_ros2_stack/lbr_demos/lbr_demos_cpp) by extension 'ros'
[0.071s] DEBUG:colcon.colcon_core.package_identification:Package 'src/lbr_fri_ros2_stack/lbr_demos/lbr_demos_cpp' with type 'ros.ament_cmake' and name 'lbr_demos_cpp'
[0.071s] Level 1:colcon.colcon_core.package_identification:_identify(src/lbr_fri_ros2_stack/lbr_demos/lbr_demos_py) by extensions ['ignore', 'ignore_ament_install']
[0.071s] Level 1:colcon.colcon_core.package_identification:_identify(src/lbr_fri_ros2_stack/lbr_demos/lbr_demos_py) by extension 'ignore'
[0.071s] Level 1:colcon.colcon_core.package_identification:_identify(src/lbr_fri_ros2_stack/lbr_demos/lbr_demos_py) by extension 'ignore_ament_install'
[0.071s] Level 1:colcon.colcon_core.package_identification:_identify(src/lbr_fri_ros2_stack/lbr_demos/lbr_demos_py) by extensions ['colcon_pkg']
[0.071s] Level 1:colcon.colcon_core.package_identification:_identify(src/lbr_fri_ros2_stack/lbr_demos/lbr_demos_py) by extension 'colcon_pkg'
[0.071s] Level 1:colcon.colcon_core.package_identification:_identify(src/lbr_fri_ros2_stack/lbr_demos/lbr_demos_py) by extensions ['colcon_meta']
[0.071s] Level 1:colcon.colcon_core.package_identification:_identify(src/lbr_fri_ros2_stack/lbr_demos/lbr_demos_py) by extension 'colcon_meta'
[0.071s] Level 1:colcon.colcon_core.package_identification:_identify(src/lbr_fri_ros2_stack/lbr_demos/lbr_demos_py) by extensions ['ros']
[0.071s] Level 1:colcon.colcon_core.package_identification:_identify(src/lbr_fri_ros2_stack/lbr_demos/lbr_demos_py) by extension 'ros'
[0.071s] DEBUG:colcon.colcon_core.package_identification:Package 'src/lbr_fri_ros2_stack/lbr_demos/lbr_demos_py' with type 'ros.ament_python' and name 'lbr_demos_py'
[0.071s] Level 1:colcon.colcon_core.package_identification:_identify(src/lbr_fri_ros2_stack/lbr_demos/lbr_dual_arm) by extensions ['ignore', 'ignore_ament_install']
[0.071s] Level 1:colcon.colcon_core.package_identification:_identify(src/lbr_fri_ros2_stack/lbr_demos/lbr_dual_arm) by extension 'ignore'
[0.071s] Level 1:colcon.colcon_core.package_identification:_identify(src/lbr_fri_ros2_stack/lbr_demos/lbr_dual_arm) by extension 'ignore_ament_install'
[0.071s] Level 1:colcon.colcon_core.package_identification:_identify(src/lbr_fri_ros2_stack/lbr_demos/lbr_dual_arm) by extensions ['colcon_pkg']
[0.071s] Level 1:colcon.colcon_core.package_identification:_identify(src/lbr_fri_ros2_stack/lbr_demos/lbr_dual_arm) by extension 'colcon_pkg'
[0.071s] Level 1:colcon.colcon_core.package_identification:_identify(src/lbr_fri_ros2_stack/lbr_demos/lbr_dual_arm) by extensions ['colcon_meta']
[0.071s] Level 1:colcon.colcon_core.package_identification:_identify(src/lbr_fri_ros2_stack/lbr_demos/lbr_dual_arm) by extension 'colcon_meta'
[0.071s] Level 1:colcon.colcon_core.package_identification:_identify(src/lbr_fri_ros2_stack/lbr_demos/lbr_dual_arm) by extensions ['ros']
[0.071s] Level 1:colcon.colcon_core.package_identification:_identify(src/lbr_fri_ros2_stack/lbr_demos/lbr_dual_arm) by extension 'ros'
[0.071s] Level 1:colcon.colcon_core.package_identification:_identify(src/lbr_fri_ros2_stack/lbr_demos/lbr_dual_arm) by extensions ['cmake', 'python']
[0.071s] Level 1:colcon.colcon_core.package_identification:_identify(src/lbr_fri_ros2_stack/lbr_demos/lbr_dual_arm) by extension 'cmake'
[0.071s] Level 1:colcon.colcon_core.package_identification:_identify(src/lbr_fri_ros2_stack/lbr_demos/lbr_dual_arm) by extension 'python'
[0.071s] Level 1:colcon.colcon_core.package_identification:_identify(src/lbr_fri_ros2_stack/lbr_demos/lbr_dual_arm) by extensions ['python_setup_py']
[0.071s] Level 1:colcon.colcon_core.package_identification:_identify(src/lbr_fri_ros2_stack/lbr_demos/lbr_dual_arm) by extension 'python_setup_py'
[0.072s] Level 1:colcon.colcon_core.package_identification:_identify(src/lbr_fri_ros2_stack/lbr_demos/lbr_dual_arm/lbr_dual_arm) by extensions ['ignore', 'ignore_ament_install']
[0.072s] Level 1:colcon.colcon_core.package_identification:_identify(src/lbr_fri_ros2_stack/lbr_demos/lbr_dual_arm/lbr_dual_arm) by extension 'ignore'
[0.072s] Level 1:colcon.colcon_core.package_identification:_identify(src/lbr_fri_ros2_stack/lbr_demos/lbr_dual_arm/lbr_dual_arm) by extension 'ignore_ament_install'
[0.072s] Level 1:colcon.colcon_core.package_identification:_identify(src/lbr_fri_ros2_stack/lbr_demos/lbr_dual_arm/lbr_dual_arm) by extensions ['colcon_pkg']
[0.072s] Level 1:colcon.colcon_core.package_identification:_identify(src/lbr_fri_ros2_stack/lbr_demos/lbr_dual_arm/lbr_dual_arm) by extension 'colcon_pkg'
[0.072s] Level 1:colcon.colcon_core.package_identification:_identify(src/lbr_fri_ros2_stack/lbr_demos/lbr_dual_arm/lbr_dual_arm) by extensions ['colcon_meta']
[0.072s] Level 1:colcon.colcon_core.package_identification:_identify(src/lbr_fri_ros2_stack/lbr_demos/lbr_dual_arm/lbr_dual_arm) by extension 'colcon_meta'
[0.072s] Level 1:colcon.colcon_core.package_identification:_identify(src/lbr_fri_ros2_stack/lbr_demos/lbr_dual_arm/lbr_dual_arm) by extensions ['ros']
[0.072s] Level 1:colcon.colcon_core.package_identification:_identify(src/lbr_fri_ros2_stack/lbr_demos/lbr_dual_arm/lbr_dual_arm) by extension 'ros'
[0.072s] DEBUG:colcon.colcon_core.package_identification:Package 'src/lbr_fri_ros2_stack/lbr_demos/lbr_dual_arm/lbr_dual_arm' with type 'ros.ament_cmake' and name 'lbr_dual_arm'
[0.072s] Level 1:colcon.colcon_core.package_identification:_identify(src/lbr_fri_ros2_stack/lbr_demos/lbr_dual_arm/lbr_dual_arm_moveit_config) by extensions ['ignore', 'ignore_ament_install']
[0.072s] Level 1:colcon.colcon_core.package_identification:_identify(src/lbr_fri_ros2_stack/lbr_demos/lbr_dual_arm/lbr_dual_arm_moveit_config) by extension 'ignore'
[0.072s] Level 1:colcon.colcon_core.package_identification:_identify(src/lbr_fri_ros2_stack/lbr_demos/lbr_dual_arm/lbr_dual_arm_moveit_config) by extension 'ignore_ament_install'
[0.072s] Level 1:colcon.colcon_core.package_identification:_identify(src/lbr_fri_ros2_stack/lbr_demos/lbr_dual_arm/lbr_dual_arm_moveit_config) by extensions ['colcon_pkg']
[0.072s] Level 1:colcon.colcon_core.package_identification:_identify(src/lbr_fri_ros2_stack/lbr_demos/lbr_dual_arm/lbr_dual_arm_moveit_config) by extension 'colcon_pkg'
[0.072s] Level 1:colcon.colcon_core.package_identification:_identify(src/lbr_fri_ros2_stack/lbr_demos/lbr_dual_arm/lbr_dual_arm_moveit_config) by extensions ['colcon_meta']
[0.072s] Level 1:colcon.colcon_core.package_identification:_identify(src/lbr_fri_ros2_stack/lbr_demos/lbr_dual_arm/lbr_dual_arm_moveit_config) by extension 'colcon_meta'
[0.072s] Level 1:colcon.colcon_core.package_identification:_identify(src/lbr_fri_ros2_stack/lbr_demos/lbr_dual_arm/lbr_dual_arm_moveit_config) by extensions ['ros']
[0.072s] Level 1:colcon.colcon_core.package_identification:_identify(src/lbr_fri_ros2_stack/lbr_demos/lbr_dual_arm/lbr_dual_arm_moveit_config) by extension 'ros'
[0.072s] DEBUG:colcon.colcon_core.package_identification:Package 'src/lbr_fri_ros2_stack/lbr_demos/lbr_dual_arm/lbr_dual_arm_moveit_config' with type 'ros.ament_cmake' and name 'lbr_dual_arm_moveit_config'
[0.072s] Level 1:colcon.colcon_core.package_identification:_identify(src/lbr_fri_ros2_stack/lbr_demos/lbr_moveit) by extensions ['ignore', 'ignore_ament_install']
[0.072s] Level 1:colcon.colcon_core.package_identification:_identify(src/lbr_fri_ros2_stack/lbr_demos/lbr_moveit) by extension 'ignore'
[0.072s] Level 1:colcon.colcon_core.package_identification:_identify(src/lbr_fri_ros2_stack/lbr_demos/lbr_moveit) by extension 'ignore_ament_install'
[0.072s] Level 1:colcon.colcon_core.package_identification:_identify(src/lbr_fri_ros2_stack/lbr_demos/lbr_moveit) by extensions ['colcon_pkg']
[0.072s] Level 1:colcon.colcon_core.package_identification:_identify(src/lbr_fri_ros2_stack/lbr_demos/lbr_moveit) by extension 'colcon_pkg'
[0.072s] Level 1:colcon.colcon_core.package_identification:_identify(src/lbr_fri_ros2_stack/lbr_demos/lbr_moveit) by extensions ['colcon_meta']
[0.072s] Level 1:colcon.colcon_core.package_identification:_identify(src/lbr_fri_ros2_stack/lbr_demos/lbr_moveit) by extension 'colcon_meta'
[0.072s] Level 1:colcon.colcon_core.package_identification:_identify(src/lbr_fri_ros2_stack/lbr_demos/lbr_moveit) by extensions ['ros']
[0.072s] Level 1:colcon.colcon_core.package_identification:_identify(src/lbr_fri_ros2_stack/lbr_demos/lbr_moveit) by extension 'ros'
[0.072s] DEBUG:colcon.colcon_core.package_identification:Package 'src/lbr_fri_ros2_stack/lbr_demos/lbr_moveit' with type 'ros.ament_python' and name 'lbr_moveit'
[0.072s] Level 1:colcon.colcon_core.package_identification:_identify(src/lbr_fri_ros2_stack/lbr_demos/lbr_moveit_cpp) by extensions ['ignore', 'ignore_ament_install']
[0.072s] Level 1:colcon.colcon_core.package_identification:_identify(src/lbr_fri_ros2_stack/lbr_demos/lbr_moveit_cpp) by extension 'ignore'
[0.072s] Level 1:colcon.colcon_core.package_identification:_identify(src/lbr_fri_ros2_stack/lbr_demos/lbr_moveit_cpp) by extension 'ignore_ament_install'
[0.072s] Level 1:colcon.colcon_core.package_identification:_identify(src/lbr_fri_ros2_stack/lbr_demos/lbr_moveit_cpp) by extensions ['colcon_pkg']
[0.072s] Level 1:colcon.colcon_core.package_identification:_identify(src/lbr_fri_ros2_stack/lbr_demos/lbr_moveit_cpp) by extension 'colcon_pkg'
[0.072s] Level 1:colcon.colcon_core.package_identification:_identify(src/lbr_fri_ros2_stack/lbr_demos/lbr_moveit_cpp) by extensions ['colcon_meta']
[0.072s] Level 1:colcon.colcon_core.package_identification:_identify(src/lbr_fri_ros2_stack/lbr_demos/lbr_moveit_cpp) by extension 'colcon_meta'
[0.072s] Level 1:colcon.colcon_core.package_identification:_identify(src/lbr_fri_ros2_stack/lbr_demos/lbr_moveit_cpp) by extensions ['ros']
[0.072s] Level 1:colcon.colcon_core.package_identification:_identify(src/lbr_fri_ros2_stack/lbr_demos/lbr_moveit_cpp) by extension 'ros'
[0.073s] DEBUG:colcon.colcon_core.package_identification:Package 'src/lbr_fri_ros2_stack/lbr_demos/lbr_moveit_cpp' with type 'ros.ament_cmake' and name 'lbr_moveit_cpp'
[0.073s] Level 1:colcon.colcon_core.package_identification:_identify(src/lbr_fri_ros2_stack/lbr_fri_ros2) by extensions ['ignore', 'ignore_ament_install']
[0.073s] Level 1:colcon.colcon_core.package_identification:_identify(src/lbr_fri_ros2_stack/lbr_fri_ros2) by extension 'ignore'
[0.073s] Level 1:colcon.colcon_core.package_identification:_identify(src/lbr_fri_ros2_stack/lbr_fri_ros2) by extension 'ignore_ament_install'
[0.073s] Level 1:colcon.colcon_core.package_identification:_identify(src/lbr_fri_ros2_stack/lbr_fri_ros2) by extensions ['colcon_pkg']
[0.073s] Level 1:colcon.colcon_core.package_identification:_identify(src/lbr_fri_ros2_stack/lbr_fri_ros2) by extension 'colcon_pkg'
[0.073s] Level 1:colcon.colcon_core.package_identification:_identify(src/lbr_fri_ros2_stack/lbr_fri_ros2) by extensions ['colcon_meta']
[0.073s] Level 1:colcon.colcon_core.package_identification:_identify(src/lbr_fri_ros2_stack/lbr_fri_ros2) by extension 'colcon_meta'
[0.073s] Level 1:colcon.colcon_core.package_identification:_identify(src/lbr_fri_ros2_stack/lbr_fri_ros2) by extensions ['ros']
[0.073s] Level 1:colcon.colcon_core.package_identification:_identify(src/lbr_fri_ros2_stack/lbr_fri_ros2) by extension 'ros'
[0.073s] DEBUG:colcon.colcon_core.package_identification:Package 'src/lbr_fri_ros2_stack/lbr_fri_ros2' with type 'ros.ament_cmake' and name 'lbr_fri_ros2'
[0.073s] Level 1:colcon.colcon_core.package_identification:_identify(src/lbr_fri_ros2_stack/lbr_fri_ros2_stack) by extensions ['ignore', 'ignore_ament_install']
[0.073s] Level 1:colcon.colcon_core.package_identification:_identify(src/lbr_fri_ros2_stack/lbr_fri_ros2_stack) by extension 'ignore'
[0.073s] Level 1:colcon.colcon_core.package_identification:_identify(src/lbr_fri_ros2_stack/lbr_fri_ros2_stack) by extension 'ignore_ament_install'
[0.073s] Level 1:colcon.colcon_core.package_identification:_identify(src/lbr_fri_ros2_stack/lbr_fri_ros2_stack) by extensions ['colcon_pkg']
[0.073s] Level 1:colcon.colcon_core.package_identification:_identify(src/lbr_fri_ros2_stack/lbr_fri_ros2_stack) by extension 'colcon_pkg'
[0.073s] Level 1:colcon.colcon_core.package_identification:_identify(src/lbr_fri_ros2_stack/lbr_fri_ros2_stack) by extensions ['colcon_meta']
[0.073s] Level 1:colcon.colcon_core.package_identification:_identify(src/lbr_fri_ros2_stack/lbr_fri_ros2_stack) by extension 'colcon_meta'
[0.073s] Level 1:colcon.colcon_core.package_identification:_identify(src/lbr_fri_ros2_stack/lbr_fri_ros2_stack) by extensions ['ros']
[0.073s] Level 1:colcon.colcon_core.package_identification:_identify(src/lbr_fri_ros2_stack/lbr_fri_ros2_stack) by extension 'ros'
[0.073s] DEBUG:colcon.colcon_core.package_identification:Package 'src/lbr_fri_ros2_stack/lbr_fri_ros2_stack' with type 'ros.ament_cmake' and name 'lbr_fri_ros2_stack'
[0.073s] Level 1:colcon.colcon_core.package_identification:_identify(src/lbr_fri_ros2_stack/lbr_moveit_config) by extensions ['ignore', 'ignore_ament_install']
[0.073s] Level 1:colcon.colcon_core.package_identification:_identify(src/lbr_fri_ros2_stack/lbr_moveit_config) by extension 'ignore'
[0.073s] Level 1:colcon.colcon_core.package_identification:_identify(src/lbr_fri_ros2_stack/lbr_moveit_config) by extension 'ignore_ament_install'
[0.073s] Level 1:colcon.colcon_core.package_identification:_identify(src/lbr_fri_ros2_stack/lbr_moveit_config) by extensions ['colcon_pkg']
[0.073s] Level 1:colcon.colcon_core.package_identification:_identify(src/lbr_fri_ros2_stack/lbr_moveit_config) by extension 'colcon_pkg'
[0.073s] Level 1:colcon.colcon_core.package_identification:_identify(src/lbr_fri_ros2_stack/lbr_moveit_config) by extensions ['colcon_meta']
[0.073s] Level 1:colcon.colcon_core.package_identification:_identify(src/lbr_fri_ros2_stack/lbr_moveit_config) by extension 'colcon_meta'
[0.073s] Level 1:colcon.colcon_core.package_identification:_identify(src/lbr_fri_ros2_stack/lbr_moveit_config) by extensions ['ros']
[0.073s] Level 1:colcon.colcon_core.package_identification:_identify(src/lbr_fri_ros2_stack/lbr_moveit_config) by extension 'ros'
[0.073s] Level 1:colcon.colcon_core.package_identification:_identify(src/lbr_fri_ros2_stack/lbr_moveit_config) by extensions ['cmake', 'python']
[0.073s] Level 1:colcon.colcon_core.package_identification:_identify(src/lbr_fri_ros2_stack/lbr_moveit_config) by extension 'cmake'
[0.073s] Level 1:colcon.colcon_core.package_identification:_identify(src/lbr_fri_ros2_stack/lbr_moveit_config) by extension 'python'
[0.073s] Level 1:colcon.colcon_core.package_identification:_identify(src/lbr_fri_ros2_stack/lbr_moveit_config) by extensions ['python_setup_py']
[0.073s] Level 1:colcon.colcon_core.package_identification:_identify(src/lbr_fri_ros2_stack/lbr_moveit_config) by extension 'python_setup_py'
[0.073s] Level 1:colcon.colcon_core.package_identification:_identify(src/lbr_fri_ros2_stack/lbr_moveit_config/doc) by extensions ['ignore', 'ignore_ament_install']
[0.073s] Level 1:colcon.colcon_core.package_identification:_identify(src/lbr_fri_ros2_stack/lbr_moveit_config/doc) by extension 'ignore'
[0.074s] Level 1:colcon.colcon_core.package_identification:_identify(src/lbr_fri_ros2_stack/lbr_moveit_config/doc) by extension 'ignore_ament_install'
[0.074s] Level 1:colcon.colcon_core.package_identification:_identify(src/lbr_fri_ros2_stack/lbr_moveit_config/doc) by extensions ['colcon_pkg']
[0.074s] Level 1:colcon.colcon_core.package_identification:_identify(src/lbr_fri_ros2_stack/lbr_moveit_config/doc) by extension 'colcon_pkg'
[0.074s] Level 1:colcon.colcon_core.package_identification:_identify(src/lbr_fri_ros2_stack/lbr_moveit_config/doc) by extensions ['colcon_meta']
[0.074s] Level 1:colcon.colcon_core.package_identification:_identify(src/lbr_fri_ros2_stack/lbr_moveit_config/doc) by extension 'colcon_meta'
[0.074s] Level 1:colcon.colcon_core.package_identification:_identify(src/lbr_fri_ros2_stack/lbr_moveit_config/doc) by extensions ['ros']
[0.074s] Level 1:colcon.colcon_core.package_identification:_identify(src/lbr_fri_ros2_stack/lbr_moveit_config/doc) by extension 'ros'
[0.074s] Level 1:colcon.colcon_core.package_identification:_identify(src/lbr_fri_ros2_stack/lbr_moveit_config/doc) by extensions ['cmake', 'python']
[0.074s] Level 1:colcon.colcon_core.package_identification:_identify(src/lbr_fri_ros2_stack/lbr_moveit_config/doc) by extension 'cmake'
[0.074s] Level 1:colcon.colcon_core.package_identification:_identify(src/lbr_fri_ros2_stack/lbr_moveit_config/doc) by extension 'python'
[0.074s] Level 1:colcon.colcon_core.package_identification:_identify(src/lbr_fri_ros2_stack/lbr_moveit_config/doc) by extensions ['python_setup_py']
[0.074s] Level 1:colcon.colcon_core.package_identification:_identify(src/lbr_fri_ros2_stack/lbr_moveit_config/doc) by extension 'python_setup_py'
[0.074s] Level 1:colcon.colcon_core.package_identification:_identify(src/lbr_fri_ros2_stack/lbr_moveit_config/doc/img) by extensions ['ignore', 'ignore_ament_install']
[0.074s] Level 1:colcon.colcon_core.package_identification:_identify(src/lbr_fri_ros2_stack/lbr_moveit_config/doc/img) by extension 'ignore'
[0.074s] Level 1:colcon.colcon_core.package_identification:_identify(src/lbr_fri_ros2_stack/lbr_moveit_config/doc/img) by extension 'ignore_ament_install'
[0.074s] Level 1:colcon.colcon_core.package_identification:_identify(src/lbr_fri_ros2_stack/lbr_moveit_config/doc/img) by extensions ['colcon_pkg']
[0.074s] Level 1:colcon.colcon_core.package_identification:_identify(src/lbr_fri_ros2_stack/lbr_moveit_config/doc/img) by extension 'colcon_pkg'
[0.074s] Level 1:colcon.colcon_core.package_identification:_identify(src/lbr_fri_ros2_stack/lbr_moveit_config/doc/img) by extensions ['colcon_meta']
[0.074s] Level 1:colcon.colcon_core.package_identification:_identify(src/lbr_fri_ros2_stack/lbr_moveit_config/doc/img) by extension 'colcon_meta'
[0.074s] Level 1:colcon.colcon_core.package_identification:_identify(src/lbr_fri_ros2_stack/lbr_moveit_config/doc/img) by extensions ['ros']
[0.074s] Level 1:colcon.colcon_core.package_identification:_identify(src/lbr_fri_ros2_stack/lbr_moveit_config/doc/img) by extension 'ros'
[0.074s] Level 1:colcon.colcon_core.package_identification:_identify(src/lbr_fri_ros2_stack/lbr_moveit_config/doc/img) by extensions ['cmake', 'python']
[0.074s] Level 1:colcon.colcon_core.package_identification:_identify(src/lbr_fri_ros2_stack/lbr_moveit_config/doc/img) by extension 'cmake'
[0.074s] Level 1:colcon.colcon_core.package_identification:_identify(src/lbr_fri_ros2_stack/lbr_moveit_config/doc/img) by extension 'python'
[0.074s] Level 1:colcon.colcon_core.package_identification:_identify(src/lbr_fri_ros2_stack/lbr_moveit_config/doc/img) by extensions ['python_setup_py']
[0.074s] Level 1:colcon.colcon_core.package_identification:_identify(src/lbr_fri_ros2_stack/lbr_moveit_config/doc/img) by extension 'python_setup_py'
[0.074s] Level 1:colcon.colcon_core.package_identification:_identify(src/lbr_fri_ros2_stack/lbr_moveit_config/iiwa14_moveit_config) by extensions ['ignore', 'ignore_ament_install']
[0.074s] Level 1:colcon.colcon_core.package_identification:_identify(src/lbr_fri_ros2_stack/lbr_moveit_config/iiwa14_moveit_config) by extension 'ignore'
[0.074s] Level 1:colcon.colcon_core.package_identification:_identify(src/lbr_fri_ros2_stack/lbr_moveit_config/iiwa14_moveit_config) by extension 'ignore_ament_install'
[0.074s] Level 1:colcon.colcon_core.package_identification:_identify(src/lbr_fri_ros2_stack/lbr_moveit_config/iiwa14_moveit_config) by extensions ['colcon_pkg']
[0.074s] Level 1:colcon.colcon_core.package_identification:_identify(src/lbr_fri_ros2_stack/lbr_moveit_config/iiwa14_moveit_config) by extension 'colcon_pkg'
[0.074s] Level 1:colcon.colcon_core.package_identification:_identify(src/lbr_fri_ros2_stack/lbr_moveit_config/iiwa14_moveit_config) by extensions ['colcon_meta']
[0.074s] Level 1:colcon.colcon_core.package_identification:_identify(src/lbr_fri_ros2_stack/lbr_moveit_config/iiwa14_moveit_config) by extension 'colcon_meta'
[0.074s] Level 1:colcon.colcon_core.package_identification:_identify(src/lbr_fri_ros2_stack/lbr_moveit_config/iiwa14_moveit_config) by extensions ['ros']
[0.074s] Level 1:colcon.colcon_core.package_identification:_identify(src/lbr_fri_ros2_stack/lbr_moveit_config/iiwa14_moveit_config) by extension 'ros'
[0.074s] DEBUG:colcon.colcon_core.package_identification:Package 'src/lbr_fri_ros2_stack/lbr_moveit_config/iiwa14_moveit_config' with type 'ros.ament_cmake' and name 'iiwa14_moveit_config'
[0.074s] Level 1:colcon.colcon_core.package_identification:_identify(src/lbr_fri_ros2_stack/lbr_moveit_config/iiwa7_moveit_config) by extensions ['ignore', 'ignore_ament_install']
[0.074s] Level 1:colcon.colcon_core.package_identification:_identify(src/lbr_fri_ros2_stack/lbr_moveit_config/iiwa7_moveit_config) by extension 'ignore'
[0.074s] Level 1:colcon.colcon_core.package_identification:_identify(src/lbr_fri_ros2_stack/lbr_moveit_config/iiwa7_moveit_config) by extension 'ignore_ament_install'
[0.074s] Level 1:colcon.colcon_core.package_identification:_identify(src/lbr_fri_ros2_stack/lbr_moveit_config/iiwa7_moveit_config) by extensions ['colcon_pkg']
[0.074s] Level 1:colcon.colcon_core.package_identification:_identify(src/lbr_fri_ros2_stack/lbr_moveit_config/iiwa7_moveit_config) by extension 'colcon_pkg'
[0.074s] Level 1:colcon.colcon_core.package_identification:_identify(src/lbr_fri_ros2_stack/lbr_moveit_config/iiwa7_moveit_config) by extensions ['colcon_meta']
[0.074s] Level 1:colcon.colcon_core.package_identification:_identify(src/lbr_fri_ros2_stack/lbr_moveit_config/iiwa7_moveit_config) by extension 'colcon_meta'
[0.074s] Level 1:colcon.colcon_core.package_identification:_identify(src/lbr_fri_ros2_stack/lbr_moveit_config/iiwa7_moveit_config) by extensions ['ros']
[0.074s] Level 1:colcon.colcon_core.package_identification:_identify(src/lbr_fri_ros2_stack/lbr_moveit_config/iiwa7_moveit_config) by extension 'ros'
[0.074s] DEBUG:colcon.colcon_core.package_identification:Package 'src/lbr_fri_ros2_stack/lbr_moveit_config/iiwa7_moveit_config' with type 'ros.ament_cmake' and name 'iiwa7_moveit_config'
[0.074s] Level 1:colcon.colcon_core.package_identification:_identify(src/lbr_fri_ros2_stack/lbr_moveit_config/med14_moveit_config) by extensions ['ignore', 'ignore_ament_install']
[0.074s] Level 1:colcon.colcon_core.package_identification:_identify(src/lbr_fri_ros2_stack/lbr_moveit_config/med14_moveit_config) by extension 'ignore'
[0.074s] Level 1:colcon.colcon_core.package_identification:_identify(src/lbr_fri_ros2_stack/lbr_moveit_config/med14_moveit_config) by extension 'ignore_ament_install'
[0.074s] Level 1:colcon.colcon_core.package_identification:_identify(src/lbr_fri_ros2_stack/lbr_moveit_config/med14_moveit_config) by extensions ['colcon_pkg']
[0.074s] Level 1:colcon.colcon_core.package_identification:_identify(src/lbr_fri_ros2_stack/lbr_moveit_config/med14_moveit_config) by extension 'colcon_pkg'
[0.074s] Level 1:colcon.colcon_core.package_identification:_identify(src/lbr_fri_ros2_stack/lbr_moveit_config/med14_moveit_config) by extensions ['colcon_meta']
[0.074s] Level 1:colcon.colcon_core.package_identification:_identify(src/lbr_fri_ros2_stack/lbr_moveit_config/med14_moveit_config) by extension 'colcon_meta'
[0.075s] Level 1:colcon.colcon_core.package_identification:_identify(src/lbr_fri_ros2_stack/lbr_moveit_config/med14_moveit_config) by extensions ['ros']
[0.075s] Level 1:colcon.colcon_core.package_identification:_identify(src/lbr_fri_ros2_stack/lbr_moveit_config/med14_moveit_config) by extension 'ros'
[0.075s] DEBUG:colcon.colcon_core.package_identification:Package 'src/lbr_fri_ros2_stack/lbr_moveit_config/med14_moveit_config' with type 'ros.ament_cmake' and name 'med14_moveit_config'
[0.075s] Level 1:colcon.colcon_core.package_identification:_identify(src/lbr_fri_ros2_stack/lbr_moveit_config/med7_moveit_config) by extensions ['ignore', 'ignore_ament_install']
[0.075s] Level 1:colcon.colcon_core.package_identification:_identify(src/lbr_fri_ros2_stack/lbr_moveit_config/med7_moveit_config) by extension 'ignore'
[0.075s] Level 1:colcon.colcon_core.package_identification:_identify(src/lbr_fri_ros2_stack/lbr_moveit_config/med7_moveit_config) by extension 'ignore_ament_install'
[0.075s] Level 1:colcon.colcon_core.package_identification:_identify(src/lbr_fri_ros2_stack/lbr_moveit_config/med7_moveit_config) by extensions ['colcon_pkg']
[0.075s] Level 1:colcon.colcon_core.package_identification:_identify(src/lbr_fri_ros2_stack/lbr_moveit_config/med7_moveit_config) by extension 'colcon_pkg'
[0.075s] Level 1:colcon.colcon_core.package_identification:_identify(src/lbr_fri_ros2_stack/lbr_moveit_config/med7_moveit_config) by extensions ['colcon_meta']
[0.075s] Level 1:colcon.colcon_core.package_identification:_identify(src/lbr_fri_ros2_stack/lbr_moveit_config/med7_moveit_config) by extension 'colcon_meta'
[0.075s] Level 1:colcon.colcon_core.package_identification:_identify(src/lbr_fri_ros2_stack/lbr_moveit_config/med7_moveit_config) by extensions ['ros']
[0.075s] Level 1:colcon.colcon_core.package_identification:_identify(src/lbr_fri_ros2_stack/lbr_moveit_config/med7_moveit_config) by extension 'ros'
[0.075s] DEBUG:colcon.colcon_core.package_identification:Package 'src/lbr_fri_ros2_stack/lbr_moveit_config/med7_moveit_config' with type 'ros.ament_cmake' and name 'med7_moveit_config'
[0.075s] Level 1:colcon.colcon_core.package_identification:_identify(src/lbr_fri_ros2_stack/lbr_ros2_control) by extensions ['ignore', 'ignore_ament_install']
[0.075s] Level 1:colcon.colcon_core.package_identification:_identify(src/lbr_fri_ros2_stack/lbr_ros2_control) by extension 'ignore'
[0.075s] Level 1:colcon.colcon_core.package_identification:_identify(src/lbr_fri_ros2_stack/lbr_ros2_control) by extension 'ignore_ament_install'
[0.075s] Level 1:colcon.colcon_core.package_identification:_identify(src/lbr_fri_ros2_stack/lbr_ros2_control) by extensions ['colcon_pkg']
[0.075s] Level 1:colcon.colcon_core.package_identification:_identify(src/lbr_fri_ros2_stack/lbr_ros2_control) by extension 'colcon_pkg'
[0.075s] Level 1:colcon.colcon_core.package_identification:_identify(src/lbr_fri_ros2_stack/lbr_ros2_control) by extensions ['colcon_meta']
[0.075s] Level 1:colcon.colcon_core.package_identification:_identify(src/lbr_fri_ros2_stack/lbr_ros2_control) by extension 'colcon_meta'
[0.075s] Level 1:colcon.colcon_core.package_identification:_identify(src/lbr_fri_ros2_stack/lbr_ros2_control) by extensions ['ros']
[0.075s] Level 1:colcon.colcon_core.package_identification:_identify(src/lbr_fri_ros2_stack/lbr_ros2_control) by extension 'ros'
[0.075s] DEBUG:colcon.colcon_core.package_identification:Package 'src/lbr_fri_ros2_stack/lbr_ros2_control' with type 'ros.ament_cmake' and name 'lbr_ros2_control'
[0.075s] Level 1:colcon.colcon_core.package_identification:_identify(src/lbr_iiwa14_r820_description) by extensions ['ignore', 'ignore_ament_install']
[0.076s] Level 1:colcon.colcon_core.package_identification:_identify(src/lbr_iiwa14_r820_description) by extension 'ignore'
[0.076s] Level 1:colcon.colcon_core.package_identification:_identify(src/lbr_iiwa14_r820_description) by extension 'ignore_ament_install'
[0.076s] Level 1:colcon.colcon_core.package_identification:_identify(src/lbr_iiwa14_r820_description) by extensions ['colcon_pkg']
[0.076s] Level 1:colcon.colcon_core.package_identification:_identify(src/lbr_iiwa14_r820_description) by extension 'colcon_pkg'
[0.076s] Level 1:colcon.colcon_core.package_identification:_identify(src/lbr_iiwa14_r820_description) by extensions ['colcon_meta']
[0.076s] Level 1:colcon.colcon_core.package_identification:_identify(src/lbr_iiwa14_r820_description) by extension 'colcon_meta'
[0.076s] Level 1:colcon.colcon_core.package_identification:_identify(src/lbr_iiwa14_r820_description) by extensions ['ros']
[0.076s] Level 1:colcon.colcon_core.package_identification:_identify(src/lbr_iiwa14_r820_description) by extension 'ros'
[0.076s] DEBUG:colcon.colcon_core.package_identification:Package 'src/lbr_iiwa14_r820_description' with type 'ros.ament_cmake' and name 'lbr_iiwa14_r820_description'
[0.076s] Level 1:colcon.colcon_core.package_identification:_identify(src/lbr_iiwa7_r800_description) by extensions ['ignore', 'ignore_ament_install']
[0.076s] Level 1:colcon.colcon_core.package_identification:_identify(src/lbr_iiwa7_r800_description) by extension 'ignore'
[0.076s] Level 1:colcon.colcon_core.package_identification:_identify(src/lbr_iiwa7_r800_description) by extension 'ignore_ament_install'
[0.076s] Level 1:colcon.colcon_core.package_identification:_identify(src/lbr_iiwa7_r800_description) by extensions ['colcon_pkg']
[0.076s] Level 1:colcon.colcon_core.package_identification:_identify(src/lbr_iiwa7_r800_description) by extension 'colcon_pkg'
[0.076s] Level 1:colcon.colcon_core.package_identification:_identify(src/lbr_iiwa7_r800_description) by extensions ['colcon_meta']
[0.076s] Level 1:colcon.colcon_core.package_identification:_identify(src/lbr_iiwa7_r800_description) by extension 'colcon_meta'
[0.076s] Level 1:colcon.colcon_core.package_identification:_identify(src/lbr_iiwa7_r800_description) by extensions ['ros']
[0.076s] Level 1:colcon.colcon_core.package_identification:_identify(src/lbr_iiwa7_r800_description) by extension 'ros'
[0.076s] DEBUG:colcon.colcon_core.package_identification:Package 'src/lbr_iiwa7_r800_description' with type 'ros.ament_cmake' and name 'lbr_iiwa7_r800_description'
[0.076s] Level 1:colcon.colcon_core.package_identification:_identify(src/lbr_med14_r820_description) by extensions ['ignore', 'ignore_ament_install']
[0.076s] Level 1:colcon.colcon_core.package_identification:_identify(src/lbr_med14_r820_description) by extension 'ignore'
[0.076s] Level 1:colcon.colcon_core.package_identification:_identify(src/lbr_med14_r820_description) by extension 'ignore_ament_install'
[0.076s] Level 1:colcon.colcon_core.package_identification:_identify(src/lbr_med14_r820_description) by extensions ['colcon_pkg']
[0.076s] Level 1:colcon.colcon_core.package_identification:_identify(src/lbr_med14_r820_description) by extension 'colcon_pkg'
[0.076s] Level 1:colcon.colcon_core.package_identification:_identify(src/lbr_med14_r820_description) by extensions ['colcon_meta']
[0.076s] Level 1:colcon.colcon_core.package_identification:_identify(src/lbr_med14_r820_description) by extension 'colcon_meta'
[0.076s] Level 1:colcon.colcon_core.package_identification:_identify(src/lbr_med14_r820_description) by extensions ['ros']
[0.076s] Level 1:colcon.colcon_core.package_identification:_identify(src/lbr_med14_r820_description) by extension 'ros'
[0.076s] DEBUG:colcon.colcon_core.package_identification:Package 'src/lbr_med14_r820_description' with type 'ros.ament_cmake' and name 'lbr_med14_r820_description'
[0.076s] Level 1:colcon.colcon_core.package_identification:_identify(src/lbr_med7_r800_description) by extensions ['ignore', 'ignore_ament_install']
[0.076s] Level 1:colcon.colcon_core.package_identification:_identify(src/lbr_med7_r800_description) by extension 'ignore'
[0.076s] Level 1:colcon.colcon_core.package_identification:_identify(src/lbr_med7_r800_description) by extension 'ignore_ament_install'
[0.076s] Level 1:colcon.colcon_core.package_identification:_identify(src/lbr_med7_r800_description) by extensions ['colcon_pkg']
[0.076s] Level 1:colcon.colcon_core.package_identification:_identify(src/lbr_med7_r800_description) by extension 'colcon_pkg'
[0.076s] Level 1:colcon.colcon_core.package_identification:_identify(src/lbr_med7_r800_description) by extensions ['colcon_meta']
[0.076s] Level 1:colcon.colcon_core.package_identification:_identify(src/lbr_med7_r800_description) by extension 'colcon_meta'
[0.076s] Level 1:colcon.colcon_core.package_identification:_identify(src/lbr_med7_r800_description) by extensions ['ros']
[0.076s] Level 1:colcon.colcon_core.package_identification:_identify(src/lbr_med7_r800_description) by extension 'ros'
[0.076s] DEBUG:colcon.colcon_core.package_identification:Package 'src/lbr_med7_r800_description' with type 'ros.ament_cmake' and name 'lbr_med7_r800_description'
[0.076s] Level 1:colcon.colcon_core.package_discovery:discover_packages(recursive) using defaults
[0.076s] Level 1:colcon.colcon_core.package_discovery:discover_packages(ignore) discover
[0.076s] Level 1:colcon.colcon_core.package_discovery:discover_packages(ignore) using defaults
[0.076s] Level 1:colcon.colcon_core.package_discovery:discover_packages(path) discover
[0.077s] Level 1:colcon.colcon_core.package_discovery:discover_packages(path) using defaults
[0.085s] Level 5:colcon.colcon_core.verb:set package 'fri_client_sdk' build argument 'cmake_args' from command line to 'None'
[0.085s] Level 5:colcon.colcon_core.verb:set package 'fri_client_sdk' build argument 'cmake_target' from command line to 'None'
[0.085s] Level 5:colcon.colcon_core.verb:set package 'fri_client_sdk' build argument 'cmake_target_skip_unavailable' from command line to 'False'
[0.085s] Level 5:colcon.colcon_core.verb:set package 'fri_client_sdk' build argument 'cmake_clean_cache' from command line to 'False'
[0.085s] Level 5:colcon.colcon_core.verb:set package 'fri_client_sdk' build argument 'cmake_clean_first' from command line to 'False'
[0.085s] Level 5:colcon.colcon_core.verb:set package 'fri_client_sdk' build argument 'cmake_force_configure' from command line to 'False'
[0.085s] Level 5:colcon.colcon_core.verb:set package 'fri_client_sdk' build argument 'ament_cmake_args' from command line to 'None'
[0.085s] Level 5:colcon.colcon_core.verb:set package 'fri_client_sdk' build argument 'catkin_cmake_args' from command line to 'None'
[0.085s] Level 5:colcon.colcon_core.verb:set package 'fri_client_sdk' build argument 'catkin_skip_building_tests' from command line to 'False'
[0.085s] DEBUG:colcon.colcon_core.verb:Building package 'fri_client_sdk' with the following arguments: {'ament_cmake_args': None, 'build_base': '/home/theo/drift/ros2_ws/src/lbr-stack/build/fri_client_sdk', 'catkin_cmake_args': None, 'catkin_skip_building_tests': False, 'cmake_args': None, 'cmake_clean_cache': False, 'cmake_clean_first': False, 'cmake_force_configure': False, 'cmake_target': None, 'cmake_target_skip_unavailable': False, 'install_base': '/home/theo/drift/ros2_ws/src/lbr-stack/install/fri_client_sdk', 'merge_install': False, 'path': '/home/theo/drift/ros2_ws/src/lbr-stack/src/fri', 'symlink_install': True, 'test_result_base': None}
[0.085s] Level 5:colcon.colcon_core.verb:set package 'lbr_iiwa14_r820_description' build argument 'cmake_args' from command line to 'None'
[0.085s] Level 5:colcon.colcon_core.verb:set package 'lbr_iiwa14_r820_description' build argument 'cmake_target' from command line to 'None'
[0.085s] Level 5:colcon.colcon_core.verb:set package 'lbr_iiwa14_r820_description' build argument 'cmake_target_skip_unavailable' from command line to 'False'
[0.085s] Level 5:colcon.colcon_core.verb:set package 'lbr_iiwa14_r820_description' build argument 'cmake_clean_cache' from command line to 'False'
[0.085s] Level 5:colcon.colcon_core.verb:set package 'lbr_iiwa14_r820_description' build argument 'cmake_clean_first' from command line to 'False'
[0.085s] Level 5:colcon.colcon_core.verb:set package 'lbr_iiwa14_r820_description' build argument 'cmake_force_configure' from command line to 'False'
[0.085s] Level 5:colcon.colcon_core.verb:set package 'lbr_iiwa14_r820_description' build argument 'ament_cmake_args' from command line to 'None'
[0.085s] Level 5:colcon.colcon_core.verb:set package 'lbr_iiwa14_r820_description' build argument 'catkin_cmake_args' from command line to 'None'
[0.085s] Level 5:colcon.colcon_core.verb:set package 'lbr_iiwa14_r820_description' build argument 'catkin_skip_building_tests' from command line to 'False'
[0.085s] DEBUG:colcon.colcon_core.verb:Building package 'lbr_iiwa14_r820_description' with the following arguments: {'ament_cmake_args': None, 'build_base': '/home/theo/drift/ros2_ws/src/lbr-stack/build/lbr_iiwa14_r820_description', 'catkin_cmake_args': None, 'catkin_skip_building_tests': False, 'cmake_args': None, 'cmake_clean_cache': False, 'cmake_clean_first': False, 'cmake_force_configure': False, 'cmake_target': None, 'cmake_target_skip_unavailable': False, 'install_base': '/home/theo/drift/ros2_ws/src/lbr-stack/install/lbr_iiwa14_r820_description', 'merge_install': False, 'path': '/home/theo/drift/ros2_ws/src/lbr-stack/src/lbr_iiwa14_r820_description', 'symlink_install': True, 'test_result_base': None}
[0.085s] Level 5:colcon.colcon_core.verb:set package 'lbr_iiwa7_r800_description' build argument 'cmake_args' from command line to 'None'
[0.085s] Level 5:colcon.colcon_core.verb:set package 'lbr_iiwa7_r800_description' build argument 'cmake_target' from command line to 'None'
[0.085s] Level 5:colcon.colcon_core.verb:set package 'lbr_iiwa7_r800_description' build argument 'cmake_target_skip_unavailable' from command line to 'False'
[0.085s] Level 5:colcon.colcon_core.verb:set package 'lbr_iiwa7_r800_description' build argument 'cmake_clean_cache' from command line to 'False'
[0.085s] Level 5:colcon.colcon_core.verb:set package 'lbr_iiwa7_r800_description' build argument 'cmake_clean_first' from command line to 'False'
[0.085s] Level 5:colcon.colcon_core.verb:set package 'lbr_iiwa7_r800_description' build argument 'cmake_force_configure' from command line to 'False'
[0.085s] Level 5:colcon.colcon_core.verb:set package 'lbr_iiwa7_r800_description' build argument 'ament_cmake_args' from command line to 'None'
[0.085s] Level 5:colcon.colcon_core.verb:set package 'lbr_iiwa7_r800_description' build argument 'catkin_cmake_args' from command line to 'None'
[0.085s] Level 5:colcon.colcon_core.verb:set package 'lbr_iiwa7_r800_description' build argument 'catkin_skip_building_tests' from command line to 'False'
[0.085s] DEBUG:colcon.colcon_core.verb:Building package 'lbr_iiwa7_r800_description' with the following arguments: {'ament_cmake_args': None, 'build_base': '/home/theo/drift/ros2_ws/src/lbr-stack/build/lbr_iiwa7_r800_description', 'catkin_cmake_args': None, 'catkin_skip_building_tests': False, 'cmake_args': None, 'cmake_clean_cache': False, 'cmake_clean_first': False, 'cmake_force_configure': False, 'cmake_target': None, 'cmake_target_skip_unavailable': False, 'install_base': '/home/theo/drift/ros2_ws/src/lbr-stack/install/lbr_iiwa7_r800_description', 'merge_install': False, 'path': '/home/theo/drift/ros2_ws/src/lbr-stack/src/lbr_iiwa7_r800_description', 'symlink_install': True, 'test_result_base': None}
[0.085s] Level 5:colcon.colcon_core.verb:set package 'lbr_med14_r820_description' build argument 'cmake_args' from command line to 'None'
[0.085s] Level 5:colcon.colcon_core.verb:set package 'lbr_med14_r820_description' build argument 'cmake_target' from command line to 'None'
[0.085s] Level 5:colcon.colcon_core.verb:set package 'lbr_med14_r820_description' build argument 'cmake_target_skip_unavailable' from command line to 'False'
[0.085s] Level 5:colcon.colcon_core.verb:set package 'lbr_med14_r820_description' build argument 'cmake_clean_cache' from command line to 'False'
[0.085s] Level 5:colcon.colcon_core.verb:set package 'lbr_med14_r820_description' build argument 'cmake_clean_first' from command line to 'False'
[0.085s] Level 5:colcon.colcon_core.verb:set package 'lbr_med14_r820_description' build argument 'cmake_force_configure' from command line to 'False'
[0.085s] Level 5:colcon.colcon_core.verb:set package 'lbr_med14_r820_description' build argument 'ament_cmake_args' from command line to 'None'
[0.085s] Level 5:colcon.colcon_core.verb:set package 'lbr_med14_r820_description' build argument 'catkin_cmake_args' from command line to 'None'
[0.085s] Level 5:colcon.colcon_core.verb:set package 'lbr_med14_r820_description' build argument 'catkin_skip_building_tests' from command line to 'False'
[0.085s] DEBUG:colcon.colcon_core.verb:Building package 'lbr_med14_r820_description' with the following arguments: {'ament_cmake_args': None, 'build_base': '/home/theo/drift/ros2_ws/src/lbr-stack/build/lbr_med14_r820_description', 'catkin_cmake_args': None, 'catkin_skip_building_tests': False, 'cmake_args': None, 'cmake_clean_cache': False, 'cmake_clean_first': False, 'cmake_force_configure': False, 'cmake_target': None, 'cmake_target_skip_unavailable': False, 'install_base': '/home/theo/drift/ros2_ws/src/lbr-stack/install/lbr_med14_r820_description', 'merge_install': False, 'path': '/home/theo/drift/ros2_ws/src/lbr-stack/src/lbr_med14_r820_description', 'symlink_install': True, 'test_result_base': None}
[0.085s] Level 5:colcon.colcon_core.verb:set package 'lbr_med7_r800_description' build argument 'cmake_args' from command line to 'None'
[0.085s] Level 5:colcon.colcon_core.verb:set package 'lbr_med7_r800_description' build argument 'cmake_target' from command line to 'None'
[0.085s] Level 5:colcon.colcon_core.verb:set package 'lbr_med7_r800_description' build argument 'cmake_target_skip_unavailable' from command line to 'False'
[0.085s] Level 5:colcon.colcon_core.verb:set package 'lbr_med7_r800_description' build argument 'cmake_clean_cache' from command line to 'False'
[0.085s] Level 5:colcon.colcon_core.verb:set package 'lbr_med7_r800_description' build argument 'cmake_clean_first' from command line to 'False'
[0.085s] Level 5:colcon.colcon_core.verb:set package 'lbr_med7_r800_description' build argument 'cmake_force_configure' from command line to 'False'
[0.085s] Level 5:colcon.colcon_core.verb:set package 'lbr_med7_r800_description' build argument 'ament_cmake_args' from command line to 'None'
[0.085s] Level 5:colcon.colcon_core.verb:set package 'lbr_med7_r800_description' build argument 'catkin_cmake_args' from command line to 'None'
[0.085s] Level 5:colcon.colcon_core.verb:set package 'lbr_med7_r800_description' build argument 'catkin_skip_building_tests' from command line to 'False'
[0.085s] DEBUG:colcon.colcon_core.verb:Building package 'lbr_med7_r800_description' with the following arguments: {'ament_cmake_args': None, 'build_base': '/home/theo/drift/ros2_ws/src/lbr-stack/build/lbr_med7_r800_description', 'catkin_cmake_args': None, 'catkin_skip_building_tests': False, 'cmake_args': None, 'cmake_clean_cache': False, 'cmake_clean_first': False, 'cmake_force_configure': False, 'cmake_target': None, 'cmake_target_skip_unavailable': False, 'install_base': '/home/theo/drift/ros2_ws/src/lbr-stack/install/lbr_med7_r800_description', 'merge_install': False, 'path': '/home/theo/drift/ros2_ws/src/lbr-stack/src/lbr_med7_r800_description', 'symlink_install': True, 'test_result_base': None}
[0.085s] Level 5:colcon.colcon_core.verb:set package 'lbr_moveit' build argument 'cmake_args' from command line to 'None'
[0.085s] Level 5:colcon.colcon_core.verb:set package 'lbr_moveit' build argument 'cmake_target' from command line to 'None'
[0.085s] Level 5:colcon.colcon_core.verb:set package 'lbr_moveit' build argument 'cmake_target_skip_unavailable' from command line to 'False'
[0.085s] Level 5:colcon.colcon_core.verb:set package 'lbr_moveit' build argument 'cmake_clean_cache' from command line to 'False'
[0.085s] Level 5:colcon.colcon_core.verb:set package 'lbr_moveit' build argument 'cmake_clean_first' from command line to 'False'
[0.085s] Level 5:colcon.colcon_core.verb:set package 'lbr_moveit' build argument 'cmake_force_configure' from command line to 'False'
[0.085s] Level 5:colcon.colcon_core.verb:set package 'lbr_moveit' build argument 'ament_cmake_args' from command line to 'None'
[0.086s] Level 5:colcon.colcon_core.verb:set package 'lbr_moveit' build argument 'catkin_cmake_args' from command line to 'None'
[0.086s] Level 5:colcon.colcon_core.verb:set package 'lbr_moveit' build argument 'catkin_skip_building_tests' from command line to 'False'
[0.086s] DEBUG:colcon.colcon_core.verb:Building package 'lbr_moveit' with the following arguments: {'ament_cmake_args': None, 'build_base': '/home/theo/drift/ros2_ws/src/lbr-stack/build/lbr_moveit', 'catkin_cmake_args': None, 'catkin_skip_building_tests': False, 'cmake_args': None, 'cmake_clean_cache': False, 'cmake_clean_first': False, 'cmake_force_configure': False, 'cmake_target': None, 'cmake_target_skip_unavailable': False, 'install_base': '/home/theo/drift/ros2_ws/src/lbr-stack/install/lbr_moveit', 'merge_install': False, 'path': '/home/theo/drift/ros2_ws/src/lbr-stack/src/lbr_fri_ros2_stack/lbr_demos/lbr_moveit', 'symlink_install': True, 'test_result_base': None}
[0.086s] Level 5:colcon.colcon_core.verb:set package 'lbr_moveit_cpp' build argument 'cmake_args' from command line to 'None'
[0.086s] Level 5:colcon.colcon_core.verb:set package 'lbr_moveit_cpp' build argument 'cmake_target' from command line to 'None'
[0.086s] Level 5:colcon.colcon_core.verb:set package 'lbr_moveit_cpp' build argument 'cmake_target_skip_unavailable' from command line to 'False'
[0.086s] Level 5:colcon.colcon_core.verb:set package 'lbr_moveit_cpp' build argument 'cmake_clean_cache' from command line to 'False'
[0.086s] Level 5:colcon.colcon_core.verb:set package 'lbr_moveit_cpp' build argument 'cmake_clean_first' from command line to 'False'
[0.086s] Level 5:colcon.colcon_core.verb:set package 'lbr_moveit_cpp' build argument 'cmake_force_configure' from command line to 'False'
[0.086s] Level 5:colcon.colcon_core.verb:set package 'lbr_moveit_cpp' build argument 'ament_cmake_args' from command line to 'None'
[0.086s] Level 5:colcon.colcon_core.verb:set package 'lbr_moveit_cpp' build argument 'catkin_cmake_args' from command line to 'None'
[0.086s] Level 5:colcon.colcon_core.verb:set package 'lbr_moveit_cpp' build argument 'catkin_skip_building_tests' from command line to 'False'
[0.086s] DEBUG:colcon.colcon_core.verb:Building package 'lbr_moveit_cpp' with the following arguments: {'ament_cmake_args': None, 'build_base': '/home/theo/drift/ros2_ws/src/lbr-stack/build/lbr_moveit_cpp', 'catkin_cmake_args': None, 'catkin_skip_building_tests': False, 'cmake_args': None, 'cmake_clean_cache': False, 'cmake_clean_first': False, 'cmake_force_configure': False, 'cmake_target': None, 'cmake_target_skip_unavailable': False, 'install_base': '/home/theo/drift/ros2_ws/src/lbr-stack/install/lbr_moveit_cpp', 'merge_install': False, 'path': '/home/theo/drift/ros2_ws/src/lbr-stack/src/lbr_fri_ros2_stack/lbr_demos/lbr_moveit_cpp', 'symlink_install': True, 'test_result_base': None}
[0.086s] Level 5:colcon.colcon_core.verb:set package 'iiwa14_moveit_config' build argument 'cmake_args' from command line to 'None'
[0.086s] Level 5:colcon.colcon_core.verb:set package 'iiwa14_moveit_config' build argument 'cmake_target' from command line to 'None'
[0.086s] Level 5:colcon.colcon_core.verb:set package 'iiwa14_moveit_config' build argument 'cmake_target_skip_unavailable' from command line to 'False'
[0.086s] Level 5:colcon.colcon_core.verb:set package 'iiwa14_moveit_config' build argument 'cmake_clean_cache' from command line to 'False'
[0.086s] Level 5:colcon.colcon_core.verb:set package 'iiwa14_moveit_config' build argument 'cmake_clean_first' from command line to 'False'
[0.086s] Level 5:colcon.colcon_core.verb:set package 'iiwa14_moveit_config' build argument 'cmake_force_configure' from command line to 'False'
[0.086s] Level 5:colcon.colcon_core.verb:set package 'iiwa14_moveit_config' build argument 'ament_cmake_args' from command line to 'None'
[0.086s] Level 5:colcon.colcon_core.verb:set package 'iiwa14_moveit_config' build argument 'catkin_cmake_args' from command line to 'None'
[0.086s] Level 5:colcon.colcon_core.verb:set package 'iiwa14_moveit_config' build argument 'catkin_skip_building_tests' from command line to 'False'
[0.086s] DEBUG:colcon.colcon_core.verb:Building package 'iiwa14_moveit_config' with the following arguments: {'ament_cmake_args': None, 'build_base': '/home/theo/drift/ros2_ws/src/lbr-stack/build/iiwa14_moveit_config', 'catkin_cmake_args': None, 'catkin_skip_building_tests': False, 'cmake_args': None, 'cmake_clean_cache': False, 'cmake_clean_first': False, 'cmake_force_configure': False, 'cmake_target': None, 'cmake_target_skip_unavailable': False, 'install_base': '/home/theo/drift/ros2_ws/src/lbr-stack/install/iiwa14_moveit_config', 'merge_install': False, 'path': '/home/theo/drift/ros2_ws/src/lbr-stack/src/lbr_fri_ros2_stack/lbr_moveit_config/iiwa14_moveit_config', 'symlink_install': True, 'test_result_base': None}
[0.086s] Level 5:colcon.colcon_core.verb:set package 'iiwa7_moveit_config' build argument 'cmake_args' from command line to 'None'
[0.086s] Level 5:colcon.colcon_core.verb:set package 'iiwa7_moveit_config' build argument 'cmake_target' from command line to 'None'
[0.086s] Level 5:colcon.colcon_core.verb:set package 'iiwa7_moveit_config' build argument 'cmake_target_skip_unavailable' from command line to 'False'
[0.086s] Level 5:colcon.colcon_core.verb:set package 'iiwa7_moveit_config' build argument 'cmake_clean_cache' from command line to 'False'
[0.086s] Level 5:colcon.colcon_core.verb:set package 'iiwa7_moveit_config' build argument 'cmake_clean_first' from command line to 'False'
[0.086s] Level 5:colcon.colcon_core.verb:set package 'iiwa7_moveit_config' build argument 'cmake_force_configure' from command line to 'False'
[0.086s] Level 5:colcon.colcon_core.verb:set package 'iiwa7_moveit_config' build argument 'ament_cmake_args' from command line to 'None'
[0.086s] Level 5:colcon.colcon_core.verb:set package 'iiwa7_moveit_config' build argument 'catkin_cmake_args' from command line to 'None'
[0.086s] Level 5:colcon.colcon_core.verb:set package 'iiwa7_moveit_config' build argument 'catkin_skip_building_tests' from command line to 'False'
[0.086s] DEBUG:colcon.colcon_core.verb:Building package 'iiwa7_moveit_config' with the following arguments: {'ament_cmake_args': None, 'build_base': '/home/theo/drift/ros2_ws/src/lbr-stack/build/iiwa7_moveit_config', 'catkin_cmake_args': None, 'catkin_skip_building_tests': False, 'cmake_args': None, 'cmake_clean_cache': False, 'cmake_clean_first': False, 'cmake_force_configure': False, 'cmake_target': None, 'cmake_target_skip_unavailable': False, 'install_base': '/home/theo/drift/ros2_ws/src/lbr-stack/install/iiwa7_moveit_config', 'merge_install': False, 'path': '/home/theo/drift/ros2_ws/src/lbr-stack/src/lbr_fri_ros2_stack/lbr_moveit_config/iiwa7_moveit_config', 'symlink_install': True, 'test_result_base': None}
[0.086s] Level 5:colcon.colcon_core.verb:set package 'lbr_dual_arm_moveit_config' build argument 'cmake_args' from command line to 'None'
[0.086s] Level 5:colcon.colcon_core.verb:set package 'lbr_dual_arm_moveit_config' build argument 'cmake_target' from command line to 'None'
[0.086s] Level 5:colcon.colcon_core.verb:set package 'lbr_dual_arm_moveit_config' build argument 'cmake_target_skip_unavailable' from command line to 'False'
[0.086s] Level 5:colcon.colcon_core.verb:set package 'lbr_dual_arm_moveit_config' build argument 'cmake_clean_cache' from command line to 'False'
[0.086s] Level 5:colcon.colcon_core.verb:set package 'lbr_dual_arm_moveit_config' build argument 'cmake_clean_first' from command line to 'False'
[0.086s] Level 5:colcon.colcon_core.verb:set package 'lbr_dual_arm_moveit_config' build argument 'cmake_force_configure' from command line to 'False'
[0.086s] Level 5:colcon.colcon_core.verb:set package 'lbr_dual_arm_moveit_config' build argument 'ament_cmake_args' from command line to 'None'
[0.086s] Level 5:colcon.colcon_core.verb:set package 'lbr_dual_arm_moveit_config' build argument 'catkin_cmake_args' from command line to 'None'
[0.086s] Level 5:colcon.colcon_core.verb:set package 'lbr_dual_arm_moveit_config' build argument 'catkin_skip_building_tests' from command line to 'False'
[0.086s] DEBUG:colcon.colcon_core.verb:Building package 'lbr_dual_arm_moveit_config' with the following arguments: {'ament_cmake_args': None, 'build_base': '/home/theo/drift/ros2_ws/src/lbr-stack/build/lbr_dual_arm_moveit_config', 'catkin_cmake_args': None, 'catkin_skip_building_tests': False, 'cmake_args': None, 'cmake_clean_cache': False, 'cmake_clean_first': False, 'cmake_force_configure': False, 'cmake_target': None, 'cmake_target_skip_unavailable': False, 'install_base': '/home/theo/drift/ros2_ws/src/lbr-stack/install/lbr_dual_arm_moveit_config', 'merge_install': False, 'path': '/home/theo/drift/ros2_ws/src/lbr-stack/src/lbr_fri_ros2_stack/lbr_demos/lbr_dual_arm/lbr_dual_arm_moveit_config', 'symlink_install': True, 'test_result_base': None}
[0.086s] Level 5:colcon.colcon_core.verb:set package 'lbr_fri_idl' build argument 'cmake_args' from command line to 'None'
[0.086s] Level 5:colcon.colcon_core.verb:set package 'lbr_fri_idl' build argument 'cmake_target' from command line to 'None'
[0.086s] Level 5:colcon.colcon_core.verb:set package 'lbr_fri_idl' build argument 'cmake_target_skip_unavailable' from command line to 'False'
[0.086s] Level 5:colcon.colcon_core.verb:set package 'lbr_fri_idl' build argument 'cmake_clean_cache' from command line to 'False'
[0.086s] Level 5:colcon.colcon_core.verb:set package 'lbr_fri_idl' build argument 'cmake_clean_first' from command line to 'False'
[0.086s] Level 5:colcon.colcon_core.verb:set package 'lbr_fri_idl' build argument 'cmake_force_configure' from command line to 'False'
[0.086s] Level 5:colcon.colcon_core.verb:set package 'lbr_fri_idl' build argument 'ament_cmake_args' from command line to 'None'
[0.086s] Level 5:colcon.colcon_core.verb:set package 'lbr_fri_idl' build argument 'catkin_cmake_args' from command line to 'None'
[0.086s] Level 5:colcon.colcon_core.verb:set package 'lbr_fri_idl' build argument 'catkin_skip_building_tests' from command line to 'False'
[0.086s] DEBUG:colcon.colcon_core.verb:Building package 'lbr_fri_idl' with the following arguments: {'ament_cmake_args': None, 'build_base': '/home/theo/drift/ros2_ws/src/lbr-stack/build/lbr_fri_idl', 'catkin_cmake_args': None, 'catkin_skip_building_tests': False, 'cmake_args': None, 'cmake_clean_cache': False, 'cmake_clean_first': False, 'cmake_force_configure': False, 'cmake_target': None, 'cmake_target_skip_unavailable': False, 'install_base': '/home/theo/drift/ros2_ws/src/lbr-stack/install/lbr_fri_idl', 'merge_install': False, 'path': '/home/theo/drift/ros2_ws/src/lbr-stack/src/lbr_fri_idl', 'symlink_install': True, 'test_result_base': None}
[0.086s] Level 5:colcon.colcon_core.verb:set package 'med14_moveit_config' build argument 'cmake_args' from command line to 'None'
[0.086s] Level 5:colcon.colcon_core.verb:set package 'med14_moveit_config' build argument 'cmake_target' from command line to 'None'
[0.086s] Level 5:colcon.colcon_core.verb:set package 'med14_moveit_config' build argument 'cmake_target_skip_unavailable' from command line to 'False'
[0.086s] Level 5:colcon.colcon_core.verb:set package 'med14_moveit_config' build argument 'cmake_clean_cache' from command line to 'False'
[0.086s] Level 5:colcon.colcon_core.verb:set package 'med14_moveit_config' build argument 'cmake_clean_first' from command line to 'False'
[0.086s] Level 5:colcon.colcon_core.verb:set package 'med14_moveit_config' build argument 'cmake_force_configure' from command line to 'False'
[0.086s] Level 5:colcon.colcon_core.verb:set package 'med14_moveit_config' build argument 'ament_cmake_args' from command line to 'None'
[0.086s] Level 5:colcon.colcon_core.verb:set package 'med14_moveit_config' build argument 'catkin_cmake_args' from command line to 'None'
[0.086s] Level 5:colcon.colcon_core.verb:set package 'med14_moveit_config' build argument 'catkin_skip_building_tests' from command line to 'False'
[0.086s] DEBUG:colcon.colcon_core.verb:Building package 'med14_moveit_config' with the following arguments: {'ament_cmake_args': None, 'build_base': '/home/theo/drift/ros2_ws/src/lbr-stack/build/med14_moveit_config', 'catkin_cmake_args': None, 'catkin_skip_building_tests': False, 'cmake_args': None, 'cmake_clean_cache': False, 'cmake_clean_first': False, 'cmake_force_configure': False, 'cmake_target': None, 'cmake_target_skip_unavailable': False, 'install_base': '/home/theo/drift/ros2_ws/src/lbr-stack/install/med14_moveit_config', 'merge_install': False, 'path': '/home/theo/drift/ros2_ws/src/lbr-stack/src/lbr_fri_ros2_stack/lbr_moveit_config/med14_moveit_config', 'symlink_install': True, 'test_result_base': None}
[0.086s] Level 5:colcon.colcon_core.verb:set package 'med7_moveit_config' build argument 'cmake_args' from command line to 'None'
[0.086s] Level 5:colcon.colcon_core.verb:set package 'med7_moveit_config' build argument 'cmake_target' from command line to 'None'
[0.086s] Level 5:colcon.colcon_core.verb:set package 'med7_moveit_config' build argument 'cmake_target_skip_unavailable' from command line to 'False'
[0.086s] Level 5:colcon.colcon_core.verb:set package 'med7_moveit_config' build argument 'cmake_clean_cache' from command line to 'False'
[0.086s] Level 5:colcon.colcon_core.verb:set package 'med7_moveit_config' build argument 'cmake_clean_first' from command line to 'False'
[0.086s] Level 5:colcon.colcon_core.verb:set package 'med7_moveit_config' build argument 'cmake_force_configure' from command line to 'False'
[0.086s] Level 5:colcon.colcon_core.verb:set package 'med7_moveit_config' build argument 'ament_cmake_args' from command line to 'None'
[0.086s] Level 5:colcon.colcon_core.verb:set package 'med7_moveit_config' build argument 'catkin_cmake_args' from command line to 'None'
[0.086s] Level 5:colcon.colcon_core.verb:set package 'med7_moveit_config' build argument 'catkin_skip_building_tests' from command line to 'False'
[0.086s] DEBUG:colcon.colcon_core.verb:Building package 'med7_moveit_config' with the following arguments: {'ament_cmake_args': None, 'build_base': '/home/theo/drift/ros2_ws/src/lbr-stack/build/med7_moveit_config', 'catkin_cmake_args': None, 'catkin_skip_building_tests': False, 'cmake_args': None, 'cmake_clean_cache': False, 'cmake_clean_first': False, 'cmake_force_configure': False, 'cmake_target': None, 'cmake_target_skip_unavailable': False, 'install_base': '/home/theo/drift/ros2_ws/src/lbr-stack/install/med7_moveit_config', 'merge_install': False, 'path': '/home/theo/drift/ros2_ws/src/lbr-stack/src/lbr_fri_ros2_stack/lbr_moveit_config/med7_moveit_config', 'symlink_install': True, 'test_result_base': None}
[0.086s] Level 5:colcon.colcon_core.verb:set package 'lbr_fri_ros2' build argument 'cmake_args' from command line to 'None'
[0.086s] Level 5:colcon.colcon_core.verb:set package 'lbr_fri_ros2' build argument 'cmake_target' from command line to 'None'
[0.086s] Level 5:colcon.colcon_core.verb:set package 'lbr_fri_ros2' build argument 'cmake_target_skip_unavailable' from command line to 'False'
[0.086s] Level 5:colcon.colcon_core.verb:set package 'lbr_fri_ros2' build argument 'cmake_clean_cache' from command line to 'False'
[0.086s] Level 5:colcon.colcon_core.verb:set package 'lbr_fri_ros2' build argument 'cmake_clean_first' from command line to 'False'
[0.086s] Level 5:colcon.colcon_core.verb:set package 'lbr_fri_ros2' build argument 'cmake_force_configure' from command line to 'False'
[0.086s] Level 5:colcon.colcon_core.verb:set package 'lbr_fri_ros2' build argument 'ament_cmake_args' from command line to 'None'
[0.086s] Level 5:colcon.colcon_core.verb:set package 'lbr_fri_ros2' build argument 'catkin_cmake_args' from command line to 'None'
[0.086s] Level 5:colcon.colcon_core.verb:set package 'lbr_fri_ros2' build argument 'catkin_skip_building_tests' from command line to 'False'
[0.086s] DEBUG:colcon.colcon_core.verb:Building package 'lbr_fri_ros2' with the following arguments: {'ament_cmake_args': None, 'build_base': '/home/theo/drift/ros2_ws/src/lbr-stack/build/lbr_fri_ros2', 'catkin_cmake_args': None, 'catkin_skip_building_tests': False, 'cmake_args': None, 'cmake_clean_cache': False, 'cmake_clean_first': False, 'cmake_force_configure': False, 'cmake_target': None, 'cmake_target_skip_unavailable': False, 'install_base': '/home/theo/drift/ros2_ws/src/lbr-stack/install/lbr_fri_ros2', 'merge_install': False, 'path': '/home/theo/drift/ros2_ws/src/lbr-stack/src/lbr_fri_ros2_stack/lbr_fri_ros2', 'symlink_install': True, 'test_result_base': None}
[0.086s] Level 5:colcon.colcon_core.verb:set package 'lbr_demos_advanced_cpp' build argument 'cmake_args' from command line to 'None'
[0.086s] Level 5:colcon.colcon_core.verb:set package 'lbr_demos_advanced_cpp' build argument 'cmake_target' from command line to 'None'
[0.086s] Level 5:colcon.colcon_core.verb:set package 'lbr_demos_advanced_cpp' build argument 'cmake_target_skip_unavailable' from command line to 'False'
[0.086s] Level 5:colcon.colcon_core.verb:set package 'lbr_demos_advanced_cpp' build argument 'cmake_clean_cache' from command line to 'False'
[0.086s] Level 5:colcon.colcon_core.verb:set package 'lbr_demos_advanced_cpp' build argument 'cmake_clean_first' from command line to 'False'
[0.087s] Level 5:colcon.colcon_core.verb:set package 'lbr_demos_advanced_cpp' build argument 'cmake_force_configure' from command line to 'False'
[0.087s] Level 5:colcon.colcon_core.verb:set package 'lbr_demos_advanced_cpp' build argument 'ament_cmake_args' from command line to 'None'
[0.087s] Level 5:colcon.colcon_core.verb:set package 'lbr_demos_advanced_cpp' build argument 'catkin_cmake_args' from command line to 'None'
[0.087s] Level 5:colcon.colcon_core.verb:set package 'lbr_demos_advanced_cpp' build argument 'catkin_skip_building_tests' from command line to 'False'
[0.087s] DEBUG:colcon.colcon_core.verb:Building package 'lbr_demos_advanced_cpp' with the following arguments: {'ament_cmake_args': None, 'build_base': '/home/theo/drift/ros2_ws/src/lbr-stack/build/lbr_demos_advanced_cpp', 'catkin_cmake_args': None, 'catkin_skip_building_tests': False, 'cmake_args': None, 'cmake_clean_cache': False, 'cmake_clean_first': False, 'cmake_force_configure': False, 'cmake_target': None, 'cmake_target_skip_unavailable': False, 'install_base': '/home/theo/drift/ros2_ws/src/lbr-stack/install/lbr_demos_advanced_cpp', 'merge_install': False, 'path': '/home/theo/drift/ros2_ws/src/lbr-stack/src/lbr_fri_ros2_stack/lbr_demos/lbr_demos_advanced_cpp', 'symlink_install': True, 'test_result_base': None}
[0.087s] Level 5:colcon.colcon_core.verb:set package 'lbr_demos_advanced_py' build argument 'cmake_args' from command line to 'None'
[0.087s] Level 5:colcon.colcon_core.verb:set package 'lbr_demos_advanced_py' build argument 'cmake_target' from command line to 'None'
[0.087s] Level 5:colcon.colcon_core.verb:set package 'lbr_demos_advanced_py' build argument 'cmake_target_skip_unavailable' from command line to 'False'
[0.087s] Level 5:colcon.colcon_core.verb:set package 'lbr_demos_advanced_py' build argument 'cmake_clean_cache' from command line to 'False'
[0.087s] Level 5:colcon.colcon_core.verb:set package 'lbr_demos_advanced_py' build argument 'cmake_clean_first' from command line to 'False'
[0.087s] Level 5:colcon.colcon_core.verb:set package 'lbr_demos_advanced_py' build argument 'cmake_force_configure' from command line to 'False'
[0.087s] Level 5:colcon.colcon_core.verb:set package 'lbr_demos_advanced_py' build argument 'ament_cmake_args' from command line to 'None'
[0.087s] Level 5:colcon.colcon_core.verb:set package 'lbr_demos_advanced_py' build argument 'catkin_cmake_args' from command line to 'None'
[0.087s] Level 5:colcon.colcon_core.verb:set package 'lbr_demos_advanced_py' build argument 'catkin_skip_building_tests' from command line to 'False'
[0.087s] DEBUG:colcon.colcon_core.verb:Building package 'lbr_demos_advanced_py' with the following arguments: {'ament_cmake_args': None, 'build_base': '/home/theo/drift/ros2_ws/src/lbr-stack/build/lbr_demos_advanced_py', 'catkin_cmake_args': None, 'catkin_skip_building_tests': False, 'cmake_args': None, 'cmake_clean_cache': False, 'cmake_clean_first': False, 'cmake_force_configure': False, 'cmake_target': None, 'cmake_target_skip_unavailable': False, 'install_base': '/home/theo/drift/ros2_ws/src/lbr-stack/install/lbr_demos_advanced_py', 'merge_install': False, 'path': '/home/theo/drift/ros2_ws/src/lbr-stack/src/lbr_fri_ros2_stack/lbr_demos/lbr_demos_advanced_py', 'symlink_install': True, 'test_result_base': None}
[0.087s] Level 5:colcon.colcon_core.verb:set package 'lbr_ros2_control' build argument 'cmake_args' from command line to 'None'
[0.087s] Level 5:colcon.colcon_core.verb:set package 'lbr_ros2_control' build argument 'cmake_target' from command line to 'None'
[0.087s] Level 5:colcon.colcon_core.verb:set package 'lbr_ros2_control' build argument 'cmake_target_skip_unavailable' from command line to 'False'
[0.087s] Level 5:colcon.colcon_core.verb:set package 'lbr_ros2_control' build argument 'cmake_clean_cache' from command line to 'False'
[0.087s] Level 5:colcon.colcon_core.verb:set package 'lbr_ros2_control' build argument 'cmake_clean_first' from command line to 'False'
[0.087s] Level 5:colcon.colcon_core.verb:set package 'lbr_ros2_control' build argument 'cmake_force_configure' from command line to 'False'
[0.087s] Level 5:colcon.colcon_core.verb:set package 'lbr_ros2_control' build argument 'ament_cmake_args' from command line to 'None'
[0.087s] Level 5:colcon.colcon_core.verb:set package 'lbr_ros2_control' build argument 'catkin_cmake_args' from command line to 'None'
[0.087s] Level 5:colcon.colcon_core.verb:set package 'lbr_ros2_control' build argument 'catkin_skip_building_tests' from command line to 'False'
[0.087s] DEBUG:colcon.colcon_core.verb:Building package 'lbr_ros2_control' with the following arguments: {'ament_cmake_args': None, 'build_base': '/home/theo/drift/ros2_ws/src/lbr-stack/build/lbr_ros2_control', 'catkin_cmake_args': None, 'catkin_skip_building_tests': False, 'cmake_args': None, 'cmake_clean_cache': False, 'cmake_clean_first': False, 'cmake_force_configure': False, 'cmake_target': None, 'cmake_target_skip_unavailable': False, 'install_base': '/home/theo/drift/ros2_ws/src/lbr-stack/install/lbr_ros2_control', 'merge_install': False, 'path': '/home/theo/drift/ros2_ws/src/lbr-stack/src/lbr_fri_ros2_stack/lbr_ros2_control', 'symlink_install': True, 'test_result_base': None}
[0.087s] Level 5:colcon.colcon_core.verb:set package 'lbr_bringup' build argument 'cmake_args' from command line to 'None'
[0.087s] Level 5:colcon.colcon_core.verb:set package 'lbr_bringup' build argument 'cmake_target' from command line to 'None'
[0.087s] Level 5:colcon.colcon_core.verb:set package 'lbr_bringup' build argument 'cmake_target_skip_unavailable' from command line to 'False'
[0.087s] Level 5:colcon.colcon_core.verb:set package 'lbr_bringup' build argument 'cmake_clean_cache' from command line to 'False'
[0.087s] Level 5:colcon.colcon_core.verb:set package 'lbr_bringup' build argument 'cmake_clean_first' from command line to 'False'
[0.087s] Level 5:colcon.colcon_core.verb:set package 'lbr_bringup' build argument 'cmake_force_configure' from command line to 'False'
[0.087s] Level 5:colcon.colcon_core.verb:set package 'lbr_bringup' build argument 'ament_cmake_args' from command line to 'None'
[0.087s] Level 5:colcon.colcon_core.verb:set package 'lbr_bringup' build argument 'catkin_cmake_args' from command line to 'None'
[0.087s] Level 5:colcon.colcon_core.verb:set package 'lbr_bringup' build argument 'catkin_skip_building_tests' from command line to 'False'
[0.087s] DEBUG:colcon.colcon_core.verb:Building package 'lbr_bringup' with the following arguments: {'ament_cmake_args': None, 'build_base': '/home/theo/drift/ros2_ws/src/lbr-stack/build/lbr_bringup', 'catkin_cmake_args': None, 'catkin_skip_building_tests': False, 'cmake_args': None, 'cmake_clean_cache': False, 'cmake_clean_first': False, 'cmake_force_configure': False, 'cmake_target': None, 'cmake_target_skip_unavailable': False, 'install_base': '/home/theo/drift/ros2_ws/src/lbr-stack/install/lbr_bringup', 'merge_install': False, 'path': '/home/theo/drift/ros2_ws/src/lbr-stack/src/lbr_fri_ros2_stack/lbr_bringup', 'symlink_install': True, 'test_result_base': None}
[0.087s] Level 5:colcon.colcon_core.verb:set package 'lbr_dual_arm' build argument 'cmake_args' from command line to 'None'
[0.087s] Level 5:colcon.colcon_core.verb:set package 'lbr_dual_arm' build argument 'cmake_target' from command line to 'None'
[0.087s] Level 5:colcon.colcon_core.verb:set package 'lbr_dual_arm' build argument 'cmake_target_skip_unavailable' from command line to 'False'
[0.087s] Level 5:colcon.colcon_core.verb:set package 'lbr_dual_arm' build argument 'cmake_clean_cache' from command line to 'False'
[0.087s] Level 5:colcon.colcon_core.verb:set package 'lbr_dual_arm' build argument 'cmake_clean_first' from command line to 'False'
[0.087s] Level 5:colcon.colcon_core.verb:set package 'lbr_dual_arm' build argument 'cmake_force_configure' from command line to 'False'
[0.087s] Level 5:colcon.colcon_core.verb:set package 'lbr_dual_arm' build argument 'ament_cmake_args' from command line to 'None'
[0.087s] Level 5:colcon.colcon_core.verb:set package 'lbr_dual_arm' build argument 'catkin_cmake_args' from command line to 'None'
[0.087s] Level 5:colcon.colcon_core.verb:set package 'lbr_dual_arm' build argument 'catkin_skip_building_tests' from command line to 'False'
[0.087s] DEBUG:colcon.colcon_core.verb:Building package 'lbr_dual_arm' with the following arguments: {'ament_cmake_args': None, 'build_base': '/home/theo/drift/ros2_ws/src/lbr-stack/build/lbr_dual_arm', 'catkin_cmake_args': None, 'catkin_skip_building_tests': False, 'cmake_args': None, 'cmake_clean_cache': False, 'cmake_clean_first': False, 'cmake_force_configure': False, 'cmake_target': None, 'cmake_target_skip_unavailable': False, 'install_base': '/home/theo/drift/ros2_ws/src/lbr-stack/install/lbr_dual_arm', 'merge_install': False, 'path': '/home/theo/drift/ros2_ws/src/lbr-stack/src/lbr_fri_ros2_stack/lbr_demos/lbr_dual_arm/lbr_dual_arm', 'symlink_install': True, 'test_result_base': None}
[0.087s] Level 5:colcon.colcon_core.verb:set package 'lbr_demos_cpp' build argument 'cmake_args' from command line to 'None'
[0.087s] Level 5:colcon.colcon_core.verb:set package 'lbr_demos_cpp' build argument 'cmake_target' from command line to 'None'
[0.087s] Level 5:colcon.colcon_core.verb:set package 'lbr_demos_cpp' build argument 'cmake_target_skip_unavailable' from command line to 'False'
[0.087s] Level 5:colcon.colcon_core.verb:set package 'lbr_demos_cpp' build argument 'cmake_clean_cache' from command line to 'False'
[0.087s] Level 5:colcon.colcon_core.verb:set package 'lbr_demos_cpp' build argument 'cmake_clean_first' from command line to 'False'
[0.087s] Level 5:colcon.colcon_core.verb:set package 'lbr_demos_cpp' build argument 'cmake_force_configure' from command line to 'False'
[0.087s] Level 5:colcon.colcon_core.verb:set package 'lbr_demos_cpp' build argument 'ament_cmake_args' from command line to 'None'
[0.087s] Level 5:colcon.colcon_core.verb:set package 'lbr_demos_cpp' build argument 'catkin_cmake_args' from command line to 'None'
[0.087s] Level 5:colcon.colcon_core.verb:set package 'lbr_demos_cpp' build argument 'catkin_skip_building_tests' from command line to 'False'
[0.087s] DEBUG:colcon.colcon_core.verb:Building package 'lbr_demos_cpp' with the following arguments: {'ament_cmake_args': None, 'build_base': '/home/theo/drift/ros2_ws/src/lbr-stack/build/lbr_demos_cpp', 'catkin_cmake_args': None, 'catkin_skip_building_tests': False, 'cmake_args': None, 'cmake_clean_cache': False, 'cmake_clean_first': False, 'cmake_force_configure': False, 'cmake_target': None, 'cmake_target_skip_unavailable': False, 'install_base': '/home/theo/drift/ros2_ws/src/lbr-stack/install/lbr_demos_cpp', 'merge_install': False, 'path': '/home/theo/drift/ros2_ws/src/lbr-stack/src/lbr_fri_ros2_stack/lbr_demos/lbr_demos_cpp', 'symlink_install': True, 'test_result_base': None}
[0.087s] Level 5:colcon.colcon_core.verb:set package 'lbr_demos_py' build argument 'cmake_args' from command line to 'None'
[0.087s] Level 5:colcon.colcon_core.verb:set package 'lbr_demos_py' build argument 'cmake_target' from command line to 'None'
[0.087s] Level 5:colcon.colcon_core.verb:set package 'lbr_demos_py' build argument 'cmake_target_skip_unavailable' from command line to 'False'
[0.087s] Level 5:colcon.colcon_core.verb:set package 'lbr_demos_py' build argument 'cmake_clean_cache' from command line to 'False'
[0.087s] Level 5:colcon.colcon_core.verb:set package 'lbr_demos_py' build argument 'cmake_clean_first' from command line to 'False'
[0.087s] Level 5:colcon.colcon_core.verb:set package 'lbr_demos_py' build argument 'cmake_force_configure' from command line to 'False'
[0.087s] Level 5:colcon.colcon_core.verb:set package 'lbr_demos_py' build argument 'ament_cmake_args' from command line to 'None'
[0.087s] Level 5:colcon.colcon_core.verb:set package 'lbr_demos_py' build argument 'catkin_cmake_args' from command line to 'None'
[0.087s] Level 5:colcon.colcon_core.verb:set package 'lbr_demos_py' build argument 'catkin_skip_building_tests' from command line to 'False'
[0.087s] DEBUG:colcon.colcon_core.verb:Building package 'lbr_demos_py' with the following arguments: {'ament_cmake_args': None, 'build_base': '/home/theo/drift/ros2_ws/src/lbr-stack/build/lbr_demos_py', 'catkin_cmake_args': None, 'catkin_skip_building_tests': False, 'cmake_args': None, 'cmake_clean_cache': False, 'cmake_clean_first': False, 'cmake_force_configure': False, 'cmake_target': None, 'cmake_target_skip_unavailable': False, 'install_base': '/home/theo/drift/ros2_ws/src/lbr-stack/install/lbr_demos_py', 'merge_install': False, 'path': '/home/theo/drift/ros2_ws/src/lbr-stack/src/lbr_fri_ros2_stack/lbr_demos/lbr_demos_py', 'symlink_install': True, 'test_result_base': None}
[0.087s] Level 5:colcon.colcon_core.verb:set package 'lbr_fri_ros2_stack' build argument 'cmake_args' from command line to 'None'
[0.087s] Level 5:colcon.colcon_core.verb:set package 'lbr_fri_ros2_stack' build argument 'cmake_target' from command line to 'None'
[0.087s] Level 5:colcon.colcon_core.verb:set package 'lbr_fri_ros2_stack' build argument 'cmake_target_skip_unavailable' from command line to 'False'
[0.087s] Level 5:colcon.colcon_core.verb:set package 'lbr_fri_ros2_stack' build argument 'cmake_clean_cache' from command line to 'False'
[0.087s] Level 5:colcon.colcon_core.verb:set package 'lbr_fri_ros2_stack' build argument 'cmake_clean_first' from command line to 'False'
[0.087s] Level 5:colcon.colcon_core.verb:set package 'lbr_fri_ros2_stack' build argument 'cmake_force_configure' from command line to 'False'
[0.087s] Level 5:colcon.colcon_core.verb:set package 'lbr_fri_ros2_stack' build argument 'ament_cmake_args' from command line to 'None'
[0.087s] Level 5:colcon.colcon_core.verb:set package 'lbr_fri_ros2_stack' build argument 'catkin_cmake_args' from command line to 'None'
[0.087s] Level 5:colcon.colcon_core.verb:set package 'lbr_fri_ros2_stack' build argument 'catkin_skip_building_tests' from command line to 'False'
[0.087s] DEBUG:colcon.colcon_core.verb:Building package 'lbr_fri_ros2_stack' with the following arguments: {'ament_cmake_args': None, 'build_base': '/home/theo/drift/ros2_ws/src/lbr-stack/build/lbr_fri_ros2_stack', 'catkin_cmake_args': None, 'catkin_skip_building_tests': False, 'cmake_args': None, 'cmake_clean_cache': False, 'cmake_clean_first': False, 'cmake_force_configure': False, 'cmake_target': None, 'cmake_target_skip_unavailable': False, 'install_base': '/home/theo/drift/ros2_ws/src/lbr-stack/install/lbr_fri_ros2_stack', 'merge_install': False, 'path': '/home/theo/drift/ros2_ws/src/lbr-stack/src/lbr_fri_ros2_stack/lbr_fri_ros2_stack', 'symlink_install': True, 'test_result_base': None}
[0.087s] INFO:colcon.colcon_core.executor:Executing jobs using 'parallel' executor
[0.088s] DEBUG:colcon.colcon_parallel_executor.executor.parallel:run_until_complete
[0.088s] INFO:colcon.colcon_ros.task.cmake.build:Building ROS package in '/home/theo/drift/ros2_ws/src/lbr-stack/src/fri' with build type 'cmake'
[0.088s] INFO:colcon.colcon_cmake.task.cmake.build:Building CMake package in '/home/theo/drift/ros2_ws/src/lbr-stack/src/fri'
[0.089s] INFO:colcon.colcon_core.plugin_system:Skipping extension 'colcon_core.shell.bat': Not used on non-Windows systems
[0.089s] DEBUG:colcon.colcon_core.shell:Skip shell extension 'dsv' for command environment
[0.091s] INFO:colcon.colcon_ros.task.ament_cmake.build:Building ROS package in '/home/theo/drift/ros2_ws/src/lbr-stack/src/lbr_iiwa7_r800_description' with build type 'ament_cmake'
[0.091s] INFO:colcon.colcon_cmake.task.cmake.build:Building CMake package in '/home/theo/drift/ros2_ws/src/lbr-stack/src/lbr_iiwa7_r800_description'
[0.091s] DEBUG:colcon.colcon_core.shell:Skip shell extension 'dsv' for command environment
[0.092s] INFO:colcon.colcon_ros.task.ament_cmake.build:Building ROS package in '/home/theo/drift/ros2_ws/src/lbr-stack/src/lbr_iiwa14_r820_description' with build type 'ament_cmake'
[0.092s] INFO:colcon.colcon_cmake.task.cmake.build:Building CMake package in '/home/theo/drift/ros2_ws/src/lbr-stack/src/lbr_iiwa14_r820_description'
[0.092s] DEBUG:colcon.colcon_core.shell:Skip shell extension 'dsv' for command environment
[0.094s] INFO:colcon.colcon_ros.task.ament_cmake.build:Building ROS package in '/home/theo/drift/ros2_ws/src/lbr-stack/src/lbr_med14_r820_description' with build type 'ament_cmake'
[0.094s] INFO:colcon.colcon_cmake.task.cmake.build:Building CMake package in '/home/theo/drift/ros2_ws/src/lbr-stack/src/lbr_med14_r820_description'
[0.094s] DEBUG:colcon.colcon_core.shell:Skip shell extension 'dsv' for command environment
[0.096s] DEBUG:colcon.colcon_core.event_handler.log_command:Invoking command in '/home/theo/drift/ros2_ws/src/lbr-stack/build/fri_client_sdk': CMAKE_PREFIX_PATH=${CMAKE_PREFIX_PATH}:/home/theo/drift/ros2_ws/install/my_package:/opt/ros/jazzy DEBUGINFOD_URLS=https://debuginfod.ubuntu.com /usr/bin/cmake /home/theo/drift/ros2_ws/src/lbr-stack/src/fri -DCMAKE_INSTALL_PREFIX=/home/theo/drift/ros2_ws/src/lbr-stack/install/fri_client_sdk
[0.098s] DEBUG:colcon.colcon_core.event_handler.log_command:Invoking command in '/home/theo/drift/ros2_ws/src/lbr-stack/build/lbr_iiwa7_r800_description': CMAKE_PREFIX_PATH=${CMAKE_PREFIX_PATH}:/home/theo/drift/ros2_ws/install/my_package:/opt/ros/jazzy DEBUGINFOD_URLS=https://debuginfod.ubuntu.com /usr/bin/cmake /home/theo/drift/ros2_ws/src/lbr-stack/src/lbr_iiwa7_r800_description -DAMENT_CMAKE_SYMLINK_INSTALL=1 -DCMAKE_INSTALL_PREFIX=/home/theo/drift/ros2_ws/src/lbr-stack/install/lbr_iiwa7_r800_description
[0.100s] DEBUG:colcon.colcon_core.event_handler.log_command:Invoking command in '/home/theo/drift/ros2_ws/src/lbr-stack/build/lbr_iiwa14_r820_description': CMAKE_PREFIX_PATH=${CMAKE_PREFIX_PATH}:/home/theo/drift/ros2_ws/install/my_package:/opt/ros/jazzy DEBUGINFOD_URLS=https://debuginfod.ubuntu.com /usr/bin/cmake /home/theo/drift/ros2_ws/src/lbr-stack/src/lbr_iiwa14_r820_description -DAMENT_CMAKE_SYMLINK_INSTALL=1 -DCMAKE_INSTALL_PREFIX=/home/theo/drift/ros2_ws/src/lbr-stack/install/lbr_iiwa14_r820_description
[0.103s] DEBUG:colcon.colcon_core.event_handler.log_command:Invoking command in '/home/theo/drift/ros2_ws/src/lbr-stack/build/lbr_med14_r820_description': CMAKE_PREFIX_PATH=${CMAKE_PREFIX_PATH}:/home/theo/drift/ros2_ws/install/my_package:/opt/ros/jazzy DEBUGINFOD_URLS=https://debuginfod.ubuntu.com /usr/bin/cmake /home/theo/drift/ros2_ws/src/lbr-stack/src/lbr_med14_r820_description -DAMENT_CMAKE_SYMLINK_INSTALL=1 -DCMAKE_INSTALL_PREFIX=/home/theo/drift/ros2_ws/src/lbr-stack/install/lbr_med14_r820_description
[0.378s] DEBUG:colcon.colcon_core.event_handler.log_command:Invoked command in '/home/theo/drift/ros2_ws/src/lbr-stack/build/fri_client_sdk' returned '0': CMAKE_PREFIX_PATH=${CMAKE_PREFIX_PATH}:/home/theo/drift/ros2_ws/install/my_package:/opt/ros/jazzy DEBUGINFOD_URLS=https://debuginfod.ubuntu.com /usr/bin/cmake /home/theo/drift/ros2_ws/src/lbr-stack/src/fri -DCMAKE_INSTALL_PREFIX=/home/theo/drift/ros2_ws/src/lbr-stack/install/fri_client_sdk
[0.378s] DEBUG:colcon.colcon_core.event_handler.log_command:Invoking command in '/home/theo/drift/ros2_ws/src/lbr-stack/build/fri_client_sdk': CMAKE_PREFIX_PATH=${CMAKE_PREFIX_PATH}:/home/theo/drift/ros2_ws/install/my_package:/opt/ros/jazzy DEBUGINFOD_URLS=https://debuginfod.ubuntu.com /usr/bin/cmake --build /home/theo/drift/ros2_ws/src/lbr-stack/build/fri_client_sdk -- -j4 -l4
[0.660s] DEBUG:colcon.colcon_core.event_handler.log_command:Invoked command in '/home/theo/drift/ros2_ws/src/lbr-stack/build/lbr_iiwa7_r800_description' returned '0': CMAKE_PREFIX_PATH=${CMAKE_PREFIX_PATH}:/home/theo/drift/ros2_ws/install/my_package:/opt/ros/jazzy DEBUGINFOD_URLS=https://debuginfod.ubuntu.com /usr/bin/cmake /home/theo/drift/ros2_ws/src/lbr-stack/src/lbr_iiwa7_r800_description -DAMENT_CMAKE_SYMLINK_INSTALL=1 -DCMAKE_INSTALL_PREFIX=/home/theo/drift/ros2_ws/src/lbr-stack/install/lbr_iiwa7_r800_description
[0.660s] DEBUG:colcon.colcon_core.event_handler.log_command:Invoking command in '/home/theo/drift/ros2_ws/src/lbr-stack/build/lbr_iiwa7_r800_description': CMAKE_PREFIX_PATH=${CMAKE_PREFIX_PATH}:/home/theo/drift/ros2_ws/install/my_package:/opt/ros/jazzy DEBUGINFOD_URLS=https://debuginfod.ubuntu.com /usr/bin/cmake --build /home/theo/drift/ros2_ws/src/lbr-stack/build/lbr_iiwa7_r800_description -- -j4 -l4
[0.694s] DEBUG:colcon.colcon_core.event_handler.log_command:Invoked command in '/home/theo/drift/ros2_ws/src/lbr-stack/build/lbr_iiwa14_r820_description' returned '0': CMAKE_PREFIX_PATH=${CMAKE_PREFIX_PATH}:/home/theo/drift/ros2_ws/install/my_package:/opt/ros/jazzy DEBUGINFOD_URLS=https://debuginfod.ubuntu.com /usr/bin/cmake /home/theo/drift/ros2_ws/src/lbr-stack/src/lbr_iiwa14_r820_description -DAMENT_CMAKE_SYMLINK_INSTALL=1 -DCMAKE_INSTALL_PREFIX=/home/theo/drift/ros2_ws/src/lbr-stack/install/lbr_iiwa14_r820_description
[0.694s] DEBUG:colcon.colcon_core.event_handler.log_command:Invoking command in '/home/theo/drift/ros2_ws/src/lbr-stack/build/lbr_iiwa14_r820_description': CMAKE_PREFIX_PATH=${CMAKE_PREFIX_PATH}:/home/theo/drift/ros2_ws/install/my_package:/opt/ros/jazzy DEBUGINFOD_URLS=https://debuginfod.ubuntu.com /usr/bin/cmake --build /home/theo/drift/ros2_ws/src/lbr-stack/build/lbr_iiwa14_r820_description -- -j4 -l4
[0.719s] DEBUG:colcon.colcon_core.event_handler.log_command:Invoked command in '/home/theo/drift/ros2_ws/src/lbr-stack/build/lbr_iiwa7_r800_description' returned '0': CMAKE_PREFIX_PATH=${CMAKE_PREFIX_PATH}:/home/theo/drift/ros2_ws/install/my_package:/opt/ros/jazzy DEBUGINFOD_URLS=https://debuginfod.ubuntu.com /usr/bin/cmake --build /home/theo/drift/ros2_ws/src/lbr-stack/build/lbr_iiwa7_r800_description -- -j4 -l4
[0.729s] DEBUG:colcon.colcon_core.event_handler.log_command:Invoking command in '/home/theo/drift/ros2_ws/src/lbr-stack/build/lbr_iiwa7_r800_description': CMAKE_PREFIX_PATH=${CMAKE_PREFIX_PATH}:/home/theo/drift/ros2_ws/install/my_package:/opt/ros/jazzy DEBUGINFOD_URLS=https://debuginfod.ubuntu.com /usr/bin/cmake --install /home/theo/drift/ros2_ws/src/lbr-stack/build/lbr_iiwa7_r800_description
[0.750s] DEBUG:colcon.colcon_core.event_handler.log_command:Invoked command in '/home/theo/drift/ros2_ws/src/lbr-stack/build/lbr_iiwa14_r820_description' returned '0': CMAKE_PREFIX_PATH=${CMAKE_PREFIX_PATH}:/home/theo/drift/ros2_ws/install/my_package:/opt/ros/jazzy DEBUGINFOD_URLS=https://debuginfod.ubuntu.com /usr/bin/cmake --build /home/theo/drift/ros2_ws/src/lbr-stack/build/lbr_iiwa14_r820_description -- -j4 -l4
[0.751s] DEBUG:colcon.colcon_core.event_handler.log_command:Invoking command in '/home/theo/drift/ros2_ws/src/lbr-stack/build/lbr_iiwa14_r820_description': CMAKE_PREFIX_PATH=${CMAKE_PREFIX_PATH}:/home/theo/drift/ros2_ws/install/my_package:/opt/ros/jazzy DEBUGINFOD_URLS=https://debuginfod.ubuntu.com /usr/bin/cmake --install /home/theo/drift/ros2_ws/src/lbr-stack/build/lbr_iiwa14_r820_description
[0.834s] DEBUG:colcon.colcon_core.event_handler.log_command:Invoked command in '/home/theo/drift/ros2_ws/src/lbr-stack/build/lbr_med14_r820_description' returned '0': CMAKE_PREFIX_PATH=${CMAKE_PREFIX_PATH}:/home/theo/drift/ros2_ws/install/my_package:/opt/ros/jazzy DEBUGINFOD_URLS=https://debuginfod.ubuntu.com /usr/bin/cmake /home/theo/drift/ros2_ws/src/lbr-stack/src/lbr_med14_r820_description -DAMENT_CMAKE_SYMLINK_INSTALL=1 -DCMAKE_INSTALL_PREFIX=/home/theo/drift/ros2_ws/src/lbr-stack/install/lbr_med14_r820_description
[0.834s] DEBUG:colcon.colcon_core.event_handler.log_command:Invoking command in '/home/theo/drift/ros2_ws/src/lbr-stack/build/lbr_med14_r820_description': CMAKE_PREFIX_PATH=${CMAKE_PREFIX_PATH}:/home/theo/drift/ros2_ws/install/my_package:/opt/ros/jazzy DEBUGINFOD_URLS=https://debuginfod.ubuntu.com /usr/bin/cmake --build /home/theo/drift/ros2_ws/src/lbr-stack/build/lbr_med14_r820_description -- -j4 -l4
[0.852s] DEBUG:colcon.colcon_core.event_handler.log_command:Invoked command in '/home/theo/drift/ros2_ws/src/lbr-stack/build/lbr_med14_r820_description' returned '0': CMAKE_PREFIX_PATH=${CMAKE_PREFIX_PATH}:/home/theo/drift/ros2_ws/install/my_package:/opt/ros/jazzy DEBUGINFOD_URLS=https://debuginfod.ubuntu.com /usr/bin/cmake --build /home/theo/drift/ros2_ws/src/lbr-stack/build/lbr_med14_r820_description -- -j4 -l4
[0.852s] DEBUG:colcon.colcon_core.event_handler.log_command:Invoking command in '/home/theo/drift/ros2_ws/src/lbr-stack/build/lbr_med14_r820_description': CMAKE_PREFIX_PATH=${CMAKE_PREFIX_PATH}:/home/theo/drift/ros2_ws/install/my_package:/opt/ros/jazzy DEBUGINFOD_URLS=https://debuginfod.ubuntu.com /usr/bin/cmake --install /home/theo/drift/ros2_ws/src/lbr-stack/build/lbr_med14_r820_description
[0.888s] DEBUG:colcon.colcon_core.event_handler.log_command:Invoked command in '/home/theo/drift/ros2_ws/src/lbr-stack/build/fri_client_sdk' returned '0': CMAKE_PREFIX_PATH=${CMAKE_PREFIX_PATH}:/home/theo/drift/ros2_ws/install/my_package:/opt/ros/jazzy DEBUGINFOD_URLS=https://debuginfod.ubuntu.com /usr/bin/cmake --build /home/theo/drift/ros2_ws/src/lbr-stack/build/fri_client_sdk -- -j4 -l4
[0.888s] DEBUG:colcon.colcon_core.event_handler.log_command:Invoking command in '/home/theo/drift/ros2_ws/src/lbr-stack/build/fri_client_sdk': CMAKE_PREFIX_PATH=${CMAKE_PREFIX_PATH}:/home/theo/drift/ros2_ws/install/my_package:/opt/ros/jazzy DEBUGINFOD_URLS=https://debuginfod.ubuntu.com /usr/bin/cmake --install /home/theo/drift/ros2_ws/src/lbr-stack/build/fri_client_sdk
[0.895s] DEBUG:colcon.colcon_core.event_handler.log_command:Invoked command in '/home/theo/drift/ros2_ws/src/lbr-stack/build/fri_client_sdk' returned '0': CMAKE_PREFIX_PATH=${CMAKE_PREFIX_PATH}:/home/theo/drift/ros2_ws/install/my_package:/opt/ros/jazzy DEBUGINFOD_URLS=https://debuginfod.ubuntu.com /usr/bin/cmake --install /home/theo/drift/ros2_ws/src/lbr-stack/build/fri_client_sdk
[0.895s] Level 1:colcon.colcon_core.shell:create_environment_hook('fri_client_sdk', 'pkg_config_path')
[0.895s] INFO:colcon.colcon_core.shell:Creating environment descriptor '/home/theo/drift/ros2_ws/src/lbr-stack/install/fri_client_sdk/share/fri_client_sdk/hook/pkg_config_path.dsv'
[0.896s] INFO:colcon.colcon_core.shell:Creating environment hook '/home/theo/drift/ros2_ws/src/lbr-stack/install/fri_client_sdk/share/fri_client_sdk/hook/pkg_config_path.sh'
[0.899s] Level 1:colcon.colcon_core.shell:create_environment_hook('fri_client_sdk', 'pkg_config_path_multiarch')
[0.899s] INFO:colcon.colcon_core.shell:Creating environment descriptor '/home/theo/drift/ros2_ws/src/lbr-stack/install/fri_client_sdk/share/fri_client_sdk/hook/pkg_config_path_multiarch.dsv'
[0.900s] INFO:colcon.colcon_core.shell:Creating environment hook '/home/theo/drift/ros2_ws/src/lbr-stack/install/fri_client_sdk/share/fri_client_sdk/hook/pkg_config_path_multiarch.sh'
[0.900s] Level 1:colcon.colcon_core.environment:create_environment_scripts_only(fri_client_sdk)
[0.904s] Level 1:colcon.colcon_core.environment:checking '/home/theo/drift/ros2_ws/src/lbr-stack/install/fri_client_sdk' for CMake module files
[0.905s] Level 1:colcon.colcon_core.environment:checking '/home/theo/drift/ros2_ws/src/lbr-stack/install/fri_client_sdk' for CMake config files
[0.905s] Level 1:colcon.colcon_core.shell:create_environment_hook('fri_client_sdk', 'cmake_prefix_path')
[0.905s] INFO:colcon.colcon_core.shell:Creating environment descriptor '/home/theo/drift/ros2_ws/src/lbr-stack/install/fri_client_sdk/share/fri_client_sdk/hook/cmake_prefix_path.dsv'
[0.905s] INFO:colcon.colcon_core.shell:Creating environment hook '/home/theo/drift/ros2_ws/src/lbr-stack/install/fri_client_sdk/share/fri_client_sdk/hook/cmake_prefix_path.sh'
[0.905s] Level 1:colcon.colcon_core.environment:checking '/home/theo/drift/ros2_ws/src/lbr-stack/install/fri_client_sdk/lib'
[0.905s] Level 1:colcon.colcon_core.shell:create_environment_hook('fri_client_sdk', 'ld_library_path_lib')
[0.905s] INFO:colcon.colcon_core.shell:Creating environment descriptor '/home/theo/drift/ros2_ws/src/lbr-stack/install/fri_client_sdk/share/fri_client_sdk/hook/ld_library_path_lib.dsv'
[0.905s] INFO:colcon.colcon_core.shell:Creating environment hook '/home/theo/drift/ros2_ws/src/lbr-stack/install/fri_client_sdk/share/fri_client_sdk/hook/ld_library_path_lib.sh'
[0.905s] Level 1:colcon.colcon_core.environment:checking '/home/theo/drift/ros2_ws/src/lbr-stack/install/fri_client_sdk/bin'
[0.905s] Level 1:colcon.colcon_core.environment:checking '/home/theo/drift/ros2_ws/src/lbr-stack/install/fri_client_sdk/lib/pkgconfig/fri_client_sdk.pc'
[0.906s] Level 1:colcon.colcon_core.environment:checking '/home/theo/drift/ros2_ws/src/lbr-stack/install/fri_client_sdk/lib/python3.12/site-packages'
[0.907s] Level 1:colcon.colcon_core.environment:checking '/home/theo/drift/ros2_ws/src/lbr-stack/install/fri_client_sdk/bin'
[0.907s] INFO:colcon.colcon_core.shell:Creating package descriptor '/home/theo/drift/ros2_ws/src/lbr-stack/install/fri_client_sdk/share/fri_client_sdk/package.dsv'
[0.907s] INFO:colcon.colcon_core.shell:Creating package script '/home/theo/drift/ros2_ws/src/lbr-stack/install/fri_client_sdk/share/fri_client_sdk/package.sh'
[0.907s] INFO:colcon.colcon_core.shell:Creating package script '/home/theo/drift/ros2_ws/src/lbr-stack/install/fri_client_sdk/share/fri_client_sdk/package.bash'
[0.907s] INFO:colcon.colcon_core.shell:Creating package script '/home/theo/drift/ros2_ws/src/lbr-stack/install/fri_client_sdk/share/fri_client_sdk/package.zsh'
[0.908s] Level 1:colcon.colcon_core.environment:create_file_with_runtime_dependencies(/home/theo/drift/ros2_ws/src/lbr-stack/install/fri_client_sdk/share/colcon-core/packages/fri_client_sdk)
[0.908s] INFO:colcon.colcon_ros.task.ament_cmake.build:Building ROS package in '/home/theo/drift/ros2_ws/src/lbr-stack/src/lbr_fri_idl' with build type 'ament_cmake'
[0.908s] INFO:colcon.colcon_cmake.task.cmake.build:Building CMake package in '/home/theo/drift/ros2_ws/src/lbr-stack/src/lbr_fri_idl'
[0.908s] DEBUG:colcon.colcon_core.shell:Skip shell extension 'dsv' for command environment
[0.921s] DEBUG:colcon.colcon_core.event_handler.log_command:Invoking command in '/home/theo/drift/ros2_ws/src/lbr-stack/build/lbr_fri_idl': CMAKE_PREFIX_PATH=/home/theo/drift/ros2_ws/src/lbr-stack/install/fri_client_sdk:/opt/ros/jazzy/opt/gz_sim_vendor:/opt/ros/jazzy/opt/gz_sensors_vendor:/opt/ros/jazzy/opt/gz_physics_vendor:/opt/ros/jazzy/opt/gz_gui_vendor:/opt/ros/jazzy/opt/gz_transport_vendor:/opt/ros/jazzy/opt/gz_rendering_vendor:/opt/ros/jazzy/opt/gz_plugin_vendor:/opt/ros/jazzy/opt/gz_fuel_tools_vendor:/opt/ros/jazzy/opt/gz_msgs_vendor:/opt/ros/jazzy/opt/gz_common_vendor:/opt/ros/jazzy/opt/gz_ogre_next_vendor:/opt/ros/jazzy/opt/gz_dartsim_vendor:/opt/ros/jazzy/opt/sdformat_vendor:/opt/ros/jazzy/opt/gz_math_vendor:/opt/ros/jazzy/opt/gz_utils_vendor:/opt/ros/jazzy/opt/gz_tools_vendor:/opt/ros/jazzy/opt/gz_cmake_vendor:/home/theo/drift/ros2_ws/install/my_package:/opt/ros/jazzy DEBUGINFOD_URLS=https://debuginfod.ubuntu.com LD_LIBRARY_PATH=/home/theo/drift/ros2_ws/src/lbr-stack/install/fri_client_sdk/lib:${LD_LIBRARY_PATH} PKG_CONFIG_PATH=/home/theo/drift/ros2_ws/src/lbr-stack/install/fri_client_sdk/lib/aarch64-linux-gnu/pkgconfig:/home/theo/drift/ros2_ws/src/lbr-stack/install/fri_client_sdk/lib/pkgconfig /usr/bin/cmake /home/theo/drift/ros2_ws/src/lbr-stack/src/lbr_fri_idl -DAMENT_CMAKE_SYMLINK_INSTALL=1 -DCMAKE_INSTALL_PREFIX=/home/theo/drift/ros2_ws/src/lbr-stack/install/lbr_fri_idl
[0.961s] Level 1:colcon.colcon_core.environment:create_environment_scripts_only(lbr_iiwa14_r820_description)
[0.961s] Level 1:colcon.colcon_core.environment:checking '/home/theo/drift/ros2_ws/src/lbr-stack/install/lbr_iiwa14_r820_description' for CMake module files
[0.961s] Level 1:colcon.colcon_core.environment:checking '/home/theo/drift/ros2_ws/src/lbr-stack/install/lbr_iiwa14_r820_description' for CMake config files
[0.962s] Level 1:colcon.colcon_core.shell:create_environment_hook('lbr_iiwa14_r820_description', 'cmake_prefix_path')
[0.962s] INFO:colcon.colcon_core.shell:Creating environment descriptor '/home/theo/drift/ros2_ws/src/lbr-stack/install/lbr_iiwa14_r820_description/share/lbr_iiwa14_r820_description/hook/cmake_prefix_path.dsv'
[0.962s] INFO:colcon.colcon_core.shell:Creating environment hook '/home/theo/drift/ros2_ws/src/lbr-stack/install/lbr_iiwa14_r820_description/share/lbr_iiwa14_r820_description/hook/cmake_prefix_path.sh'
[0.962s] Level 1:colcon.colcon_core.environment:checking '/home/theo/drift/ros2_ws/src/lbr-stack/install/lbr_iiwa14_r820_description/bin'
[0.962s] Level 1:colcon.colcon_core.environment:checking '/home/theo/drift/ros2_ws/src/lbr-stack/install/lbr_iiwa14_r820_description/lib/pkgconfig/lbr_iiwa14_r820_description.pc'
[0.962s] Level 1:colcon.colcon_core.environment:checking '/home/theo/drift/ros2_ws/src/lbr-stack/install/lbr_iiwa14_r820_description/lib/python3.12/site-packages'
[0.962s] Level 1:colcon.colcon_core.environment:checking '/home/theo/drift/ros2_ws/src/lbr-stack/install/lbr_iiwa14_r820_description/bin'
[0.962s] INFO:colcon.colcon_core.shell:Creating package descriptor '/home/theo/drift/ros2_ws/src/lbr-stack/install/lbr_iiwa14_r820_description/share/lbr_iiwa14_r820_description/package.dsv'
[0.963s] INFO:colcon.colcon_core.shell:Creating package script '/home/theo/drift/ros2_ws/src/lbr-stack/install/lbr_iiwa14_r820_description/share/lbr_iiwa14_r820_description/package.sh'
[0.963s] INFO:colcon.colcon_core.shell:Creating package script '/home/theo/drift/ros2_ws/src/lbr-stack/install/lbr_iiwa14_r820_description/share/lbr_iiwa14_r820_description/package.bash'
[0.963s] INFO:colcon.colcon_core.shell:Creating package script '/home/theo/drift/ros2_ws/src/lbr-stack/install/lbr_iiwa14_r820_description/share/lbr_iiwa14_r820_description/package.zsh'
[0.965s] DEBUG:colcon.colcon_core.event_handler.log_command:Invoked command in '/home/theo/drift/ros2_ws/src/lbr-stack/build/lbr_iiwa14_r820_description' returned '0': CMAKE_PREFIX_PATH=${CMAKE_PREFIX_PATH}:/home/theo/drift/ros2_ws/install/my_package:/opt/ros/jazzy DEBUGINFOD_URLS=https://debuginfod.ubuntu.com /usr/bin/cmake --install /home/theo/drift/ros2_ws/src/lbr-stack/build/lbr_iiwa14_r820_description
[0.965s] Level 1:colcon.colcon_core.environment:create_file_with_runtime_dependencies(/home/theo/drift/ros2_ws/src/lbr-stack/install/lbr_iiwa14_r820_description/share/colcon-core/packages/lbr_iiwa14_r820_description)
[0.965s] Level 1:colcon.colcon_core.environment:create_environment_scripts_only(lbr_iiwa14_r820_description)
[0.965s] Level 1:colcon.colcon_core.environment:checking '/home/theo/drift/ros2_ws/src/lbr-stack/install/lbr_iiwa14_r820_description' for CMake module files
[0.965s] Level 1:colcon.colcon_core.environment:checking '/home/theo/drift/ros2_ws/src/lbr-stack/install/lbr_iiwa14_r820_description' for CMake config files
[0.966s] Level 1:colcon.colcon_core.shell:create_environment_hook('lbr_iiwa14_r820_description', 'cmake_prefix_path')
[0.966s] INFO:colcon.colcon_core.shell:Creating environment descriptor '/home/theo/drift/ros2_ws/src/lbr-stack/install/lbr_iiwa14_r820_description/share/lbr_iiwa14_r820_description/hook/cmake_prefix_path.dsv'
[0.966s] INFO:colcon.colcon_core.shell:Creating environment hook '/home/theo/drift/ros2_ws/src/lbr-stack/install/lbr_iiwa14_r820_description/share/lbr_iiwa14_r820_description/hook/cmake_prefix_path.sh'
[0.968s] Level 1:colcon.colcon_core.environment:checking '/home/theo/drift/ros2_ws/src/lbr-stack/install/lbr_iiwa14_r820_description/bin'
[0.968s] Level 1:colcon.colcon_core.environment:checking '/home/theo/drift/ros2_ws/src/lbr-stack/install/lbr_iiwa14_r820_description/lib/pkgconfig/lbr_iiwa14_r820_description.pc'
[0.968s] Level 1:colcon.colcon_core.environment:checking '/home/theo/drift/ros2_ws/src/lbr-stack/install/lbr_iiwa14_r820_description/lib/python3.12/site-packages'
[0.968s] Level 1:colcon.colcon_core.environment:checking '/home/theo/drift/ros2_ws/src/lbr-stack/install/lbr_iiwa14_r820_description/bin'
[0.968s] INFO:colcon.colcon_core.shell:Creating package descriptor '/home/theo/drift/ros2_ws/src/lbr-stack/install/lbr_iiwa14_r820_description/share/lbr_iiwa14_r820_description/package.dsv'
[0.968s] INFO:colcon.colcon_core.shell:Creating package script '/home/theo/drift/ros2_ws/src/lbr-stack/install/lbr_iiwa14_r820_description/share/lbr_iiwa14_r820_description/package.sh'
[0.968s] INFO:colcon.colcon_core.shell:Creating package script '/home/theo/drift/ros2_ws/src/lbr-stack/install/lbr_iiwa14_r820_description/share/lbr_iiwa14_r820_description/package.bash'
[0.968s] INFO:colcon.colcon_core.shell:Creating package script '/home/theo/drift/ros2_ws/src/lbr-stack/install/lbr_iiwa14_r820_description/share/lbr_iiwa14_r820_description/package.zsh'
[0.968s] Level 1:colcon.colcon_core.environment:create_file_with_runtime_dependencies(/home/theo/drift/ros2_ws/src/lbr-stack/install/lbr_iiwa14_r820_description/share/colcon-core/packages/lbr_iiwa14_r820_description)
[0.969s] INFO:colcon.colcon_ros.task.ament_cmake.build:Building ROS package in '/home/theo/drift/ros2_ws/src/lbr-stack/src/lbr_med7_r800_description' with build type 'ament_cmake'
[0.969s] INFO:colcon.colcon_cmake.task.cmake.build:Building CMake package in '/home/theo/drift/ros2_ws/src/lbr-stack/src/lbr_med7_r800_description'
[0.969s] DEBUG:colcon.colcon_core.shell:Skip shell extension 'dsv' for command environment
[0.973s] DEBUG:colcon.colcon_core.event_handler.log_command:Invoking command in '/home/theo/drift/ros2_ws/src/lbr-stack/build/lbr_med7_r800_description': CMAKE_PREFIX_PATH=${CMAKE_PREFIX_PATH}:/home/theo/drift/ros2_ws/install/my_package:/opt/ros/jazzy DEBUGINFOD_URLS=https://debuginfod.ubuntu.com /usr/bin/cmake /home/theo/drift/ros2_ws/src/lbr-stack/src/lbr_med7_r800_description -DAMENT_CMAKE_SYMLINK_INSTALL=1 -DCMAKE_INSTALL_PREFIX=/home/theo/drift/ros2_ws/src/lbr-stack/install/lbr_med7_r800_description
[0.998s] Level 1:colcon.colcon_core.environment:create_environment_scripts_only(lbr_iiwa7_r800_description)
[0.998s] DEBUG:colcon.colcon_core.event_handler.log_command:Invoked command in '/home/theo/drift/ros2_ws/src/lbr-stack/build/lbr_iiwa7_r800_description' returned '0': CMAKE_PREFIX_PATH=${CMAKE_PREFIX_PATH}:/home/theo/drift/ros2_ws/install/my_package:/opt/ros/jazzy DEBUGINFOD_URLS=https://debuginfod.ubuntu.com /usr/bin/cmake --install /home/theo/drift/ros2_ws/src/lbr-stack/build/lbr_iiwa7_r800_description
[0.998s] Level 1:colcon.colcon_core.environment:checking '/home/theo/drift/ros2_ws/src/lbr-stack/install/lbr_iiwa7_r800_description' for CMake module files
[0.999s] Level 1:colcon.colcon_core.environment:checking '/home/theo/drift/ros2_ws/src/lbr-stack/install/lbr_iiwa7_r800_description' for CMake config files
[0.999s] Level 1:colcon.colcon_core.shell:create_environment_hook('lbr_iiwa7_r800_description', 'cmake_prefix_path')
[0.999s] INFO:colcon.colcon_core.shell:Creating environment descriptor '/home/theo/drift/ros2_ws/src/lbr-stack/install/lbr_iiwa7_r800_description/share/lbr_iiwa7_r800_description/hook/cmake_prefix_path.dsv'
[0.999s] INFO:colcon.colcon_core.shell:Creating environment hook '/home/theo/drift/ros2_ws/src/lbr-stack/install/lbr_iiwa7_r800_description/share/lbr_iiwa7_r800_description/hook/cmake_prefix_path.sh'
[0.999s] Level 1:colcon.colcon_core.environment:checking '/home/theo/drift/ros2_ws/src/lbr-stack/install/lbr_iiwa7_r800_description/bin'
[0.999s] Level 1:colcon.colcon_core.environment:checking '/home/theo/drift/ros2_ws/src/lbr-stack/install/lbr_iiwa7_r800_description/lib/pkgconfig/lbr_iiwa7_r800_description.pc'
[1.000s] Level 1:colcon.colcon_core.environment:checking '/home/theo/drift/ros2_ws/src/lbr-stack/install/lbr_iiwa7_r800_description/lib/python3.12/site-packages'
[1.000s] Level 1:colcon.colcon_core.environment:checking '/home/theo/drift/ros2_ws/src/lbr-stack/install/lbr_iiwa7_r800_description/bin'
[1.000s] INFO:colcon.colcon_core.shell:Creating package descriptor '/home/theo/drift/ros2_ws/src/lbr-stack/install/lbr_iiwa7_r800_description/share/lbr_iiwa7_r800_description/package.dsv'
[1.000s] INFO:colcon.colcon_core.shell:Creating package script '/home/theo/drift/ros2_ws/src/lbr-stack/install/lbr_iiwa7_r800_description/share/lbr_iiwa7_r800_description/package.sh'
[1.000s] INFO:colcon.colcon_core.shell:Creating package script '/home/theo/drift/ros2_ws/src/lbr-stack/install/lbr_iiwa7_r800_description/share/lbr_iiwa7_r800_description/package.bash'
[1.000s] INFO:colcon.colcon_core.shell:Creating package script '/home/theo/drift/ros2_ws/src/lbr-stack/install/lbr_iiwa7_r800_description/share/lbr_iiwa7_r800_description/package.zsh'
[1.000s] Level 1:colcon.colcon_core.environment:create_file_with_runtime_dependencies(/home/theo/drift/ros2_ws/src/lbr-stack/install/lbr_iiwa7_r800_description/share/colcon-core/packages/lbr_iiwa7_r800_description)
[1.000s] Level 1:colcon.colcon_core.environment:create_environment_scripts_only(lbr_iiwa7_r800_description)
[1.000s] Level 1:colcon.colcon_core.environment:checking '/home/theo/drift/ros2_ws/src/lbr-stack/install/lbr_iiwa7_r800_description' for CMake module files
[1.001s] Level 1:colcon.colcon_core.environment:checking '/home/theo/drift/ros2_ws/src/lbr-stack/install/lbr_iiwa7_r800_description' for CMake config files
[1.001s] Level 1:colcon.colcon_core.shell:create_environment_hook('lbr_iiwa7_r800_description', 'cmake_prefix_path')
[1.001s] INFO:colcon.colcon_core.shell:Creating environment descriptor '/home/theo/drift/ros2_ws/src/lbr-stack/install/lbr_iiwa7_r800_description/share/lbr_iiwa7_r800_description/hook/cmake_prefix_path.dsv'
[1.001s] INFO:colcon.colcon_core.shell:Creating environment hook '/home/theo/drift/ros2_ws/src/lbr-stack/install/lbr_iiwa7_r800_description/share/lbr_iiwa7_r800_description/hook/cmake_prefix_path.sh'
[1.002s] Level 1:colcon.colcon_core.environment:checking '/home/theo/drift/ros2_ws/src/lbr-stack/install/lbr_iiwa7_r800_description/bin'
[1.002s] Level 1:colcon.colcon_core.environment:checking '/home/theo/drift/ros2_ws/src/lbr-stack/install/lbr_iiwa7_r800_description/lib/pkgconfig/lbr_iiwa7_r800_description.pc'
[1.002s] Level 1:colcon.colcon_core.environment:checking '/home/theo/drift/ros2_ws/src/lbr-stack/install/lbr_iiwa7_r800_description/lib/python3.12/site-packages'
[1.002s] Level 1:colcon.colcon_core.environment:checking '/home/theo/drift/ros2_ws/src/lbr-stack/install/lbr_iiwa7_r800_description/bin'
[1.002s] INFO:colcon.colcon_core.shell:Creating package descriptor '/home/theo/drift/ros2_ws/src/lbr-stack/install/lbr_iiwa7_r800_description/share/lbr_iiwa7_r800_description/package.dsv'
[1.002s] INFO:colcon.colcon_core.shell:Creating package script '/home/theo/drift/ros2_ws/src/lbr-stack/install/lbr_iiwa7_r800_description/share/lbr_iiwa7_r800_description/package.sh'
[1.002s] INFO:colcon.colcon_core.shell:Creating package script '/home/theo/drift/ros2_ws/src/lbr-stack/install/lbr_iiwa7_r800_description/share/lbr_iiwa7_r800_description/package.bash'
[1.002s] INFO:colcon.colcon_core.shell:Creating package script '/home/theo/drift/ros2_ws/src/lbr-stack/install/lbr_iiwa7_r800_description/share/lbr_iiwa7_r800_description/package.zsh'
[1.003s] Level 1:colcon.colcon_core.environment:create_file_with_runtime_dependencies(/home/theo/drift/ros2_ws/src/lbr-stack/install/lbr_iiwa7_r800_description/share/colcon-core/packages/lbr_iiwa7_r800_description)
[1.003s] INFO:colcon.colcon_ros.task.ament_cmake.build:Building ROS package in '/home/theo/drift/ros2_ws/src/lbr-stack/src/lbr_fri_ros2_stack/lbr_demos/lbr_dual_arm/lbr_dual_arm_moveit_config' with build type 'ament_cmake'
[1.003s] INFO:colcon.colcon_cmake.task.cmake.build:Building CMake package in '/home/theo/drift/ros2_ws/src/lbr-stack/src/lbr_fri_ros2_stack/lbr_demos/lbr_dual_arm/lbr_dual_arm_moveit_config'
[1.003s] DEBUG:colcon.colcon_core.shell:Skip shell extension 'dsv' for command environment
[1.010s] DEBUG:colcon.colcon_core.event_handler.log_command:Invoking command in '/home/theo/drift/ros2_ws/src/lbr-stack/build/lbr_dual_arm_moveit_config': AMENT_PREFIX_PATH=/home/theo/drift/ros2_ws/src/lbr-stack/install/lbr_iiwa7_r800_description:${AMENT_PREFIX_PATH} CMAKE_PREFIX_PATH=/home/theo/drift/ros2_ws/src/lbr-stack/install/lbr_iiwa7_r800_description:/opt/ros/jazzy/opt/gz_sim_vendor:/opt/ros/jazzy/opt/gz_sensors_vendor:/opt/ros/jazzy/opt/gz_physics_vendor:/opt/ros/jazzy/opt/gz_gui_vendor:/opt/ros/jazzy/opt/gz_transport_vendor:/opt/ros/jazzy/opt/gz_rendering_vendor:/opt/ros/jazzy/opt/gz_plugin_vendor:/opt/ros/jazzy/opt/gz_fuel_tools_vendor:/opt/ros/jazzy/opt/gz_msgs_vendor:/opt/ros/jazzy/opt/gz_common_vendor:/opt/ros/jazzy/opt/gz_ogre_next_vendor:/opt/ros/jazzy/opt/gz_dartsim_vendor:/opt/ros/jazzy/opt/sdformat_vendor:/opt/ros/jazzy/opt/gz_math_vendor:/opt/ros/jazzy/opt/gz_utils_vendor:/opt/ros/jazzy/opt/gz_tools_vendor:/opt/ros/jazzy/opt/gz_cmake_vendor:/home/theo/drift/ros2_ws/install/my_package:/opt/ros/jazzy DEBUGINFOD_URLS=https://debuginfod.ubuntu.com /usr/bin/cmake /home/theo/drift/ros2_ws/src/lbr-stack/src/lbr_fri_ros2_stack/lbr_demos/lbr_dual_arm/lbr_dual_arm_moveit_config -DAMENT_CMAKE_SYMLINK_INSTALL=1 -DCMAKE_INSTALL_PREFIX=/home/theo/drift/ros2_ws/src/lbr-stack/install/lbr_dual_arm_moveit_config
[1.069s] Level 1:colcon.colcon_core.environment:create_environment_scripts_only(lbr_med14_r820_description)
[1.069s] Level 1:colcon.colcon_core.environment:checking '/home/theo/drift/ros2_ws/src/lbr-stack/install/lbr_med14_r820_description' for CMake module files
[1.069s] Level 1:colcon.colcon_core.environment:checking '/home/theo/drift/ros2_ws/src/lbr-stack/install/lbr_med14_r820_description' for CMake config files
[1.069s] Level 1:colcon.colcon_core.shell:create_environment_hook('lbr_med14_r820_description', 'cmake_prefix_path')
[1.069s] INFO:colcon.colcon_core.shell:Creating environment descriptor '/home/theo/drift/ros2_ws/src/lbr-stack/install/lbr_med14_r820_description/share/lbr_med14_r820_description/hook/cmake_prefix_path.dsv'
[1.070s] INFO:colcon.colcon_core.shell:Creating environment hook '/home/theo/drift/ros2_ws/src/lbr-stack/install/lbr_med14_r820_description/share/lbr_med14_r820_description/hook/cmake_prefix_path.sh'
[1.070s] Level 1:colcon.colcon_core.environment:checking '/home/theo/drift/ros2_ws/src/lbr-stack/install/lbr_med14_r820_description/bin'
[1.070s] DEBUG:colcon.colcon_core.event_handler.log_command:Invoked command in '/home/theo/drift/ros2_ws/src/lbr-stack/build/lbr_med14_r820_description' returned '0': CMAKE_PREFIX_PATH=${CMAKE_PREFIX_PATH}:/home/theo/drift/ros2_ws/install/my_package:/opt/ros/jazzy DEBUGINFOD_URLS=https://debuginfod.ubuntu.com /usr/bin/cmake --install /home/theo/drift/ros2_ws/src/lbr-stack/build/lbr_med14_r820_description
[1.070s] Level 1:colcon.colcon_core.environment:checking '/home/theo/drift/ros2_ws/src/lbr-stack/install/lbr_med14_r820_description/lib/pkgconfig/lbr_med14_r820_description.pc'
[1.070s] Level 1:colcon.colcon_core.environment:checking '/home/theo/drift/ros2_ws/src/lbr-stack/install/lbr_med14_r820_description/lib/python3.12/site-packages'
[1.071s] Level 1:colcon.colcon_core.environment:checking '/home/theo/drift/ros2_ws/src/lbr-stack/install/lbr_med14_r820_description/bin'
[1.071s] INFO:colcon.colcon_core.shell:Creating package descriptor '/home/theo/drift/ros2_ws/src/lbr-stack/install/lbr_med14_r820_description/share/lbr_med14_r820_description/package.dsv'
[1.071s] INFO:colcon.colcon_core.shell:Creating package script '/home/theo/drift/ros2_ws/src/lbr-stack/install/lbr_med14_r820_description/share/lbr_med14_r820_description/package.sh'
[1.071s] INFO:colcon.colcon_core.shell:Creating package script '/home/theo/drift/ros2_ws/src/lbr-stack/install/lbr_med14_r820_description/share/lbr_med14_r820_description/package.bash'
[1.071s] INFO:colcon.colcon_core.shell:Creating package script '/home/theo/drift/ros2_ws/src/lbr-stack/install/lbr_med14_r820_description/share/lbr_med14_r820_description/package.zsh'
[1.071s] Level 1:colcon.colcon_core.environment:create_file_with_runtime_dependencies(/home/theo/drift/ros2_ws/src/lbr-stack/install/lbr_med14_r820_description/share/colcon-core/packages/lbr_med14_r820_description)
[1.071s] Level 1:colcon.colcon_core.environment:create_environment_scripts_only(lbr_med14_r820_description)
[1.071s] Level 1:colcon.colcon_core.environment:checking '/home/theo/drift/ros2_ws/src/lbr-stack/install/lbr_med14_r820_description' for CMake module files
[1.071s] Level 1:colcon.colcon_core.environment:checking '/home/theo/drift/ros2_ws/src/lbr-stack/install/lbr_med14_r820_description' for CMake config files
[1.071s] Level 1:colcon.colcon_core.shell:create_environment_hook('lbr_med14_r820_description', 'cmake_prefix_path')
[1.072s] INFO:colcon.colcon_core.shell:Creating environment descriptor '/home/theo/drift/ros2_ws/src/lbr-stack/install/lbr_med14_r820_description/share/lbr_med14_r820_description/hook/cmake_prefix_path.dsv'
[1.072s] INFO:colcon.colcon_core.shell:Creating environment hook '/home/theo/drift/ros2_ws/src/lbr-stack/install/lbr_med14_r820_description/share/lbr_med14_r820_description/hook/cmake_prefix_path.sh'
[1.074s] Level 1:colcon.colcon_core.environment:checking '/home/theo/drift/ros2_ws/src/lbr-stack/install/lbr_med14_r820_description/bin'
[1.074s] Level 1:colcon.colcon_core.environment:checking '/home/theo/drift/ros2_ws/src/lbr-stack/install/lbr_med14_r820_description/lib/pkgconfig/lbr_med14_r820_description.pc'
[1.074s] Level 1:colcon.colcon_core.environment:checking '/home/theo/drift/ros2_ws/src/lbr-stack/install/lbr_med14_r820_description/lib/python3.12/site-packages'
[1.074s] Level 1:colcon.colcon_core.environment:checking '/home/theo/drift/ros2_ws/src/lbr-stack/install/lbr_med14_r820_description/bin'
[1.074s] INFO:colcon.colcon_core.shell:Creating package descriptor '/home/theo/drift/ros2_ws/src/lbr-stack/install/lbr_med14_r820_description/share/lbr_med14_r820_description/package.dsv'
[1.074s] INFO:colcon.colcon_core.shell:Creating package script '/home/theo/drift/ros2_ws/src/lbr-stack/install/lbr_med14_r820_description/share/lbr_med14_r820_description/package.sh'
[1.074s] INFO:colcon.colcon_core.shell:Creating package script '/home/theo/drift/ros2_ws/src/lbr-stack/install/lbr_med14_r820_description/share/lbr_med14_r820_description/package.bash'
[1.075s] INFO:colcon.colcon_core.shell:Creating package script '/home/theo/drift/ros2_ws/src/lbr-stack/install/lbr_med14_r820_description/share/lbr_med14_r820_description/package.zsh'
[1.075s] Level 1:colcon.colcon_core.environment:create_file_with_runtime_dependencies(/home/theo/drift/ros2_ws/src/lbr-stack/install/lbr_med14_r820_description/share/colcon-core/packages/lbr_med14_r820_description)
[1.075s] INFO:colcon.colcon_ros.task.ament_python.build:Building ROS package in '/home/theo/drift/ros2_ws/src/lbr-stack/src/lbr_fri_ros2_stack/lbr_demos/lbr_moveit' with build type 'ament_python'
[1.076s] Level 1:colcon.colcon_core.shell:create_environment_hook('lbr_moveit', 'ament_prefix_path')
[1.076s] INFO:colcon.colcon_core.shell:Creating environment descriptor '/home/theo/drift/ros2_ws/src/lbr-stack/install/lbr_moveit/share/lbr_moveit/hook/ament_prefix_path.dsv'
[1.076s] INFO:colcon.colcon_core.shell:Creating environment hook '/home/theo/drift/ros2_ws/src/lbr-stack/install/lbr_moveit/share/lbr_moveit/hook/ament_prefix_path.sh'
[1.076s] DEBUG:colcon.colcon_core.shell:Skip shell extension 'dsv' for command environment
[1.206s] INFO:colcon.colcon_core.task.python.build:Building Python package in '/home/theo/drift/ros2_ws/src/lbr-stack/src/lbr_fri_ros2_stack/lbr_demos/lbr_moveit'
[1.206s] DEBUG:colcon.colcon_core.shell:Skip shell extension 'dsv' for command environment
[1.423s] DEBUG:colcon.colcon_core.event_handler.log_command:Invoked command in '/home/theo/drift/ros2_ws/src/lbr-stack/build/lbr_med7_r800_description' returned '0': CMAKE_PREFIX_PATH=${CMAKE_PREFIX_PATH}:/home/theo/drift/ros2_ws/install/my_package:/opt/ros/jazzy DEBUGINFOD_URLS=https://debuginfod.ubuntu.com /usr/bin/cmake /home/theo/drift/ros2_ws/src/lbr-stack/src/lbr_med7_r800_description -DAMENT_CMAKE_SYMLINK_INSTALL=1 -DCMAKE_INSTALL_PREFIX=/home/theo/drift/ros2_ws/src/lbr-stack/install/lbr_med7_r800_description
[1.423s] DEBUG:colcon.colcon_core.event_handler.log_command:Invoking command in '/home/theo/drift/ros2_ws/src/lbr-stack/build/lbr_med7_r800_description': CMAKE_PREFIX_PATH=${CMAKE_PREFIX_PATH}:/home/theo/drift/ros2_ws/install/my_package:/opt/ros/jazzy DEBUGINFOD_URLS=https://debuginfod.ubuntu.com /usr/bin/cmake --build /home/theo/drift/ros2_ws/src/lbr-stack/build/lbr_med7_r800_description -- -j4 -l4
[1.448s] DEBUG:colcon.colcon_core.event_handler.log_command:Invoked command in '/home/theo/drift/ros2_ws/src/lbr-stack/build/lbr_med7_r800_description' returned '0': CMAKE_PREFIX_PATH=${CMAKE_PREFIX_PATH}:/home/theo/drift/ros2_ws/install/my_package:/opt/ros/jazzy DEBUGINFOD_URLS=https://debuginfod.ubuntu.com /usr/bin/cmake --build /home/theo/drift/ros2_ws/src/lbr-stack/build/lbr_med7_r800_description -- -j4 -l4
[1.449s] DEBUG:colcon.colcon_core.event_handler.log_command:Invoking command in '/home/theo/drift/ros2_ws/src/lbr-stack/build/lbr_med7_r800_description': CMAKE_PREFIX_PATH=${CMAKE_PREFIX_PATH}:/home/theo/drift/ros2_ws/install/my_package:/opt/ros/jazzy DEBUGINFOD_URLS=https://debuginfod.ubuntu.com /usr/bin/cmake --install /home/theo/drift/ros2_ws/src/lbr-stack/build/lbr_med7_r800_description
[1.497s] DEBUG:colcon.colcon_core.event_handler.log_command:Invoked command in '/home/theo/drift/ros2_ws/src/lbr-stack/build/lbr_dual_arm_moveit_config' returned '0': AMENT_PREFIX_PATH=/home/theo/drift/ros2_ws/src/lbr-stack/install/lbr_iiwa7_r800_description:${AMENT_PREFIX_PATH} CMAKE_PREFIX_PATH=/home/theo/drift/ros2_ws/src/lbr-stack/install/lbr_iiwa7_r800_description:/opt/ros/jazzy/opt/gz_sim_vendor:/opt/ros/jazzy/opt/gz_sensors_vendor:/opt/ros/jazzy/opt/gz_physics_vendor:/opt/ros/jazzy/opt/gz_gui_vendor:/opt/ros/jazzy/opt/gz_transport_vendor:/opt/ros/jazzy/opt/gz_rendering_vendor:/opt/ros/jazzy/opt/gz_plugin_vendor:/opt/ros/jazzy/opt/gz_fuel_tools_vendor:/opt/ros/jazzy/opt/gz_msgs_vendor:/opt/ros/jazzy/opt/gz_common_vendor:/opt/ros/jazzy/opt/gz_ogre_next_vendor:/opt/ros/jazzy/opt/gz_dartsim_vendor:/opt/ros/jazzy/opt/sdformat_vendor:/opt/ros/jazzy/opt/gz_math_vendor:/opt/ros/jazzy/opt/gz_utils_vendor:/opt/ros/jazzy/opt/gz_tools_vendor:/opt/ros/jazzy/opt/gz_cmake_vendor:/home/theo/drift/ros2_ws/install/my_package:/opt/ros/jazzy DEBUGINFOD_URLS=https://debuginfod.ubuntu.com /usr/bin/cmake /home/theo/drift/ros2_ws/src/lbr-stack/src/lbr_fri_ros2_stack/lbr_demos/lbr_dual_arm/lbr_dual_arm_moveit_config -DAMENT_CMAKE_SYMLINK_INSTALL=1 -DCMAKE_INSTALL_PREFIX=/home/theo/drift/ros2_ws/src/lbr-stack/install/lbr_dual_arm_moveit_config
[1.498s] DEBUG:colcon.colcon_core.event_handler.log_command:Invoking command in '/home/theo/drift/ros2_ws/src/lbr-stack/build/lbr_dual_arm_moveit_config': AMENT_PREFIX_PATH=/home/theo/drift/ros2_ws/src/lbr-stack/install/lbr_iiwa7_r800_description:${AMENT_PREFIX_PATH} CMAKE_PREFIX_PATH=/home/theo/drift/ros2_ws/src/lbr-stack/install/lbr_iiwa7_r800_description:/opt/ros/jazzy/opt/gz_sim_vendor:/opt/ros/jazzy/opt/gz_sensors_vendor:/opt/ros/jazzy/opt/gz_physics_vendor:/opt/ros/jazzy/opt/gz_gui_vendor:/opt/ros/jazzy/opt/gz_transport_vendor:/opt/ros/jazzy/opt/gz_rendering_vendor:/opt/ros/jazzy/opt/gz_plugin_vendor:/opt/ros/jazzy/opt/gz_fuel_tools_vendor:/opt/ros/jazzy/opt/gz_msgs_vendor:/opt/ros/jazzy/opt/gz_common_vendor:/opt/ros/jazzy/opt/gz_ogre_next_vendor:/opt/ros/jazzy/opt/gz_dartsim_vendor:/opt/ros/jazzy/opt/sdformat_vendor:/opt/ros/jazzy/opt/gz_math_vendor:/opt/ros/jazzy/opt/gz_utils_vendor:/opt/ros/jazzy/opt/gz_tools_vendor:/opt/ros/jazzy/opt/gz_cmake_vendor:/home/theo/drift/ros2_ws/install/my_package:/opt/ros/jazzy DEBUGINFOD_URLS=https://debuginfod.ubuntu.com /usr/bin/cmake --build /home/theo/drift/ros2_ws/src/lbr-stack/build/lbr_dual_arm_moveit_config -- -j4 -l4
[1.513s] DEBUG:colcon.colcon_core.event_handler.log_command:Invoking command in '/home/theo/drift/ros2_ws/src/lbr-stack/build/lbr_moveit': DEBUGINFOD_URLS=https://debuginfod.ubuntu.com PYTHONPATH=/home/theo/drift/ros2_ws/src/lbr-stack/build/lbr_moveit/prefix_override:/usr/lib/python3/dist-packages/colcon_core/task/python/colcon_distutils_commands:/home/theo/drift/ros2_ws/src/lbr-stack/install/lbr_moveit/lib/python3.12/site-packages:${PYTHONPATH} /usr/bin/python3 -W ignore:setup.py install is deprecated -W ignore:easy_install command is deprecated setup.py develop --editable --build-directory /home/theo/drift/ros2_ws/src/lbr-stack/build/lbr_moveit/build --no-deps symlink_data
[1.537s] DEBUG:colcon.colcon_core.event_handler.log_command:Invoked command in '/home/theo/drift/ros2_ws/src/lbr-stack/build/lbr_dual_arm_moveit_config' returned '0': AMENT_PREFIX_PATH=/home/theo/drift/ros2_ws/src/lbr-stack/install/lbr_iiwa7_r800_description:${AMENT_PREFIX_PATH} CMAKE_PREFIX_PATH=/home/theo/drift/ros2_ws/src/lbr-stack/install/lbr_iiwa7_r800_description:/opt/ros/jazzy/opt/gz_sim_vendor:/opt/ros/jazzy/opt/gz_sensors_vendor:/opt/ros/jazzy/opt/gz_physics_vendor:/opt/ros/jazzy/opt/gz_gui_vendor:/opt/ros/jazzy/opt/gz_transport_vendor:/opt/ros/jazzy/opt/gz_rendering_vendor:/opt/ros/jazzy/opt/gz_plugin_vendor:/opt/ros/jazzy/opt/gz_fuel_tools_vendor:/opt/ros/jazzy/opt/gz_msgs_vendor:/opt/ros/jazzy/opt/gz_common_vendor:/opt/ros/jazzy/opt/gz_ogre_next_vendor:/opt/ros/jazzy/opt/gz_dartsim_vendor:/opt/ros/jazzy/opt/sdformat_vendor:/opt/ros/jazzy/opt/gz_math_vendor:/opt/ros/jazzy/opt/gz_utils_vendor:/opt/ros/jazzy/opt/gz_tools_vendor:/opt/ros/jazzy/opt/gz_cmake_vendor:/home/theo/drift/ros2_ws/install/my_package:/opt/ros/jazzy DEBUGINFOD_URLS=https://debuginfod.ubuntu.com /usr/bin/cmake --build /home/theo/drift/ros2_ws/src/lbr-stack/build/lbr_dual_arm_moveit_config -- -j4 -l4
[1.537s] DEBUG:colcon.colcon_core.event_handler.log_command:Invoking command in '/home/theo/drift/ros2_ws/src/lbr-stack/build/lbr_dual_arm_moveit_config': AMENT_PREFIX_PATH=/home/theo/drift/ros2_ws/src/lbr-stack/install/lbr_iiwa7_r800_description:${AMENT_PREFIX_PATH} CMAKE_PREFIX_PATH=/home/theo/drift/ros2_ws/src/lbr-stack/install/lbr_iiwa7_r800_description:/opt/ros/jazzy/opt/gz_sim_vendor:/opt/ros/jazzy/opt/gz_sensors_vendor:/opt/ros/jazzy/opt/gz_physics_vendor:/opt/ros/jazzy/opt/gz_gui_vendor:/opt/ros/jazzy/opt/gz_transport_vendor:/opt/ros/jazzy/opt/gz_rendering_vendor:/opt/ros/jazzy/opt/gz_plugin_vendor:/opt/ros/jazzy/opt/gz_fuel_tools_vendor:/opt/ros/jazzy/opt/gz_msgs_vendor:/opt/ros/jazzy/opt/gz_common_vendor:/opt/ros/jazzy/opt/gz_ogre_next_vendor:/opt/ros/jazzy/opt/gz_dartsim_vendor:/opt/ros/jazzy/opt/sdformat_vendor:/opt/ros/jazzy/opt/gz_math_vendor:/opt/ros/jazzy/opt/gz_utils_vendor:/opt/ros/jazzy/opt/gz_tools_vendor:/opt/ros/jazzy/opt/gz_cmake_vendor:/home/theo/drift/ros2_ws/install/my_package:/opt/ros/jazzy DEBUGINFOD_URLS=https://debuginfod.ubuntu.com /usr/bin/cmake --install /home/theo/drift/ros2_ws/src/lbr-stack/build/lbr_dual_arm_moveit_config
[1.599s] Level 1:colcon.colcon_core.environment:create_environment_scripts_only(lbr_med7_r800_description)
[1.599s] Level 1:colcon.colcon_core.environment:checking '/home/theo/drift/ros2_ws/src/lbr-stack/install/lbr_med7_r800_description' for CMake module files
[1.600s] DEBUG:colcon.colcon_core.event_handler.log_command:Invoked command in '/home/theo/drift/ros2_ws/src/lbr-stack/build/lbr_med7_r800_description' returned '0': CMAKE_PREFIX_PATH=${CMAKE_PREFIX_PATH}:/home/theo/drift/ros2_ws/install/my_package:/opt/ros/jazzy DEBUGINFOD_URLS=https://debuginfod.ubuntu.com /usr/bin/cmake --install /home/theo/drift/ros2_ws/src/lbr-stack/build/lbr_med7_r800_description
[1.600s] Level 1:colcon.colcon_core.environment:checking '/home/theo/drift/ros2_ws/src/lbr-stack/install/lbr_med7_r800_description' for CMake config files
[1.600s] Level 1:colcon.colcon_core.shell:create_environment_hook('lbr_med7_r800_description', 'cmake_prefix_path')
[1.600s] INFO:colcon.colcon_core.shell:Creating environment descriptor '/home/theo/drift/ros2_ws/src/lbr-stack/install/lbr_med7_r800_description/share/lbr_med7_r800_description/hook/cmake_prefix_path.dsv'
[1.639s] INFO:colcon.colcon_core.shell:Creating environment hook '/home/theo/drift/ros2_ws/src/lbr-stack/install/lbr_med7_r800_description/share/lbr_med7_r800_description/hook/cmake_prefix_path.sh'
[1.639s] Level 1:colcon.colcon_core.environment:checking '/home/theo/drift/ros2_ws/src/lbr-stack/install/lbr_med7_r800_description/bin'
[1.639s] Level 1:colcon.colcon_core.environment:checking '/home/theo/drift/ros2_ws/src/lbr-stack/install/lbr_med7_r800_description/lib/pkgconfig/lbr_med7_r800_description.pc'
[1.640s] Level 1:colcon.colcon_core.environment:checking '/home/theo/drift/ros2_ws/src/lbr-stack/install/lbr_med7_r800_description/lib/python3.12/site-packages'
[1.640s] Level 1:colcon.colcon_core.environment:checking '/home/theo/drift/ros2_ws/src/lbr-stack/install/lbr_med7_r800_description/bin'
[1.640s] INFO:colcon.colcon_core.shell:Creating package descriptor '/home/theo/drift/ros2_ws/src/lbr-stack/install/lbr_med7_r800_description/share/lbr_med7_r800_description/package.dsv'
[1.640s] INFO:colcon.colcon_core.shell:Creating package script '/home/theo/drift/ros2_ws/src/lbr-stack/install/lbr_med7_r800_description/share/lbr_med7_r800_description/package.sh'
[1.640s] INFO:colcon.colcon_core.shell:Creating package script '/home/theo/drift/ros2_ws/src/lbr-stack/install/lbr_med7_r800_description/share/lbr_med7_r800_description/package.bash'
[1.640s] INFO:colcon.colcon_core.shell:Creating package script '/home/theo/drift/ros2_ws/src/lbr-stack/install/lbr_med7_r800_description/share/lbr_med7_r800_description/package.zsh'
[1.640s] Level 1:colcon.colcon_core.environment:create_file_with_runtime_dependencies(/home/theo/drift/ros2_ws/src/lbr-stack/install/lbr_med7_r800_description/share/colcon-core/packages/lbr_med7_r800_description)
[1.640s] Level 1:colcon.colcon_core.environment:create_environment_scripts_only(lbr_med7_r800_description)
[1.640s] Level 1:colcon.colcon_core.environment:checking '/home/theo/drift/ros2_ws/src/lbr-stack/install/lbr_med7_r800_description' for CMake module files
[1.641s] Level 1:colcon.colcon_core.environment:checking '/home/theo/drift/ros2_ws/src/lbr-stack/install/lbr_med7_r800_description' for CMake config files
[1.641s] Level 1:colcon.colcon_core.shell:create_environment_hook('lbr_med7_r800_description', 'cmake_prefix_path')
[1.641s] INFO:colcon.colcon_core.shell:Creating environment descriptor '/home/theo/drift/ros2_ws/src/lbr-stack/install/lbr_med7_r800_description/share/lbr_med7_r800_description/hook/cmake_prefix_path.dsv'
[1.641s] INFO:colcon.colcon_core.shell:Creating environment hook '/home/theo/drift/ros2_ws/src/lbr-stack/install/lbr_med7_r800_description/share/lbr_med7_r800_description/hook/cmake_prefix_path.sh'
[1.645s] Level 1:colcon.colcon_core.environment:checking '/home/theo/drift/ros2_ws/src/lbr-stack/install/lbr_med7_r800_description/bin'
[1.645s] Level 1:colcon.colcon_core.environment:checking '/home/theo/drift/ros2_ws/src/lbr-stack/install/lbr_med7_r800_description/lib/pkgconfig/lbr_med7_r800_description.pc'
[1.645s] Level 1:colcon.colcon_core.environment:checking '/home/theo/drift/ros2_ws/src/lbr-stack/install/lbr_med7_r800_description/lib/python3.12/site-packages'
[1.645s] Level 1:colcon.colcon_core.environment:checking '/home/theo/drift/ros2_ws/src/lbr-stack/install/lbr_med7_r800_description/bin'
[1.646s] INFO:colcon.colcon_core.shell:Creating package descriptor '/home/theo/drift/ros2_ws/src/lbr-stack/install/lbr_med7_r800_description/share/lbr_med7_r800_description/package.dsv'
[1.646s] INFO:colcon.colcon_core.shell:Creating package script '/home/theo/drift/ros2_ws/src/lbr-stack/install/lbr_med7_r800_description/share/lbr_med7_r800_description/package.sh'
[1.646s] INFO:colcon.colcon_core.shell:Creating package script '/home/theo/drift/ros2_ws/src/lbr-stack/install/lbr_med7_r800_description/share/lbr_med7_r800_description/package.bash'
[1.646s] INFO:colcon.colcon_core.shell:Creating package script '/home/theo/drift/ros2_ws/src/lbr-stack/install/lbr_med7_r800_description/share/lbr_med7_r800_description/package.zsh'
[1.646s] Level 1:colcon.colcon_core.environment:create_file_with_runtime_dependencies(/home/theo/drift/ros2_ws/src/lbr-stack/install/lbr_med7_r800_description/share/colcon-core/packages/lbr_med7_r800_description)
[1.646s] INFO:colcon.colcon_ros.task.ament_cmake.build:Building ROS package in '/home/theo/drift/ros2_ws/src/lbr-stack/src/lbr_fri_ros2_stack/lbr_demos/lbr_moveit_cpp' with build type 'ament_cmake'
[1.646s] INFO:colcon.colcon_cmake.task.cmake.build:Building CMake package in '/home/theo/drift/ros2_ws/src/lbr-stack/src/lbr_fri_ros2_stack/lbr_demos/lbr_moveit_cpp'
[1.646s] DEBUG:colcon.colcon_core.shell:Skip shell extension 'dsv' for command environment
[1.651s] Level 1:colcon.colcon_core.environment:create_environment_scripts_only(lbr_dual_arm_moveit_config)
[1.651s] DEBUG:colcon.colcon_core.event_handler.log_command:Invoked command in '/home/theo/drift/ros2_ws/src/lbr-stack/build/lbr_dual_arm_moveit_config' returned '0': AMENT_PREFIX_PATH=/home/theo/drift/ros2_ws/src/lbr-stack/install/lbr_iiwa7_r800_description:${AMENT_PREFIX_PATH} CMAKE_PREFIX_PATH=/home/theo/drift/ros2_ws/src/lbr-stack/install/lbr_iiwa7_r800_description:/opt/ros/jazzy/opt/gz_sim_vendor:/opt/ros/jazzy/opt/gz_sensors_vendor:/opt/ros/jazzy/opt/gz_physics_vendor:/opt/ros/jazzy/opt/gz_gui_vendor:/opt/ros/jazzy/opt/gz_transport_vendor:/opt/ros/jazzy/opt/gz_rendering_vendor:/opt/ros/jazzy/opt/gz_plugin_vendor:/opt/ros/jazzy/opt/gz_fuel_tools_vendor:/opt/ros/jazzy/opt/gz_msgs_vendor:/opt/ros/jazzy/opt/gz_common_vendor:/opt/ros/jazzy/opt/gz_ogre_next_vendor:/opt/ros/jazzy/opt/gz_dartsim_vendor:/opt/ros/jazzy/opt/sdformat_vendor:/opt/ros/jazzy/opt/gz_math_vendor:/opt/ros/jazzy/opt/gz_utils_vendor:/opt/ros/jazzy/opt/gz_tools_vendor:/opt/ros/jazzy/opt/gz_cmake_vendor:/home/theo/drift/ros2_ws/install/my_package:/opt/ros/jazzy DEBUGINFOD_URLS=https://debuginfod.ubuntu.com /usr/bin/cmake --install /home/theo/drift/ros2_ws/src/lbr-stack/build/lbr_dual_arm_moveit_config
[1.651s] Level 1:colcon.colcon_core.environment:checking '/home/theo/drift/ros2_ws/src/lbr-stack/install/lbr_dual_arm_moveit_config' for CMake module files
[1.651s] Level 1:colcon.colcon_core.environment:checking '/home/theo/drift/ros2_ws/src/lbr-stack/install/lbr_dual_arm_moveit_config' for CMake config files
[1.652s] Level 1:colcon.colcon_core.shell:create_environment_hook('lbr_dual_arm_moveit_config', 'cmake_prefix_path')
[1.652s] INFO:colcon.colcon_core.shell:Creating environment descriptor '/home/theo/drift/ros2_ws/src/lbr-stack/install/lbr_dual_arm_moveit_config/share/lbr_dual_arm_moveit_config/hook/cmake_prefix_path.dsv'
[1.652s] INFO:colcon.colcon_core.shell:Creating environment hook '/home/theo/drift/ros2_ws/src/lbr-stack/install/lbr_dual_arm_moveit_config/share/lbr_dual_arm_moveit_config/hook/cmake_prefix_path.sh'
[1.652s] Level 1:colcon.colcon_core.environment:checking '/home/theo/drift/ros2_ws/src/lbr-stack/install/lbr_dual_arm_moveit_config/bin'
[1.652s] Level 1:colcon.colcon_core.environment:checking '/home/theo/drift/ros2_ws/src/lbr-stack/install/lbr_dual_arm_moveit_config/lib/pkgconfig/lbr_dual_arm_moveit_config.pc'
[1.652s] Level 1:colcon.colcon_core.environment:checking '/home/theo/drift/ros2_ws/src/lbr-stack/install/lbr_dual_arm_moveit_config/lib/python3.12/site-packages'
[1.652s] Level 1:colcon.colcon_core.environment:checking '/home/theo/drift/ros2_ws/src/lbr-stack/install/lbr_dual_arm_moveit_config/bin'
[1.652s] INFO:colcon.colcon_core.shell:Creating package descriptor '/home/theo/drift/ros2_ws/src/lbr-stack/install/lbr_dual_arm_moveit_config/share/lbr_dual_arm_moveit_config/package.dsv'
[1.653s] INFO:colcon.colcon_core.shell:Creating package script '/home/theo/drift/ros2_ws/src/lbr-stack/install/lbr_dual_arm_moveit_config/share/lbr_dual_arm_moveit_config/package.sh'
[1.653s] INFO:colcon.colcon_core.shell:Creating package script '/home/theo/drift/ros2_ws/src/lbr-stack/install/lbr_dual_arm_moveit_config/share/lbr_dual_arm_moveit_config/package.bash'
[1.653s] INFO:colcon.colcon_core.shell:Creating package script '/home/theo/drift/ros2_ws/src/lbr-stack/install/lbr_dual_arm_moveit_config/share/lbr_dual_arm_moveit_config/package.zsh'
[1.653s] Level 1:colcon.colcon_core.environment:create_file_with_runtime_dependencies(/home/theo/drift/ros2_ws/src/lbr-stack/install/lbr_dual_arm_moveit_config/share/colcon-core/packages/lbr_dual_arm_moveit_config)
[1.653s] Level 1:colcon.colcon_core.environment:create_environment_scripts_only(lbr_dual_arm_moveit_config)
[1.653s] Level 1:colcon.colcon_core.environment:checking '/home/theo/drift/ros2_ws/src/lbr-stack/install/lbr_dual_arm_moveit_config' for CMake module files
[1.653s] Level 1:colcon.colcon_core.environment:checking '/home/theo/drift/ros2_ws/src/lbr-stack/install/lbr_dual_arm_moveit_config' for CMake config files
[1.653s] Level 1:colcon.colcon_core.shell:create_environment_hook('lbr_dual_arm_moveit_config', 'cmake_prefix_path')
[1.653s] INFO:colcon.colcon_core.shell:Creating environment descriptor '/home/theo/drift/ros2_ws/src/lbr-stack/install/lbr_dual_arm_moveit_config/share/lbr_dual_arm_moveit_config/hook/cmake_prefix_path.dsv'
[1.653s] INFO:colcon.colcon_core.shell:Creating environment hook '/home/theo/drift/ros2_ws/src/lbr-stack/install/lbr_dual_arm_moveit_config/share/lbr_dual_arm_moveit_config/hook/cmake_prefix_path.sh'
[1.654s] Level 1:colcon.colcon_core.environment:checking '/home/theo/drift/ros2_ws/src/lbr-stack/install/lbr_dual_arm_moveit_config/bin'
[1.654s] Level 1:colcon.colcon_core.environment:checking '/home/theo/drift/ros2_ws/src/lbr-stack/install/lbr_dual_arm_moveit_config/lib/pkgconfig/lbr_dual_arm_moveit_config.pc'
[1.654s] Level 1:colcon.colcon_core.environment:checking '/home/theo/drift/ros2_ws/src/lbr-stack/install/lbr_dual_arm_moveit_config/lib/python3.12/site-packages'
[1.654s] Level 1:colcon.colcon_core.environment:checking '/home/theo/drift/ros2_ws/src/lbr-stack/install/lbr_dual_arm_moveit_config/bin'
[1.654s] INFO:colcon.colcon_core.shell:Creating package descriptor '/home/theo/drift/ros2_ws/src/lbr-stack/install/lbr_dual_arm_moveit_config/share/lbr_dual_arm_moveit_config/package.dsv'
[1.654s] INFO:colcon.colcon_core.shell:Creating package script '/home/theo/drift/ros2_ws/src/lbr-stack/install/lbr_dual_arm_moveit_config/share/lbr_dual_arm_moveit_config/package.sh'
[1.654s] INFO:colcon.colcon_core.shell:Creating package script '/home/theo/drift/ros2_ws/src/lbr-stack/install/lbr_dual_arm_moveit_config/share/lbr_dual_arm_moveit_config/package.bash'
[1.654s] INFO:colcon.colcon_core.shell:Creating package script '/home/theo/drift/ros2_ws/src/lbr-stack/install/lbr_dual_arm_moveit_config/share/lbr_dual_arm_moveit_config/package.zsh'
[1.655s] Level 1:colcon.colcon_core.environment:create_file_with_runtime_dependencies(/home/theo/drift/ros2_ws/src/lbr-stack/install/lbr_dual_arm_moveit_config/share/colcon-core/packages/lbr_dual_arm_moveit_config)
[1.655s] INFO:colcon.colcon_ros.task.ament_cmake.build:Building ROS package in '/home/theo/drift/ros2_ws/src/lbr-stack/src/lbr_fri_ros2_stack/lbr_moveit_config/iiwa14_moveit_config' with build type 'ament_cmake'
[1.655s] INFO:colcon.colcon_cmake.task.cmake.build:Building CMake package in '/home/theo/drift/ros2_ws/src/lbr-stack/src/lbr_fri_ros2_stack/lbr_moveit_config/iiwa14_moveit_config'
[1.655s] DEBUG:colcon.colcon_core.shell:Skip shell extension 'dsv' for command environment
[1.659s] DEBUG:colcon.colcon_core.event_handler.log_command:Invoking command in '/home/theo/drift/ros2_ws/src/lbr-stack/build/lbr_moveit_cpp': CMAKE_PREFIX_PATH=${CMAKE_PREFIX_PATH}:/home/theo/drift/ros2_ws/install/my_package:/opt/ros/jazzy DEBUGINFOD_URLS=https://debuginfod.ubuntu.com /usr/bin/cmake /home/theo/drift/ros2_ws/src/lbr-stack/src/lbr_fri_ros2_stack/lbr_demos/lbr_moveit_cpp -DAMENT_CMAKE_SYMLINK_INSTALL=1 -DCMAKE_INSTALL_PREFIX=/home/theo/drift/ros2_ws/src/lbr-stack/install/lbr_moveit_cpp
[1.664s] DEBUG:colcon.colcon_core.event_handler.log_command:Invoking command in '/home/theo/drift/ros2_ws/src/lbr-stack/build/iiwa14_moveit_config': AMENT_PREFIX_PATH=/home/theo/drift/ros2_ws/src/lbr-stack/install/lbr_iiwa14_r820_description:${AMENT_PREFIX_PATH} CMAKE_PREFIX_PATH=/home/theo/drift/ros2_ws/src/lbr-stack/install/lbr_iiwa14_r820_description:/opt/ros/jazzy/opt/gz_sim_vendor:/opt/ros/jazzy/opt/gz_sensors_vendor:/opt/ros/jazzy/opt/gz_physics_vendor:/opt/ros/jazzy/opt/gz_gui_vendor:/opt/ros/jazzy/opt/gz_transport_vendor:/opt/ros/jazzy/opt/gz_rendering_vendor:/opt/ros/jazzy/opt/gz_plugin_vendor:/opt/ros/jazzy/opt/gz_fuel_tools_vendor:/opt/ros/jazzy/opt/gz_msgs_vendor:/opt/ros/jazzy/opt/gz_common_vendor:/opt/ros/jazzy/opt/gz_ogre_next_vendor:/opt/ros/jazzy/opt/gz_dartsim_vendor:/opt/ros/jazzy/opt/sdformat_vendor:/opt/ros/jazzy/opt/gz_math_vendor:/opt/ros/jazzy/opt/gz_utils_vendor:/opt/ros/jazzy/opt/gz_tools_vendor:/opt/ros/jazzy/opt/gz_cmake_vendor:/home/theo/drift/ros2_ws/install/my_package:/opt/ros/jazzy DEBUGINFOD_URLS=https://debuginfod.ubuntu.com /usr/bin/cmake /home/theo/drift/ros2_ws/src/lbr-stack/src/lbr_fri_ros2_stack/lbr_moveit_config/iiwa14_moveit_config -DAMENT_CMAKE_SYMLINK_INSTALL=1 -DCMAKE_INSTALL_PREFIX=/home/theo/drift/ros2_ws/src/lbr-stack/install/iiwa14_moveit_config
[1.773s] Level 1:colcon.colcon_core.shell:create_environment_hook('lbr_moveit', 'pythonpath_develop')
[1.773s] INFO:colcon.colcon_core.shell:Creating environment descriptor '/home/theo/drift/ros2_ws/src/lbr-stack/build/lbr_moveit/share/lbr_moveit/hook/pythonpath_develop.dsv'
[1.773s] INFO:colcon.colcon_core.shell:Creating environment hook '/home/theo/drift/ros2_ws/src/lbr-stack/build/lbr_moveit/share/lbr_moveit/hook/pythonpath_develop.sh'
[1.773s] Level 1:colcon.colcon_core.environment:checking '/home/theo/drift/ros2_ws/src/lbr-stack/install/lbr_moveit' for CMake module files
[1.773s] Level 1:colcon.colcon_core.environment:checking '/home/theo/drift/ros2_ws/src/lbr-stack/install/lbr_moveit' for CMake config files
[1.774s] Level 1:colcon.colcon_core.environment:checking '/home/theo/drift/ros2_ws/src/lbr-stack/install/lbr_moveit/lib'
[1.774s] Level 1:colcon.colcon_core.environment:checking '/home/theo/drift/ros2_ws/src/lbr-stack/install/lbr_moveit/bin'
[1.774s] Level 1:colcon.colcon_core.environment:checking '/home/theo/drift/ros2_ws/src/lbr-stack/install/lbr_moveit/lib/pkgconfig/lbr_moveit.pc'
[1.774s] Level 1:colcon.colcon_core.environment:checking '/home/theo/drift/ros2_ws/src/lbr-stack/install/lbr_moveit/lib/python3.12/site-packages'
[1.774s] Level 1:colcon.colcon_core.shell:create_environment_hook('lbr_moveit', 'pythonpath')
[1.774s] INFO:colcon.colcon_core.shell:Creating environment descriptor '/home/theo/drift/ros2_ws/src/lbr-stack/install/lbr_moveit/share/lbr_moveit/hook/pythonpath.dsv'
[1.774s] INFO:colcon.colcon_core.shell:Creating environment hook '/home/theo/drift/ros2_ws/src/lbr-stack/install/lbr_moveit/share/lbr_moveit/hook/pythonpath.sh'
[1.774s] Level 1:colcon.colcon_core.environment:checking '/home/theo/drift/ros2_ws/src/lbr-stack/install/lbr_moveit/bin'
[1.774s] Level 1:colcon.colcon_core.environment:create_environment_scripts_only(lbr_moveit)
[1.774s] INFO:colcon.colcon_core.shell:Creating package descriptor '/home/theo/drift/ros2_ws/src/lbr-stack/install/lbr_moveit/share/lbr_moveit/package.dsv'
[1.774s] INFO:colcon.colcon_core.shell:Creating package script '/home/theo/drift/ros2_ws/src/lbr-stack/install/lbr_moveit/share/lbr_moveit/package.sh'
[1.775s] INFO:colcon.colcon_core.shell:Creating package script '/home/theo/drift/ros2_ws/src/lbr-stack/install/lbr_moveit/share/lbr_moveit/package.bash'
[1.775s] INFO:colcon.colcon_core.shell:Creating package script '/home/theo/drift/ros2_ws/src/lbr-stack/install/lbr_moveit/share/lbr_moveit/package.zsh'
[1.775s] Level 1:colcon.colcon_core.environment:create_file_with_runtime_dependencies(/home/theo/drift/ros2_ws/src/lbr-stack/install/lbr_moveit/share/colcon-core/packages/lbr_moveit)
[1.775s] INFO:colcon.colcon_ros.task.ament_cmake.build:Building ROS package in '/home/theo/drift/ros2_ws/src/lbr-stack/src/lbr_fri_ros2_stack/lbr_moveit_config/iiwa7_moveit_config' with build type 'ament_cmake'
[1.775s] INFO:colcon.colcon_cmake.task.cmake.build:Building CMake package in '/home/theo/drift/ros2_ws/src/lbr-stack/src/lbr_fri_ros2_stack/lbr_moveit_config/iiwa7_moveit_config'
[1.775s] DEBUG:colcon.colcon_core.shell:Skip shell extension 'dsv' for command environment
[1.780s] DEBUG:colcon.colcon_core.event_handler.log_command:Invoked command in '/home/theo/drift/ros2_ws/src/lbr-stack/build/lbr_moveit' returned '0': DEBUGINFOD_URLS=https://debuginfod.ubuntu.com PYTHONPATH=/home/theo/drift/ros2_ws/src/lbr-stack/build/lbr_moveit/prefix_override:/usr/lib/python3/dist-packages/colcon_core/task/python/colcon_distutils_commands:/home/theo/drift/ros2_ws/src/lbr-stack/install/lbr_moveit/lib/python3.12/site-packages:${PYTHONPATH} /usr/bin/python3 -W ignore:setup.py install is deprecated -W ignore:easy_install command is deprecated setup.py develop --editable --build-directory /home/theo/drift/ros2_ws/src/lbr-stack/build/lbr_moveit/build --no-deps symlink_data
[1.780s] DEBUG:colcon.colcon_core.event_handler.log_command:Invoking command in '/home/theo/drift/ros2_ws/src/lbr-stack/build/iiwa7_moveit_config': AMENT_PREFIX_PATH=/home/theo/drift/ros2_ws/src/lbr-stack/install/lbr_iiwa7_r800_description:${AMENT_PREFIX_PATH} CMAKE_PREFIX_PATH=/home/theo/drift/ros2_ws/src/lbr-stack/install/lbr_iiwa7_r800_description:/opt/ros/jazzy/opt/gz_sim_vendor:/opt/ros/jazzy/opt/gz_sensors_vendor:/opt/ros/jazzy/opt/gz_physics_vendor:/opt/ros/jazzy/opt/gz_gui_vendor:/opt/ros/jazzy/opt/gz_transport_vendor:/opt/ros/jazzy/opt/gz_rendering_vendor:/opt/ros/jazzy/opt/gz_plugin_vendor:/opt/ros/jazzy/opt/gz_fuel_tools_vendor:/opt/ros/jazzy/opt/gz_msgs_vendor:/opt/ros/jazzy/opt/gz_common_vendor:/opt/ros/jazzy/opt/gz_ogre_next_vendor:/opt/ros/jazzy/opt/gz_dartsim_vendor:/opt/ros/jazzy/opt/sdformat_vendor:/opt/ros/jazzy/opt/gz_math_vendor:/opt/ros/jazzy/opt/gz_utils_vendor:/opt/ros/jazzy/opt/gz_tools_vendor:/opt/ros/jazzy/opt/gz_cmake_vendor:/home/theo/drift/ros2_ws/install/my_package:/opt/ros/jazzy DEBUGINFOD_URLS=https://debuginfod.ubuntu.com /usr/bin/cmake /home/theo/drift/ros2_ws/src/lbr-stack/src/lbr_fri_ros2_stack/lbr_moveit_config/iiwa7_moveit_config -DAMENT_CMAKE_SYMLINK_INSTALL=1 -DCMAKE_INSTALL_PREFIX=/home/theo/drift/ros2_ws/src/lbr-stack/install/iiwa7_moveit_config
[2.205s] DEBUG:colcon.colcon_core.event_handler.log_command:Invoked command in '/home/theo/drift/ros2_ws/src/lbr-stack/build/iiwa14_moveit_config' returned '0': AMENT_PREFIX_PATH=/home/theo/drift/ros2_ws/src/lbr-stack/install/lbr_iiwa14_r820_description:${AMENT_PREFIX_PATH} CMAKE_PREFIX_PATH=/home/theo/drift/ros2_ws/src/lbr-stack/install/lbr_iiwa14_r820_description:/opt/ros/jazzy/opt/gz_sim_vendor:/opt/ros/jazzy/opt/gz_sensors_vendor:/opt/ros/jazzy/opt/gz_physics_vendor:/opt/ros/jazzy/opt/gz_gui_vendor:/opt/ros/jazzy/opt/gz_transport_vendor:/opt/ros/jazzy/opt/gz_rendering_vendor:/opt/ros/jazzy/opt/gz_plugin_vendor:/opt/ros/jazzy/opt/gz_fuel_tools_vendor:/opt/ros/jazzy/opt/gz_msgs_vendor:/opt/ros/jazzy/opt/gz_common_vendor:/opt/ros/jazzy/opt/gz_ogre_next_vendor:/opt/ros/jazzy/opt/gz_dartsim_vendor:/opt/ros/jazzy/opt/sdformat_vendor:/opt/ros/jazzy/opt/gz_math_vendor:/opt/ros/jazzy/opt/gz_utils_vendor:/opt/ros/jazzy/opt/gz_tools_vendor:/opt/ros/jazzy/opt/gz_cmake_vendor:/home/theo/drift/ros2_ws/install/my_package:/opt/ros/jazzy DEBUGINFOD_URLS=https://debuginfod.ubuntu.com /usr/bin/cmake /home/theo/drift/ros2_ws/src/lbr-stack/src/lbr_fri_ros2_stack/lbr_moveit_config/iiwa14_moveit_config -DAMENT_CMAKE_SYMLINK_INSTALL=1 -DCMAKE_INSTALL_PREFIX=/home/theo/drift/ros2_ws/src/lbr-stack/install/iiwa14_moveit_config
[2.205s] DEBUG:colcon.colcon_core.event_handler.log_command:Invoking command in '/home/theo/drift/ros2_ws/src/lbr-stack/build/iiwa14_moveit_config': AMENT_PREFIX_PATH=/home/theo/drift/ros2_ws/src/lbr-stack/install/lbr_iiwa14_r820_description:${AMENT_PREFIX_PATH} CMAKE_PREFIX_PATH=/home/theo/drift/ros2_ws/src/lbr-stack/install/lbr_iiwa14_r820_description:/opt/ros/jazzy/opt/gz_sim_vendor:/opt/ros/jazzy/opt/gz_sensors_vendor:/opt/ros/jazzy/opt/gz_physics_vendor:/opt/ros/jazzy/opt/gz_gui_vendor:/opt/ros/jazzy/opt/gz_transport_vendor:/opt/ros/jazzy/opt/gz_rendering_vendor:/opt/ros/jazzy/opt/gz_plugin_vendor:/opt/ros/jazzy/opt/gz_fuel_tools_vendor:/opt/ros/jazzy/opt/gz_msgs_vendor:/opt/ros/jazzy/opt/gz_common_vendor:/opt/ros/jazzy/opt/gz_ogre_next_vendor:/opt/ros/jazzy/opt/gz_dartsim_vendor:/opt/ros/jazzy/opt/sdformat_vendor:/opt/ros/jazzy/opt/gz_math_vendor:/opt/ros/jazzy/opt/gz_utils_vendor:/opt/ros/jazzy/opt/gz_tools_vendor:/opt/ros/jazzy/opt/gz_cmake_vendor:/home/theo/drift/ros2_ws/install/my_package:/opt/ros/jazzy DEBUGINFOD_URLS=https://debuginfod.ubuntu.com /usr/bin/cmake --build /home/theo/drift/ros2_ws/src/lbr-stack/build/iiwa14_moveit_config -- -j4 -l4
[2.282s] DEBUG:colcon.colcon_core.event_handler.log_command:Invoked command in '/home/theo/drift/ros2_ws/src/lbr-stack/build/iiwa14_moveit_config' returned '0': AMENT_PREFIX_PATH=/home/theo/drift/ros2_ws/src/lbr-stack/install/lbr_iiwa14_r820_description:${AMENT_PREFIX_PATH} CMAKE_PREFIX_PATH=/home/theo/drift/ros2_ws/src/lbr-stack/install/lbr_iiwa14_r820_description:/opt/ros/jazzy/opt/gz_sim_vendor:/opt/ros/jazzy/opt/gz_sensors_vendor:/opt/ros/jazzy/opt/gz_physics_vendor:/opt/ros/jazzy/opt/gz_gui_vendor:/opt/ros/jazzy/opt/gz_transport_vendor:/opt/ros/jazzy/opt/gz_rendering_vendor:/opt/ros/jazzy/opt/gz_plugin_vendor:/opt/ros/jazzy/opt/gz_fuel_tools_vendor:/opt/ros/jazzy/opt/gz_msgs_vendor:/opt/ros/jazzy/opt/gz_common_vendor:/opt/ros/jazzy/opt/gz_ogre_next_vendor:/opt/ros/jazzy/opt/gz_dartsim_vendor:/opt/ros/jazzy/opt/sdformat_vendor:/opt/ros/jazzy/opt/gz_math_vendor:/opt/ros/jazzy/opt/gz_utils_vendor:/opt/ros/jazzy/opt/gz_tools_vendor:/opt/ros/jazzy/opt/gz_cmake_vendor:/home/theo/drift/ros2_ws/install/my_package:/opt/ros/jazzy DEBUGINFOD_URLS=https://debuginfod.ubuntu.com /usr/bin/cmake --build /home/theo/drift/ros2_ws/src/lbr-stack/build/iiwa14_moveit_config -- -j4 -l4
[2.282s] DEBUG:colcon.colcon_core.event_handler.log_command:Invoking command in '/home/theo/drift/ros2_ws/src/lbr-stack/build/iiwa14_moveit_config': AMENT_PREFIX_PATH=/home/theo/drift/ros2_ws/src/lbr-stack/install/lbr_iiwa14_r820_description:${AMENT_PREFIX_PATH} CMAKE_PREFIX_PATH=/home/theo/drift/ros2_ws/src/lbr-stack/install/lbr_iiwa14_r820_description:/opt/ros/jazzy/opt/gz_sim_vendor:/opt/ros/jazzy/opt/gz_sensors_vendor:/opt/ros/jazzy/opt/gz_physics_vendor:/opt/ros/jazzy/opt/gz_gui_vendor:/opt/ros/jazzy/opt/gz_transport_vendor:/opt/ros/jazzy/opt/gz_rendering_vendor:/opt/ros/jazzy/opt/gz_plugin_vendor:/opt/ros/jazzy/opt/gz_fuel_tools_vendor:/opt/ros/jazzy/opt/gz_msgs_vendor:/opt/ros/jazzy/opt/gz_common_vendor:/opt/ros/jazzy/opt/gz_ogre_next_vendor:/opt/ros/jazzy/opt/gz_dartsim_vendor:/opt/ros/jazzy/opt/sdformat_vendor:/opt/ros/jazzy/opt/gz_math_vendor:/opt/ros/jazzy/opt/gz_utils_vendor:/opt/ros/jazzy/opt/gz_tools_vendor:/opt/ros/jazzy/opt/gz_cmake_vendor:/home/theo/drift/ros2_ws/install/my_package:/opt/ros/jazzy DEBUGINFOD_URLS=https://debuginfod.ubuntu.com /usr/bin/cmake --install /home/theo/drift/ros2_ws/src/lbr-stack/build/iiwa14_moveit_config
[2.454s] DEBUG:colcon.colcon_core.event_handler.log_command:Invoked command in '/home/theo/drift/ros2_ws/src/lbr-stack/build/iiwa7_moveit_config' returned '0': AMENT_PREFIX_PATH=/home/theo/drift/ros2_ws/src/lbr-stack/install/lbr_iiwa7_r800_description:${AMENT_PREFIX_PATH} CMAKE_PREFIX_PATH=/home/theo/drift/ros2_ws/src/lbr-stack/install/lbr_iiwa7_r800_description:/opt/ros/jazzy/opt/gz_sim_vendor:/opt/ros/jazzy/opt/gz_sensors_vendor:/opt/ros/jazzy/opt/gz_physics_vendor:/opt/ros/jazzy/opt/gz_gui_vendor:/opt/ros/jazzy/opt/gz_transport_vendor:/opt/ros/jazzy/opt/gz_rendering_vendor:/opt/ros/jazzy/opt/gz_plugin_vendor:/opt/ros/jazzy/opt/gz_fuel_tools_vendor:/opt/ros/jazzy/opt/gz_msgs_vendor:/opt/ros/jazzy/opt/gz_common_vendor:/opt/ros/jazzy/opt/gz_ogre_next_vendor:/opt/ros/jazzy/opt/gz_dartsim_vendor:/opt/ros/jazzy/opt/sdformat_vendor:/opt/ros/jazzy/opt/gz_math_vendor:/opt/ros/jazzy/opt/gz_utils_vendor:/opt/ros/jazzy/opt/gz_tools_vendor:/opt/ros/jazzy/opt/gz_cmake_vendor:/home/theo/drift/ros2_ws/install/my_package:/opt/ros/jazzy DEBUGINFOD_URLS=https://debuginfod.ubuntu.com /usr/bin/cmake /home/theo/drift/ros2_ws/src/lbr-stack/src/lbr_fri_ros2_stack/lbr_moveit_config/iiwa7_moveit_config -DAMENT_CMAKE_SYMLINK_INSTALL=1 -DCMAKE_INSTALL_PREFIX=/home/theo/drift/ros2_ws/src/lbr-stack/install/iiwa7_moveit_config
[2.454s] DEBUG:colcon.colcon_core.event_handler.log_command:Invoking command in '/home/theo/drift/ros2_ws/src/lbr-stack/build/iiwa7_moveit_config': AMENT_PREFIX_PATH=/home/theo/drift/ros2_ws/src/lbr-stack/install/lbr_iiwa7_r800_description:${AMENT_PREFIX_PATH} CMAKE_PREFIX_PATH=/home/theo/drift/ros2_ws/src/lbr-stack/install/lbr_iiwa7_r800_description:/opt/ros/jazzy/opt/gz_sim_vendor:/opt/ros/jazzy/opt/gz_sensors_vendor:/opt/ros/jazzy/opt/gz_physics_vendor:/opt/ros/jazzy/opt/gz_gui_vendor:/opt/ros/jazzy/opt/gz_transport_vendor:/opt/ros/jazzy/opt/gz_rendering_vendor:/opt/ros/jazzy/opt/gz_plugin_vendor:/opt/ros/jazzy/opt/gz_fuel_tools_vendor:/opt/ros/jazzy/opt/gz_msgs_vendor:/opt/ros/jazzy/opt/gz_common_vendor:/opt/ros/jazzy/opt/gz_ogre_next_vendor:/opt/ros/jazzy/opt/gz_dartsim_vendor:/opt/ros/jazzy/opt/sdformat_vendor:/opt/ros/jazzy/opt/gz_math_vendor:/opt/ros/jazzy/opt/gz_utils_vendor:/opt/ros/jazzy/opt/gz_tools_vendor:/opt/ros/jazzy/opt/gz_cmake_vendor:/home/theo/drift/ros2_ws/install/my_package:/opt/ros/jazzy DEBUGINFOD_URLS=https://debuginfod.ubuntu.com /usr/bin/cmake --build /home/theo/drift/ros2_ws/src/lbr-stack/build/iiwa7_moveit_config -- -j4 -l4
[2.488s] DEBUG:colcon.colcon_core.event_handler.log_command:Invoked command in '/home/theo/drift/ros2_ws/src/lbr-stack/build/iiwa7_moveit_config' returned '0': AMENT_PREFIX_PATH=/home/theo/drift/ros2_ws/src/lbr-stack/install/lbr_iiwa7_r800_description:${AMENT_PREFIX_PATH} CMAKE_PREFIX_PATH=/home/theo/drift/ros2_ws/src/lbr-stack/install/lbr_iiwa7_r800_description:/opt/ros/jazzy/opt/gz_sim_vendor:/opt/ros/jazzy/opt/gz_sensors_vendor:/opt/ros/jazzy/opt/gz_physics_vendor:/opt/ros/jazzy/opt/gz_gui_vendor:/opt/ros/jazzy/opt/gz_transport_vendor:/opt/ros/jazzy/opt/gz_rendering_vendor:/opt/ros/jazzy/opt/gz_plugin_vendor:/opt/ros/jazzy/opt/gz_fuel_tools_vendor:/opt/ros/jazzy/opt/gz_msgs_vendor:/opt/ros/jazzy/opt/gz_common_vendor:/opt/ros/jazzy/opt/gz_ogre_next_vendor:/opt/ros/jazzy/opt/gz_dartsim_vendor:/opt/ros/jazzy/opt/sdformat_vendor:/opt/ros/jazzy/opt/gz_math_vendor:/opt/ros/jazzy/opt/gz_utils_vendor:/opt/ros/jazzy/opt/gz_tools_vendor:/opt/ros/jazzy/opt/gz_cmake_vendor:/home/theo/drift/ros2_ws/install/my_package:/opt/ros/jazzy DEBUGINFOD_URLS=https://debuginfod.ubuntu.com /usr/bin/cmake --build /home/theo/drift/ros2_ws/src/lbr-stack/build/iiwa7_moveit_config -- -j4 -l4
[2.490s] DEBUG:colcon.colcon_core.event_handler.log_command:Invoking command in '/home/theo/drift/ros2_ws/src/lbr-stack/build/iiwa7_moveit_config': AMENT_PREFIX_PATH=/home/theo/drift/ros2_ws/src/lbr-stack/install/lbr_iiwa7_r800_description:${AMENT_PREFIX_PATH} CMAKE_PREFIX_PATH=/home/theo/drift/ros2_ws/src/lbr-stack/install/lbr_iiwa7_r800_description:/opt/ros/jazzy/opt/gz_sim_vendor:/opt/ros/jazzy/opt/gz_sensors_vendor:/opt/ros/jazzy/opt/gz_physics_vendor:/opt/ros/jazzy/opt/gz_gui_vendor:/opt/ros/jazzy/opt/gz_transport_vendor:/opt/ros/jazzy/opt/gz_rendering_vendor:/opt/ros/jazzy/opt/gz_plugin_vendor:/opt/ros/jazzy/opt/gz_fuel_tools_vendor:/opt/ros/jazzy/opt/gz_msgs_vendor:/opt/ros/jazzy/opt/gz_common_vendor:/opt/ros/jazzy/opt/gz_ogre_next_vendor:/opt/ros/jazzy/opt/gz_dartsim_vendor:/opt/ros/jazzy/opt/sdformat_vendor:/opt/ros/jazzy/opt/gz_math_vendor:/opt/ros/jazzy/opt/gz_utils_vendor:/opt/ros/jazzy/opt/gz_tools_vendor:/opt/ros/jazzy/opt/gz_cmake_vendor:/home/theo/drift/ros2_ws/install/my_package:/opt/ros/jazzy DEBUGINFOD_URLS=https://debuginfod.ubuntu.com /usr/bin/cmake --install /home/theo/drift/ros2_ws/src/lbr-stack/build/iiwa7_moveit_config
[2.532s] Level 1:colcon.colcon_core.environment:create_environment_scripts_only(iiwa14_moveit_config)
[2.532s] Level 1:colcon.colcon_core.environment:checking '/home/theo/drift/ros2_ws/src/lbr-stack/install/iiwa14_moveit_config' for CMake module files
[2.532s] Level 1:colcon.colcon_core.environment:checking '/home/theo/drift/ros2_ws/src/lbr-stack/install/iiwa14_moveit_config' for CMake config files
[2.532s] Level 1:colcon.colcon_core.shell:create_environment_hook('iiwa14_moveit_config', 'cmake_prefix_path')
[2.532s] INFO:colcon.colcon_core.shell:Creating environment descriptor '/home/theo/drift/ros2_ws/src/lbr-stack/install/iiwa14_moveit_config/share/iiwa14_moveit_config/hook/cmake_prefix_path.dsv'
[2.532s] INFO:colcon.colcon_core.shell:Creating environment hook '/home/theo/drift/ros2_ws/src/lbr-stack/install/iiwa14_moveit_config/share/iiwa14_moveit_config/hook/cmake_prefix_path.sh'
[2.533s] Level 1:colcon.colcon_core.environment:checking '/home/theo/drift/ros2_ws/src/lbr-stack/install/iiwa14_moveit_config/bin'
[2.533s] Level 1:colcon.colcon_core.environment:checking '/home/theo/drift/ros2_ws/src/lbr-stack/install/iiwa14_moveit_config/lib/pkgconfig/iiwa14_moveit_config.pc'
[2.533s] Level 1:colcon.colcon_core.environment:checking '/home/theo/drift/ros2_ws/src/lbr-stack/install/iiwa14_moveit_config/lib/python3.12/site-packages'
[2.533s] Level 1:colcon.colcon_core.environment:checking '/home/theo/drift/ros2_ws/src/lbr-stack/install/iiwa14_moveit_config/bin'
[2.533s] INFO:colcon.colcon_core.shell:Creating package descriptor '/home/theo/drift/ros2_ws/src/lbr-stack/install/iiwa14_moveit_config/share/iiwa14_moveit_config/package.dsv'
[2.533s] INFO:colcon.colcon_core.shell:Creating package script '/home/theo/drift/ros2_ws/src/lbr-stack/install/iiwa14_moveit_config/share/iiwa14_moveit_config/package.sh'
[2.533s] INFO:colcon.colcon_core.shell:Creating package script '/home/theo/drift/ros2_ws/src/lbr-stack/install/iiwa14_moveit_config/share/iiwa14_moveit_config/package.bash'
[2.534s] INFO:colcon.colcon_core.shell:Creating package script '/home/theo/drift/ros2_ws/src/lbr-stack/install/iiwa14_moveit_config/share/iiwa14_moveit_config/package.zsh'
[2.534s] Level 1:colcon.colcon_core.environment:create_file_with_runtime_dependencies(/home/theo/drift/ros2_ws/src/lbr-stack/install/iiwa14_moveit_config/share/colcon-core/packages/iiwa14_moveit_config)
[2.534s] DEBUG:colcon.colcon_core.event_handler.log_command:Invoked command in '/home/theo/drift/ros2_ws/src/lbr-stack/build/iiwa14_moveit_config' returned '0': AMENT_PREFIX_PATH=/home/theo/drift/ros2_ws/src/lbr-stack/install/lbr_iiwa14_r820_description:${AMENT_PREFIX_PATH} CMAKE_PREFIX_PATH=/home/theo/drift/ros2_ws/src/lbr-stack/install/lbr_iiwa14_r820_description:/opt/ros/jazzy/opt/gz_sim_vendor:/opt/ros/jazzy/opt/gz_sensors_vendor:/opt/ros/jazzy/opt/gz_physics_vendor:/opt/ros/jazzy/opt/gz_gui_vendor:/opt/ros/jazzy/opt/gz_transport_vendor:/opt/ros/jazzy/opt/gz_rendering_vendor:/opt/ros/jazzy/opt/gz_plugin_vendor:/opt/ros/jazzy/opt/gz_fuel_tools_vendor:/opt/ros/jazzy/opt/gz_msgs_vendor:/opt/ros/jazzy/opt/gz_common_vendor:/opt/ros/jazzy/opt/gz_ogre_next_vendor:/opt/ros/jazzy/opt/gz_dartsim_vendor:/opt/ros/jazzy/opt/sdformat_vendor:/opt/ros/jazzy/opt/gz_math_vendor:/opt/ros/jazzy/opt/gz_utils_vendor:/opt/ros/jazzy/opt/gz_tools_vendor:/opt/ros/jazzy/opt/gz_cmake_vendor:/home/theo/drift/ros2_ws/install/my_package:/opt/ros/jazzy DEBUGINFOD_URLS=https://debuginfod.ubuntu.com /usr/bin/cmake --install /home/theo/drift/ros2_ws/src/lbr-stack/build/iiwa14_moveit_config
[2.534s] Level 1:colcon.colcon_core.environment:create_environment_scripts_only(iiwa14_moveit_config)
[2.534s] Level 1:colcon.colcon_core.environment:checking '/home/theo/drift/ros2_ws/src/lbr-stack/install/iiwa14_moveit_config' for CMake module files
[2.534s] Level 1:colcon.colcon_core.environment:checking '/home/theo/drift/ros2_ws/src/lbr-stack/install/iiwa14_moveit_config' for CMake config files
[2.534s] Level 1:colcon.colcon_core.shell:create_environment_hook('iiwa14_moveit_config', 'cmake_prefix_path')
[2.534s] INFO:colcon.colcon_core.shell:Creating environment descriptor '/home/theo/drift/ros2_ws/src/lbr-stack/install/iiwa14_moveit_config/share/iiwa14_moveit_config/hook/cmake_prefix_path.dsv'
[2.535s] INFO:colcon.colcon_core.shell:Creating environment hook '/home/theo/drift/ros2_ws/src/lbr-stack/install/iiwa14_moveit_config/share/iiwa14_moveit_config/hook/cmake_prefix_path.sh'
[2.535s] Level 1:colcon.colcon_core.environment:checking '/home/theo/drift/ros2_ws/src/lbr-stack/install/iiwa14_moveit_config/bin'
[2.535s] Level 1:colcon.colcon_core.environment:checking '/home/theo/drift/ros2_ws/src/lbr-stack/install/iiwa14_moveit_config/lib/pkgconfig/iiwa14_moveit_config.pc'
[2.535s] Level 1:colcon.colcon_core.environment:checking '/home/theo/drift/ros2_ws/src/lbr-stack/install/iiwa14_moveit_config/lib/python3.12/site-packages'
[2.536s] Level 1:colcon.colcon_core.environment:checking '/home/theo/drift/ros2_ws/src/lbr-stack/install/iiwa14_moveit_config/bin'
[2.536s] INFO:colcon.colcon_core.shell:Creating package descriptor '/home/theo/drift/ros2_ws/src/lbr-stack/install/iiwa14_moveit_config/share/iiwa14_moveit_config/package.dsv'
[2.537s] INFO:colcon.colcon_core.shell:Creating package script '/home/theo/drift/ros2_ws/src/lbr-stack/install/iiwa14_moveit_config/share/iiwa14_moveit_config/package.sh'
[2.537s] INFO:colcon.colcon_core.shell:Creating package script '/home/theo/drift/ros2_ws/src/lbr-stack/install/iiwa14_moveit_config/share/iiwa14_moveit_config/package.bash'
[2.537s] INFO:colcon.colcon_core.shell:Creating package script '/home/theo/drift/ros2_ws/src/lbr-stack/install/iiwa14_moveit_config/share/iiwa14_moveit_config/package.zsh'
[2.537s] Level 1:colcon.colcon_core.environment:create_file_with_runtime_dependencies(/home/theo/drift/ros2_ws/src/lbr-stack/install/iiwa14_moveit_config/share/colcon-core/packages/iiwa14_moveit_config)
[2.538s] INFO:colcon.colcon_ros.task.ament_cmake.build:Building ROS package in '/home/theo/drift/ros2_ws/src/lbr-stack/src/lbr_fri_ros2_stack/lbr_moveit_config/med14_moveit_config' with build type 'ament_cmake'
[2.538s] INFO:colcon.colcon_cmake.task.cmake.build:Building CMake package in '/home/theo/drift/ros2_ws/src/lbr-stack/src/lbr_fri_ros2_stack/lbr_moveit_config/med14_moveit_config'
[2.538s] DEBUG:colcon.colcon_core.shell:Skip shell extension 'dsv' for command environment
[2.541s] DEBUG:colcon.colcon_core.event_handler.log_command:Invoking command in '/home/theo/drift/ros2_ws/src/lbr-stack/build/med14_moveit_config': AMENT_PREFIX_PATH=/home/theo/drift/ros2_ws/src/lbr-stack/install/lbr_med14_r820_description:${AMENT_PREFIX_PATH} CMAKE_PREFIX_PATH=/home/theo/drift/ros2_ws/src/lbr-stack/install/lbr_med14_r820_description:/opt/ros/jazzy/opt/gz_sim_vendor:/opt/ros/jazzy/opt/gz_sensors_vendor:/opt/ros/jazzy/opt/gz_physics_vendor:/opt/ros/jazzy/opt/gz_gui_vendor:/opt/ros/jazzy/opt/gz_transport_vendor:/opt/ros/jazzy/opt/gz_rendering_vendor:/opt/ros/jazzy/opt/gz_plugin_vendor:/opt/ros/jazzy/opt/gz_fuel_tools_vendor:/opt/ros/jazzy/opt/gz_msgs_vendor:/opt/ros/jazzy/opt/gz_common_vendor:/opt/ros/jazzy/opt/gz_ogre_next_vendor:/opt/ros/jazzy/opt/gz_dartsim_vendor:/opt/ros/jazzy/opt/sdformat_vendor:/opt/ros/jazzy/opt/gz_math_vendor:/opt/ros/jazzy/opt/gz_utils_vendor:/opt/ros/jazzy/opt/gz_tools_vendor:/opt/ros/jazzy/opt/gz_cmake_vendor:/home/theo/drift/ros2_ws/install/my_package:/opt/ros/jazzy DEBUGINFOD_URLS=https://debuginfod.ubuntu.com /usr/bin/cmake /home/theo/drift/ros2_ws/src/lbr-stack/src/lbr_fri_ros2_stack/lbr_moveit_config/med14_moveit_config -DAMENT_CMAKE_SYMLINK_INSTALL=1 -DCMAKE_INSTALL_PREFIX=/home/theo/drift/ros2_ws/src/lbr-stack/install/med14_moveit_config
[2.676s] Level 1:colcon.colcon_core.environment:create_environment_scripts_only(iiwa7_moveit_config)
[2.676s] Level 1:colcon.colcon_core.environment:checking '/home/theo/drift/ros2_ws/src/lbr-stack/install/iiwa7_moveit_config' for CMake module files
[2.676s] DEBUG:colcon.colcon_core.event_handler.log_command:Invoked command in '/home/theo/drift/ros2_ws/src/lbr-stack/build/iiwa7_moveit_config' returned '0': AMENT_PREFIX_PATH=/home/theo/drift/ros2_ws/src/lbr-stack/install/lbr_iiwa7_r800_description:${AMENT_PREFIX_PATH} CMAKE_PREFIX_PATH=/home/theo/drift/ros2_ws/src/lbr-stack/install/lbr_iiwa7_r800_description:/opt/ros/jazzy/opt/gz_sim_vendor:/opt/ros/jazzy/opt/gz_sensors_vendor:/opt/ros/jazzy/opt/gz_physics_vendor:/opt/ros/jazzy/opt/gz_gui_vendor:/opt/ros/jazzy/opt/gz_transport_vendor:/opt/ros/jazzy/opt/gz_rendering_vendor:/opt/ros/jazzy/opt/gz_plugin_vendor:/opt/ros/jazzy/opt/gz_fuel_tools_vendor:/opt/ros/jazzy/opt/gz_msgs_vendor:/opt/ros/jazzy/opt/gz_common_vendor:/opt/ros/jazzy/opt/gz_ogre_next_vendor:/opt/ros/jazzy/opt/gz_dartsim_vendor:/opt/ros/jazzy/opt/sdformat_vendor:/opt/ros/jazzy/opt/gz_math_vendor:/opt/ros/jazzy/opt/gz_utils_vendor:/opt/ros/jazzy/opt/gz_tools_vendor:/opt/ros/jazzy/opt/gz_cmake_vendor:/home/theo/drift/ros2_ws/install/my_package:/opt/ros/jazzy DEBUGINFOD_URLS=https://debuginfod.ubuntu.com /usr/bin/cmake --install /home/theo/drift/ros2_ws/src/lbr-stack/build/iiwa7_moveit_config
[2.677s] Level 1:colcon.colcon_core.environment:checking '/home/theo/drift/ros2_ws/src/lbr-stack/install/iiwa7_moveit_config' for CMake config files
[2.677s] Level 1:colcon.colcon_core.shell:create_environment_hook('iiwa7_moveit_config', 'cmake_prefix_path')
[2.677s] INFO:colcon.colcon_core.shell:Creating environment descriptor '/home/theo/drift/ros2_ws/src/lbr-stack/install/iiwa7_moveit_config/share/iiwa7_moveit_config/hook/cmake_prefix_path.dsv'
[2.677s] INFO:colcon.colcon_core.shell:Creating environment hook '/home/theo/drift/ros2_ws/src/lbr-stack/install/iiwa7_moveit_config/share/iiwa7_moveit_config/hook/cmake_prefix_path.sh'
[2.677s] Level 1:colcon.colcon_core.environment:checking '/home/theo/drift/ros2_ws/src/lbr-stack/install/iiwa7_moveit_config/bin'
[2.677s] Level 1:colcon.colcon_core.environment:checking '/home/theo/drift/ros2_ws/src/lbr-stack/install/iiwa7_moveit_config/lib/pkgconfig/iiwa7_moveit_config.pc'
[2.677s] Level 1:colcon.colcon_core.environment:checking '/home/theo/drift/ros2_ws/src/lbr-stack/install/iiwa7_moveit_config/lib/python3.12/site-packages'
[2.677s] Level 1:colcon.colcon_core.environment:checking '/home/theo/drift/ros2_ws/src/lbr-stack/install/iiwa7_moveit_config/bin'
[2.678s] INFO:colcon.colcon_core.shell:Creating package descriptor '/home/theo/drift/ros2_ws/src/lbr-stack/install/iiwa7_moveit_config/share/iiwa7_moveit_config/package.dsv'
[2.678s] INFO:colcon.colcon_core.shell:Creating package script '/home/theo/drift/ros2_ws/src/lbr-stack/install/iiwa7_moveit_config/share/iiwa7_moveit_config/package.sh'
[2.678s] INFO:colcon.colcon_core.shell:Creating package script '/home/theo/drift/ros2_ws/src/lbr-stack/install/iiwa7_moveit_config/share/iiwa7_moveit_config/package.bash'
[2.678s] INFO:colcon.colcon_core.shell:Creating package script '/home/theo/drift/ros2_ws/src/lbr-stack/install/iiwa7_moveit_config/share/iiwa7_moveit_config/package.zsh'
[2.678s] Level 1:colcon.colcon_core.environment:create_file_with_runtime_dependencies(/home/theo/drift/ros2_ws/src/lbr-stack/install/iiwa7_moveit_config/share/colcon-core/packages/iiwa7_moveit_config)
[2.679s] Level 1:colcon.colcon_core.environment:create_environment_scripts_only(iiwa7_moveit_config)
[2.679s] Level 1:colcon.colcon_core.environment:checking '/home/theo/drift/ros2_ws/src/lbr-stack/install/iiwa7_moveit_config' for CMake module files
[2.679s] Level 1:colcon.colcon_core.environment:checking '/home/theo/drift/ros2_ws/src/lbr-stack/install/iiwa7_moveit_config' for CMake config files
[2.679s] Level 1:colcon.colcon_core.shell:create_environment_hook('iiwa7_moveit_config', 'cmake_prefix_path')
[2.679s] INFO:colcon.colcon_core.shell:Creating environment descriptor '/home/theo/drift/ros2_ws/src/lbr-stack/install/iiwa7_moveit_config/share/iiwa7_moveit_config/hook/cmake_prefix_path.dsv'
[2.679s] INFO:colcon.colcon_core.shell:Creating environment hook '/home/theo/drift/ros2_ws/src/lbr-stack/install/iiwa7_moveit_config/share/iiwa7_moveit_config/hook/cmake_prefix_path.sh'
[2.680s] Level 1:colcon.colcon_core.environment:checking '/home/theo/drift/ros2_ws/src/lbr-stack/install/iiwa7_moveit_config/bin'
[2.680s] Level 1:colcon.colcon_core.environment:checking '/home/theo/drift/ros2_ws/src/lbr-stack/install/iiwa7_moveit_config/lib/pkgconfig/iiwa7_moveit_config.pc'
[2.680s] Level 1:colcon.colcon_core.environment:checking '/home/theo/drift/ros2_ws/src/lbr-stack/install/iiwa7_moveit_config/lib/python3.12/site-packages'
[2.680s] Level 1:colcon.colcon_core.environment:checking '/home/theo/drift/ros2_ws/src/lbr-stack/install/iiwa7_moveit_config/bin'
[2.680s] INFO:colcon.colcon_core.shell:Creating package descriptor '/home/theo/drift/ros2_ws/src/lbr-stack/install/iiwa7_moveit_config/share/iiwa7_moveit_config/package.dsv'
[2.680s] INFO:colcon.colcon_core.shell:Creating package script '/home/theo/drift/ros2_ws/src/lbr-stack/install/iiwa7_moveit_config/share/iiwa7_moveit_config/package.sh'
[2.680s] INFO:colcon.colcon_core.shell:Creating package script '/home/theo/drift/ros2_ws/src/lbr-stack/install/iiwa7_moveit_config/share/iiwa7_moveit_config/package.bash'
[2.681s] INFO:colcon.colcon_core.shell:Creating package script '/home/theo/drift/ros2_ws/src/lbr-stack/install/iiwa7_moveit_config/share/iiwa7_moveit_config/package.zsh'
[2.681s] Level 1:colcon.colcon_core.environment:create_file_with_runtime_dependencies(/home/theo/drift/ros2_ws/src/lbr-stack/install/iiwa7_moveit_config/share/colcon-core/packages/iiwa7_moveit_config)
[2.681s] INFO:colcon.colcon_ros.task.ament_cmake.build:Building ROS package in '/home/theo/drift/ros2_ws/src/lbr-stack/src/lbr_fri_ros2_stack/lbr_moveit_config/med7_moveit_config' with build type 'ament_cmake'
[2.681s] INFO:colcon.colcon_cmake.task.cmake.build:Building CMake package in '/home/theo/drift/ros2_ws/src/lbr-stack/src/lbr_fri_ros2_stack/lbr_moveit_config/med7_moveit_config'
[2.681s] DEBUG:colcon.colcon_core.shell:Skip shell extension 'dsv' for command environment
[2.687s] DEBUG:colcon.colcon_core.event_handler.log_command:Invoking command in '/home/theo/drift/ros2_ws/src/lbr-stack/build/med7_moveit_config': AMENT_PREFIX_PATH=/home/theo/drift/ros2_ws/src/lbr-stack/install/lbr_med7_r800_description:${AMENT_PREFIX_PATH} CMAKE_PREFIX_PATH=/home/theo/drift/ros2_ws/src/lbr-stack/install/lbr_med7_r800_description:/opt/ros/jazzy/opt/gz_sim_vendor:/opt/ros/jazzy/opt/gz_sensors_vendor:/opt/ros/jazzy/opt/gz_physics_vendor:/opt/ros/jazzy/opt/gz_gui_vendor:/opt/ros/jazzy/opt/gz_transport_vendor:/opt/ros/jazzy/opt/gz_rendering_vendor:/opt/ros/jazzy/opt/gz_plugin_vendor:/opt/ros/jazzy/opt/gz_fuel_tools_vendor:/opt/ros/jazzy/opt/gz_msgs_vendor:/opt/ros/jazzy/opt/gz_common_vendor:/opt/ros/jazzy/opt/gz_ogre_next_vendor:/opt/ros/jazzy/opt/gz_dartsim_vendor:/opt/ros/jazzy/opt/sdformat_vendor:/opt/ros/jazzy/opt/gz_math_vendor:/opt/ros/jazzy/opt/gz_utils_vendor:/opt/ros/jazzy/opt/gz_tools_vendor:/opt/ros/jazzy/opt/gz_cmake_vendor:/home/theo/drift/ros2_ws/install/my_package:/opt/ros/jazzy DEBUGINFOD_URLS=https://debuginfod.ubuntu.com /usr/bin/cmake /home/theo/drift/ros2_ws/src/lbr-stack/src/lbr_fri_ros2_stack/lbr_moveit_config/med7_moveit_config -DAMENT_CMAKE_SYMLINK_INSTALL=1 -DCMAKE_INSTALL_PREFIX=/home/theo/drift/ros2_ws/src/lbr-stack/install/med7_moveit_config
[3.005s] DEBUG:colcon.colcon_core.event_handler.log_command:Invoked command in '/home/theo/drift/ros2_ws/src/lbr-stack/build/med14_moveit_config' returned '0': AMENT_PREFIX_PATH=/home/theo/drift/ros2_ws/src/lbr-stack/install/lbr_med14_r820_description:${AMENT_PREFIX_PATH} CMAKE_PREFIX_PATH=/home/theo/drift/ros2_ws/src/lbr-stack/install/lbr_med14_r820_description:/opt/ros/jazzy/opt/gz_sim_vendor:/opt/ros/jazzy/opt/gz_sensors_vendor:/opt/ros/jazzy/opt/gz_physics_vendor:/opt/ros/jazzy/opt/gz_gui_vendor:/opt/ros/jazzy/opt/gz_transport_vendor:/opt/ros/jazzy/opt/gz_rendering_vendor:/opt/ros/jazzy/opt/gz_plugin_vendor:/opt/ros/jazzy/opt/gz_fuel_tools_vendor:/opt/ros/jazzy/opt/gz_msgs_vendor:/opt/ros/jazzy/opt/gz_common_vendor:/opt/ros/jazzy/opt/gz_ogre_next_vendor:/opt/ros/jazzy/opt/gz_dartsim_vendor:/opt/ros/jazzy/opt/sdformat_vendor:/opt/ros/jazzy/opt/gz_math_vendor:/opt/ros/jazzy/opt/gz_utils_vendor:/opt/ros/jazzy/opt/gz_tools_vendor:/opt/ros/jazzy/opt/gz_cmake_vendor:/home/theo/drift/ros2_ws/install/my_package:/opt/ros/jazzy DEBUGINFOD_URLS=https://debuginfod.ubuntu.com /usr/bin/cmake /home/theo/drift/ros2_ws/src/lbr-stack/src/lbr_fri_ros2_stack/lbr_moveit_config/med14_moveit_config -DAMENT_CMAKE_SYMLINK_INSTALL=1 -DCMAKE_INSTALL_PREFIX=/home/theo/drift/ros2_ws/src/lbr-stack/install/med14_moveit_config
[3.005s] DEBUG:colcon.colcon_core.event_handler.log_command:Invoking command in '/home/theo/drift/ros2_ws/src/lbr-stack/build/med14_moveit_config': AMENT_PREFIX_PATH=/home/theo/drift/ros2_ws/src/lbr-stack/install/lbr_med14_r820_description:${AMENT_PREFIX_PATH} CMAKE_PREFIX_PATH=/home/theo/drift/ros2_ws/src/lbr-stack/install/lbr_med14_r820_description:/opt/ros/jazzy/opt/gz_sim_vendor:/opt/ros/jazzy/opt/gz_sensors_vendor:/opt/ros/jazzy/opt/gz_physics_vendor:/opt/ros/jazzy/opt/gz_gui_vendor:/opt/ros/jazzy/opt/gz_transport_vendor:/opt/ros/jazzy/opt/gz_rendering_vendor:/opt/ros/jazzy/opt/gz_plugin_vendor:/opt/ros/jazzy/opt/gz_fuel_tools_vendor:/opt/ros/jazzy/opt/gz_msgs_vendor:/opt/ros/jazzy/opt/gz_common_vendor:/opt/ros/jazzy/opt/gz_ogre_next_vendor:/opt/ros/jazzy/opt/gz_dartsim_vendor:/opt/ros/jazzy/opt/sdformat_vendor:/opt/ros/jazzy/opt/gz_math_vendor:/opt/ros/jazzy/opt/gz_utils_vendor:/opt/ros/jazzy/opt/gz_tools_vendor:/opt/ros/jazzy/opt/gz_cmake_vendor:/home/theo/drift/ros2_ws/install/my_package:/opt/ros/jazzy DEBUGINFOD_URLS=https://debuginfod.ubuntu.com /usr/bin/cmake --build /home/theo/drift/ros2_ws/src/lbr-stack/build/med14_moveit_config -- -j4 -l4
[3.053s] DEBUG:colcon.colcon_core.event_handler.log_command:Invoked command in '/home/theo/drift/ros2_ws/src/lbr-stack/build/med14_moveit_config' returned '0': AMENT_PREFIX_PATH=/home/theo/drift/ros2_ws/src/lbr-stack/install/lbr_med14_r820_description:${AMENT_PREFIX_PATH} CMAKE_PREFIX_PATH=/home/theo/drift/ros2_ws/src/lbr-stack/install/lbr_med14_r820_description:/opt/ros/jazzy/opt/gz_sim_vendor:/opt/ros/jazzy/opt/gz_sensors_vendor:/opt/ros/jazzy/opt/gz_physics_vendor:/opt/ros/jazzy/opt/gz_gui_vendor:/opt/ros/jazzy/opt/gz_transport_vendor:/opt/ros/jazzy/opt/gz_rendering_vendor:/opt/ros/jazzy/opt/gz_plugin_vendor:/opt/ros/jazzy/opt/gz_fuel_tools_vendor:/opt/ros/jazzy/opt/gz_msgs_vendor:/opt/ros/jazzy/opt/gz_common_vendor:/opt/ros/jazzy/opt/gz_ogre_next_vendor:/opt/ros/jazzy/opt/gz_dartsim_vendor:/opt/ros/jazzy/opt/sdformat_vendor:/opt/ros/jazzy/opt/gz_math_vendor:/opt/ros/jazzy/opt/gz_utils_vendor:/opt/ros/jazzy/opt/gz_tools_vendor:/opt/ros/jazzy/opt/gz_cmake_vendor:/home/theo/drift/ros2_ws/install/my_package:/opt/ros/jazzy DEBUGINFOD_URLS=https://debuginfod.ubuntu.com /usr/bin/cmake --build /home/theo/drift/ros2_ws/src/lbr-stack/build/med14_moveit_config -- -j4 -l4
[3.053s] DEBUG:colcon.colcon_core.event_handler.log_command:Invoking command in '/home/theo/drift/ros2_ws/src/lbr-stack/build/med14_moveit_config': AMENT_PREFIX_PATH=/home/theo/drift/ros2_ws/src/lbr-stack/install/lbr_med14_r820_description:${AMENT_PREFIX_PATH} CMAKE_PREFIX_PATH=/home/theo/drift/ros2_ws/src/lbr-stack/install/lbr_med14_r820_description:/opt/ros/jazzy/opt/gz_sim_vendor:/opt/ros/jazzy/opt/gz_sensors_vendor:/opt/ros/jazzy/opt/gz_physics_vendor:/opt/ros/jazzy/opt/gz_gui_vendor:/opt/ros/jazzy/opt/gz_transport_vendor:/opt/ros/jazzy/opt/gz_rendering_vendor:/opt/ros/jazzy/opt/gz_plugin_vendor:/opt/ros/jazzy/opt/gz_fuel_tools_vendor:/opt/ros/jazzy/opt/gz_msgs_vendor:/opt/ros/jazzy/opt/gz_common_vendor:/opt/ros/jazzy/opt/gz_ogre_next_vendor:/opt/ros/jazzy/opt/gz_dartsim_vendor:/opt/ros/jazzy/opt/sdformat_vendor:/opt/ros/jazzy/opt/gz_math_vendor:/opt/ros/jazzy/opt/gz_utils_vendor:/opt/ros/jazzy/opt/gz_tools_vendor:/opt/ros/jazzy/opt/gz_cmake_vendor:/home/theo/drift/ros2_ws/install/my_package:/opt/ros/jazzy DEBUGINFOD_URLS=https://debuginfod.ubuntu.com /usr/bin/cmake --install /home/theo/drift/ros2_ws/src/lbr-stack/build/med14_moveit_config
[3.303s] DEBUG:colcon.colcon_core.event_handler.log_command:Invoked command in '/home/theo/drift/ros2_ws/src/lbr-stack/build/med7_moveit_config' returned '0': AMENT_PREFIX_PATH=/home/theo/drift/ros2_ws/src/lbr-stack/install/lbr_med7_r800_description:${AMENT_PREFIX_PATH} CMAKE_PREFIX_PATH=/home/theo/drift/ros2_ws/src/lbr-stack/install/lbr_med7_r800_description:/opt/ros/jazzy/opt/gz_sim_vendor:/opt/ros/jazzy/opt/gz_sensors_vendor:/opt/ros/jazzy/opt/gz_physics_vendor:/opt/ros/jazzy/opt/gz_gui_vendor:/opt/ros/jazzy/opt/gz_transport_vendor:/opt/ros/jazzy/opt/gz_rendering_vendor:/opt/ros/jazzy/opt/gz_plugin_vendor:/opt/ros/jazzy/opt/gz_fuel_tools_vendor:/opt/ros/jazzy/opt/gz_msgs_vendor:/opt/ros/jazzy/opt/gz_common_vendor:/opt/ros/jazzy/opt/gz_ogre_next_vendor:/opt/ros/jazzy/opt/gz_dartsim_vendor:/opt/ros/jazzy/opt/sdformat_vendor:/opt/ros/jazzy/opt/gz_math_vendor:/opt/ros/jazzy/opt/gz_utils_vendor:/opt/ros/jazzy/opt/gz_tools_vendor:/opt/ros/jazzy/opt/gz_cmake_vendor:/home/theo/drift/ros2_ws/install/my_package:/opt/ros/jazzy DEBUGINFOD_URLS=https://debuginfod.ubuntu.com /usr/bin/cmake /home/theo/drift/ros2_ws/src/lbr-stack/src/lbr_fri_ros2_stack/lbr_moveit_config/med7_moveit_config -DAMENT_CMAKE_SYMLINK_INSTALL=1 -DCMAKE_INSTALL_PREFIX=/home/theo/drift/ros2_ws/src/lbr-stack/install/med7_moveit_config
[3.303s] DEBUG:colcon.colcon_core.event_handler.log_command:Invoking command in '/home/theo/drift/ros2_ws/src/lbr-stack/build/med7_moveit_config': AMENT_PREFIX_PATH=/home/theo/drift/ros2_ws/src/lbr-stack/install/lbr_med7_r800_description:${AMENT_PREFIX_PATH} CMAKE_PREFIX_PATH=/home/theo/drift/ros2_ws/src/lbr-stack/install/lbr_med7_r800_description:/opt/ros/jazzy/opt/gz_sim_vendor:/opt/ros/jazzy/opt/gz_sensors_vendor:/opt/ros/jazzy/opt/gz_physics_vendor:/opt/ros/jazzy/opt/gz_gui_vendor:/opt/ros/jazzy/opt/gz_transport_vendor:/opt/ros/jazzy/opt/gz_rendering_vendor:/opt/ros/jazzy/opt/gz_plugin_vendor:/opt/ros/jazzy/opt/gz_fuel_tools_vendor:/opt/ros/jazzy/opt/gz_msgs_vendor:/opt/ros/jazzy/opt/gz_common_vendor:/opt/ros/jazzy/opt/gz_ogre_next_vendor:/opt/ros/jazzy/opt/gz_dartsim_vendor:/opt/ros/jazzy/opt/sdformat_vendor:/opt/ros/jazzy/opt/gz_math_vendor:/opt/ros/jazzy/opt/gz_utils_vendor:/opt/ros/jazzy/opt/gz_tools_vendor:/opt/ros/jazzy/opt/gz_cmake_vendor:/home/theo/drift/ros2_ws/install/my_package:/opt/ros/jazzy DEBUGINFOD_URLS=https://debuginfod.ubuntu.com /usr/bin/cmake --build /home/theo/drift/ros2_ws/src/lbr-stack/build/med7_moveit_config -- -j4 -l4
[3.316s] Level 1:colcon.colcon_core.environment:create_environment_scripts_only(med14_moveit_config)
[3.316s] DEBUG:colcon.colcon_core.event_handler.log_command:Invoked command in '/home/theo/drift/ros2_ws/src/lbr-stack/build/med14_moveit_config' returned '0': AMENT_PREFIX_PATH=/home/theo/drift/ros2_ws/src/lbr-stack/install/lbr_med14_r820_description:${AMENT_PREFIX_PATH} CMAKE_PREFIX_PATH=/home/theo/drift/ros2_ws/src/lbr-stack/install/lbr_med14_r820_description:/opt/ros/jazzy/opt/gz_sim_vendor:/opt/ros/jazzy/opt/gz_sensors_vendor:/opt/ros/jazzy/opt/gz_physics_vendor:/opt/ros/jazzy/opt/gz_gui_vendor:/opt/ros/jazzy/opt/gz_transport_vendor:/opt/ros/jazzy/opt/gz_rendering_vendor:/opt/ros/jazzy/opt/gz_plugin_vendor:/opt/ros/jazzy/opt/gz_fuel_tools_vendor:/opt/ros/jazzy/opt/gz_msgs_vendor:/opt/ros/jazzy/opt/gz_common_vendor:/opt/ros/jazzy/opt/gz_ogre_next_vendor:/opt/ros/jazzy/opt/gz_dartsim_vendor:/opt/ros/jazzy/opt/sdformat_vendor:/opt/ros/jazzy/opt/gz_math_vendor:/opt/ros/jazzy/opt/gz_utils_vendor:/opt/ros/jazzy/opt/gz_tools_vendor:/opt/ros/jazzy/opt/gz_cmake_vendor:/home/theo/drift/ros2_ws/install/my_package:/opt/ros/jazzy DEBUGINFOD_URLS=https://debuginfod.ubuntu.com /usr/bin/cmake --install /home/theo/drift/ros2_ws/src/lbr-stack/build/med14_moveit_config
[3.316s] Level 1:colcon.colcon_core.environment:checking '/home/theo/drift/ros2_ws/src/lbr-stack/install/med14_moveit_config' for CMake module files
[3.317s] Level 1:colcon.colcon_core.environment:checking '/home/theo/drift/ros2_ws/src/lbr-stack/install/med14_moveit_config' for CMake config files
[3.317s] Level 1:colcon.colcon_core.shell:create_environment_hook('med14_moveit_config', 'cmake_prefix_path')
[3.317s] INFO:colcon.colcon_core.shell:Creating environment descriptor '/home/theo/drift/ros2_ws/src/lbr-stack/install/med14_moveit_config/share/med14_moveit_config/hook/cmake_prefix_path.dsv'
[3.317s] INFO:colcon.colcon_core.shell:Creating environment hook '/home/theo/drift/ros2_ws/src/lbr-stack/install/med14_moveit_config/share/med14_moveit_config/hook/cmake_prefix_path.sh'
[3.317s] Level 1:colcon.colcon_core.environment:checking '/home/theo/drift/ros2_ws/src/lbr-stack/install/med14_moveit_config/bin'
[3.317s] Level 1:colcon.colcon_core.environment:checking '/home/theo/drift/ros2_ws/src/lbr-stack/install/med14_moveit_config/lib/pkgconfig/med14_moveit_config.pc'
[3.317s] Level 1:colcon.colcon_core.environment:checking '/home/theo/drift/ros2_ws/src/lbr-stack/install/med14_moveit_config/lib/python3.12/site-packages'
[3.318s] Level 1:colcon.colcon_core.environment:checking '/home/theo/drift/ros2_ws/src/lbr-stack/install/med14_moveit_config/bin'
[3.318s] INFO:colcon.colcon_core.shell:Creating package descriptor '/home/theo/drift/ros2_ws/src/lbr-stack/install/med14_moveit_config/share/med14_moveit_config/package.dsv'
[3.318s] INFO:colcon.colcon_core.shell:Creating package script '/home/theo/drift/ros2_ws/src/lbr-stack/install/med14_moveit_config/share/med14_moveit_config/package.sh'
[3.318s] INFO:colcon.colcon_core.shell:Creating package script '/home/theo/drift/ros2_ws/src/lbr-stack/install/med14_moveit_config/share/med14_moveit_config/package.bash'
[3.318s] INFO:colcon.colcon_core.shell:Creating package script '/home/theo/drift/ros2_ws/src/lbr-stack/install/med14_moveit_config/share/med14_moveit_config/package.zsh'
[3.318s] Level 1:colcon.colcon_core.environment:create_file_with_runtime_dependencies(/home/theo/drift/ros2_ws/src/lbr-stack/install/med14_moveit_config/share/colcon-core/packages/med14_moveit_config)
[3.318s] Level 1:colcon.colcon_core.environment:create_environment_scripts_only(med14_moveit_config)
[3.318s] Level 1:colcon.colcon_core.environment:checking '/home/theo/drift/ros2_ws/src/lbr-stack/install/med14_moveit_config' for CMake module files
[3.318s] Level 1:colcon.colcon_core.environment:checking '/home/theo/drift/ros2_ws/src/lbr-stack/install/med14_moveit_config' for CMake config files
[3.319s] Level 1:colcon.colcon_core.shell:create_environment_hook('med14_moveit_config', 'cmake_prefix_path')
[3.319s] INFO:colcon.colcon_core.shell:Creating environment descriptor '/home/theo/drift/ros2_ws/src/lbr-stack/install/med14_moveit_config/share/med14_moveit_config/hook/cmake_prefix_path.dsv'
[3.319s] INFO:colcon.colcon_core.shell:Creating environment hook '/home/theo/drift/ros2_ws/src/lbr-stack/install/med14_moveit_config/share/med14_moveit_config/hook/cmake_prefix_path.sh'
[3.321s] Level 1:colcon.colcon_core.environment:checking '/home/theo/drift/ros2_ws/src/lbr-stack/install/med14_moveit_config/bin'
[3.321s] Level 1:colcon.colcon_core.environment:checking '/home/theo/drift/ros2_ws/src/lbr-stack/install/med14_moveit_config/lib/pkgconfig/med14_moveit_config.pc'
[3.321s] Level 1:colcon.colcon_core.environment:checking '/home/theo/drift/ros2_ws/src/lbr-stack/install/med14_moveit_config/lib/python3.12/site-packages'
[3.322s] Level 1:colcon.colcon_core.environment:checking '/home/theo/drift/ros2_ws/src/lbr-stack/install/med14_moveit_config/bin'
[3.322s] INFO:colcon.colcon_core.shell:Creating package descriptor '/home/theo/drift/ros2_ws/src/lbr-stack/install/med14_moveit_config/share/med14_moveit_config/package.dsv'
[3.322s] INFO:colcon.colcon_core.shell:Creating package script '/home/theo/drift/ros2_ws/src/lbr-stack/install/med14_moveit_config/share/med14_moveit_config/package.sh'
[3.322s] INFO:colcon.colcon_core.shell:Creating package script '/home/theo/drift/ros2_ws/src/lbr-stack/install/med14_moveit_config/share/med14_moveit_config/package.bash'
[3.323s] INFO:colcon.colcon_core.shell:Creating package script '/home/theo/drift/ros2_ws/src/lbr-stack/install/med14_moveit_config/share/med14_moveit_config/package.zsh'
[3.323s] Level 1:colcon.colcon_core.environment:create_file_with_runtime_dependencies(/home/theo/drift/ros2_ws/src/lbr-stack/install/med14_moveit_config/share/colcon-core/packages/med14_moveit_config)
[3.337s] DEBUG:colcon.colcon_core.event_handler.log_command:Invoked command in '/home/theo/drift/ros2_ws/src/lbr-stack/build/med7_moveit_config' returned '0': AMENT_PREFIX_PATH=/home/theo/drift/ros2_ws/src/lbr-stack/install/lbr_med7_r800_description:${AMENT_PREFIX_PATH} CMAKE_PREFIX_PATH=/home/theo/drift/ros2_ws/src/lbr-stack/install/lbr_med7_r800_description:/opt/ros/jazzy/opt/gz_sim_vendor:/opt/ros/jazzy/opt/gz_sensors_vendor:/opt/ros/jazzy/opt/gz_physics_vendor:/opt/ros/jazzy/opt/gz_gui_vendor:/opt/ros/jazzy/opt/gz_transport_vendor:/opt/ros/jazzy/opt/gz_rendering_vendor:/opt/ros/jazzy/opt/gz_plugin_vendor:/opt/ros/jazzy/opt/gz_fuel_tools_vendor:/opt/ros/jazzy/opt/gz_msgs_vendor:/opt/ros/jazzy/opt/gz_common_vendor:/opt/ros/jazzy/opt/gz_ogre_next_vendor:/opt/ros/jazzy/opt/gz_dartsim_vendor:/opt/ros/jazzy/opt/sdformat_vendor:/opt/ros/jazzy/opt/gz_math_vendor:/opt/ros/jazzy/opt/gz_utils_vendor:/opt/ros/jazzy/opt/gz_tools_vendor:/opt/ros/jazzy/opt/gz_cmake_vendor:/home/theo/drift/ros2_ws/install/my_package:/opt/ros/jazzy DEBUGINFOD_URLS=https://debuginfod.ubuntu.com /usr/bin/cmake --build /home/theo/drift/ros2_ws/src/lbr-stack/build/med7_moveit_config -- -j4 -l4
[3.337s] DEBUG:colcon.colcon_core.event_handler.log_command:Invoking command in '/home/theo/drift/ros2_ws/src/lbr-stack/build/med7_moveit_config': AMENT_PREFIX_PATH=/home/theo/drift/ros2_ws/src/lbr-stack/install/lbr_med7_r800_description:${AMENT_PREFIX_PATH} CMAKE_PREFIX_PATH=/home/theo/drift/ros2_ws/src/lbr-stack/install/lbr_med7_r800_description:/opt/ros/jazzy/opt/gz_sim_vendor:/opt/ros/jazzy/opt/gz_sensors_vendor:/opt/ros/jazzy/opt/gz_physics_vendor:/opt/ros/jazzy/opt/gz_gui_vendor:/opt/ros/jazzy/opt/gz_transport_vendor:/opt/ros/jazzy/opt/gz_rendering_vendor:/opt/ros/jazzy/opt/gz_plugin_vendor:/opt/ros/jazzy/opt/gz_fuel_tools_vendor:/opt/ros/jazzy/opt/gz_msgs_vendor:/opt/ros/jazzy/opt/gz_common_vendor:/opt/ros/jazzy/opt/gz_ogre_next_vendor:/opt/ros/jazzy/opt/gz_dartsim_vendor:/opt/ros/jazzy/opt/sdformat_vendor:/opt/ros/jazzy/opt/gz_math_vendor:/opt/ros/jazzy/opt/gz_utils_vendor:/opt/ros/jazzy/opt/gz_tools_vendor:/opt/ros/jazzy/opt/gz_cmake_vendor:/home/theo/drift/ros2_ws/install/my_package:/opt/ros/jazzy DEBUGINFOD_URLS=https://debuginfod.ubuntu.com /usr/bin/cmake --install /home/theo/drift/ros2_ws/src/lbr-stack/build/med7_moveit_config
[3.502s] DEBUG:colcon.colcon_core.event_handler.log_command:Invoked command in '/home/theo/drift/ros2_ws/src/lbr-stack/build/lbr_fri_idl' returned '0': CMAKE_PREFIX_PATH=/home/theo/drift/ros2_ws/src/lbr-stack/install/fri_client_sdk:/opt/ros/jazzy/opt/gz_sim_vendor:/opt/ros/jazzy/opt/gz_sensors_vendor:/opt/ros/jazzy/opt/gz_physics_vendor:/opt/ros/jazzy/opt/gz_gui_vendor:/opt/ros/jazzy/opt/gz_transport_vendor:/opt/ros/jazzy/opt/gz_rendering_vendor:/opt/ros/jazzy/opt/gz_plugin_vendor:/opt/ros/jazzy/opt/gz_fuel_tools_vendor:/opt/ros/jazzy/opt/gz_msgs_vendor:/opt/ros/jazzy/opt/gz_common_vendor:/opt/ros/jazzy/opt/gz_ogre_next_vendor:/opt/ros/jazzy/opt/gz_dartsim_vendor:/opt/ros/jazzy/opt/sdformat_vendor:/opt/ros/jazzy/opt/gz_math_vendor:/opt/ros/jazzy/opt/gz_utils_vendor:/opt/ros/jazzy/opt/gz_tools_vendor:/opt/ros/jazzy/opt/gz_cmake_vendor:/home/theo/drift/ros2_ws/install/my_package:/opt/ros/jazzy DEBUGINFOD_URLS=https://debuginfod.ubuntu.com LD_LIBRARY_PATH=/home/theo/drift/ros2_ws/src/lbr-stack/install/fri_client_sdk/lib:${LD_LIBRARY_PATH} PKG_CONFIG_PATH=/home/theo/drift/ros2_ws/src/lbr-stack/install/fri_client_sdk/lib/aarch64-linux-gnu/pkgconfig:/home/theo/drift/ros2_ws/src/lbr-stack/install/fri_client_sdk/lib/pkgconfig /usr/bin/cmake /home/theo/drift/ros2_ws/src/lbr-stack/src/lbr_fri_idl -DAMENT_CMAKE_SYMLINK_INSTALL=1 -DCMAKE_INSTALL_PREFIX=/home/theo/drift/ros2_ws/src/lbr-stack/install/lbr_fri_idl
[3.503s] DEBUG:colcon.colcon_core.event_handler.log_command:Invoking command in '/home/theo/drift/ros2_ws/src/lbr-stack/build/lbr_fri_idl': CMAKE_PREFIX_PATH=/home/theo/drift/ros2_ws/src/lbr-stack/install/fri_client_sdk:/opt/ros/jazzy/opt/gz_sim_vendor:/opt/ros/jazzy/opt/gz_sensors_vendor:/opt/ros/jazzy/opt/gz_physics_vendor:/opt/ros/jazzy/opt/gz_gui_vendor:/opt/ros/jazzy/opt/gz_transport_vendor:/opt/ros/jazzy/opt/gz_rendering_vendor:/opt/ros/jazzy/opt/gz_plugin_vendor:/opt/ros/jazzy/opt/gz_fuel_tools_vendor:/opt/ros/jazzy/opt/gz_msgs_vendor:/opt/ros/jazzy/opt/gz_common_vendor:/opt/ros/jazzy/opt/gz_ogre_next_vendor:/opt/ros/jazzy/opt/gz_dartsim_vendor:/opt/ros/jazzy/opt/sdformat_vendor:/opt/ros/jazzy/opt/gz_math_vendor:/opt/ros/jazzy/opt/gz_utils_vendor:/opt/ros/jazzy/opt/gz_tools_vendor:/opt/ros/jazzy/opt/gz_cmake_vendor:/home/theo/drift/ros2_ws/install/my_package:/opt/ros/jazzy DEBUGINFOD_URLS=https://debuginfod.ubuntu.com LD_LIBRARY_PATH=/home/theo/drift/ros2_ws/src/lbr-stack/install/fri_client_sdk/lib:${LD_LIBRARY_PATH} PKG_CONFIG_PATH=/home/theo/drift/ros2_ws/src/lbr-stack/install/fri_client_sdk/lib/aarch64-linux-gnu/pkgconfig:/home/theo/drift/ros2_ws/src/lbr-stack/install/fri_client_sdk/lib/pkgconfig /usr/bin/cmake --build /home/theo/drift/ros2_ws/src/lbr-stack/build/lbr_fri_idl -- -j4 -l4
[3.513s] DEBUG:colcon.colcon_core.event_handler.log_command:Invoked command in '/home/theo/drift/ros2_ws/src/lbr-stack/build/lbr_moveit_cpp' returned '0': CMAKE_PREFIX_PATH=${CMAKE_PREFIX_PATH}:/home/theo/drift/ros2_ws/install/my_package:/opt/ros/jazzy DEBUGINFOD_URLS=https://debuginfod.ubuntu.com /usr/bin/cmake /home/theo/drift/ros2_ws/src/lbr-stack/src/lbr_fri_ros2_stack/lbr_demos/lbr_moveit_cpp -DAMENT_CMAKE_SYMLINK_INSTALL=1 -DCMAKE_INSTALL_PREFIX=/home/theo/drift/ros2_ws/src/lbr-stack/install/lbr_moveit_cpp
[3.514s] DEBUG:colcon.colcon_core.event_handler.log_command:Invoking command in '/home/theo/drift/ros2_ws/src/lbr-stack/build/lbr_moveit_cpp': CMAKE_PREFIX_PATH=${CMAKE_PREFIX_PATH}:/home/theo/drift/ros2_ws/install/my_package:/opt/ros/jazzy DEBUGINFOD_URLS=https://debuginfod.ubuntu.com /usr/bin/cmake --build /home/theo/drift/ros2_ws/src/lbr-stack/build/lbr_moveit_cpp -- -j4 -l4
[3.590s] Level 1:colcon.colcon_core.environment:create_environment_scripts_only(med7_moveit_config)
[3.592s] DEBUG:colcon.colcon_core.event_handler.log_command:Invoked command in '/home/theo/drift/ros2_ws/src/lbr-stack/build/med7_moveit_config' returned '0': AMENT_PREFIX_PATH=/home/theo/drift/ros2_ws/src/lbr-stack/install/lbr_med7_r800_description:${AMENT_PREFIX_PATH} CMAKE_PREFIX_PATH=/home/theo/drift/ros2_ws/src/lbr-stack/install/lbr_med7_r800_description:/opt/ros/jazzy/opt/gz_sim_vendor:/opt/ros/jazzy/opt/gz_sensors_vendor:/opt/ros/jazzy/opt/gz_physics_vendor:/opt/ros/jazzy/opt/gz_gui_vendor:/opt/ros/jazzy/opt/gz_transport_vendor:/opt/ros/jazzy/opt/gz_rendering_vendor:/opt/ros/jazzy/opt/gz_plugin_vendor:/opt/ros/jazzy/opt/gz_fuel_tools_vendor:/opt/ros/jazzy/opt/gz_msgs_vendor:/opt/ros/jazzy/opt/gz_common_vendor:/opt/ros/jazzy/opt/gz_ogre_next_vendor:/opt/ros/jazzy/opt/gz_dartsim_vendor:/opt/ros/jazzy/opt/sdformat_vendor:/opt/ros/jazzy/opt/gz_math_vendor:/opt/ros/jazzy/opt/gz_utils_vendor:/opt/ros/jazzy/opt/gz_tools_vendor:/opt/ros/jazzy/opt/gz_cmake_vendor:/home/theo/drift/ros2_ws/install/my_package:/opt/ros/jazzy DEBUGINFOD_URLS=https://debuginfod.ubuntu.com /usr/bin/cmake --install /home/theo/drift/ros2_ws/src/lbr-stack/build/med7_moveit_config
[3.592s] Level 1:colcon.colcon_core.environment:checking '/home/theo/drift/ros2_ws/src/lbr-stack/install/med7_moveit_config' for CMake module files
[3.593s] Level 1:colcon.colcon_core.environment:checking '/home/theo/drift/ros2_ws/src/lbr-stack/install/med7_moveit_config' for CMake config files
[3.593s] Level 1:colcon.colcon_core.shell:create_environment_hook('med7_moveit_config', 'cmake_prefix_path')
[3.594s] INFO:colcon.colcon_core.shell:Creating environment descriptor '/home/theo/drift/ros2_ws/src/lbr-stack/install/med7_moveit_config/share/med7_moveit_config/hook/cmake_prefix_path.dsv'
[3.594s] INFO:colcon.colcon_core.shell:Creating environment hook '/home/theo/drift/ros2_ws/src/lbr-stack/install/med7_moveit_config/share/med7_moveit_config/hook/cmake_prefix_path.sh'
[3.594s] Level 1:colcon.colcon_core.environment:checking '/home/theo/drift/ros2_ws/src/lbr-stack/install/med7_moveit_config/bin'
[3.594s] Level 1:colcon.colcon_core.environment:checking '/home/theo/drift/ros2_ws/src/lbr-stack/install/med7_moveit_config/lib/pkgconfig/med7_moveit_config.pc'
[3.595s] Level 1:colcon.colcon_core.environment:checking '/home/theo/drift/ros2_ws/src/lbr-stack/install/med7_moveit_config/lib/python3.12/site-packages'
[3.595s] Level 1:colcon.colcon_core.environment:checking '/home/theo/drift/ros2_ws/src/lbr-stack/install/med7_moveit_config/bin'
[3.596s] INFO:colcon.colcon_core.shell:Creating package descriptor '/home/theo/drift/ros2_ws/src/lbr-stack/install/med7_moveit_config/share/med7_moveit_config/package.dsv'
[3.596s] INFO:colcon.colcon_core.shell:Creating package script '/home/theo/drift/ros2_ws/src/lbr-stack/install/med7_moveit_config/share/med7_moveit_config/package.sh'
[3.596s] INFO:colcon.colcon_core.shell:Creating package script '/home/theo/drift/ros2_ws/src/lbr-stack/install/med7_moveit_config/share/med7_moveit_config/package.bash'
[3.596s] INFO:colcon.colcon_core.shell:Creating package script '/home/theo/drift/ros2_ws/src/lbr-stack/install/med7_moveit_config/share/med7_moveit_config/package.zsh'
[3.596s] Level 1:colcon.colcon_core.environment:create_file_with_runtime_dependencies(/home/theo/drift/ros2_ws/src/lbr-stack/install/med7_moveit_config/share/colcon-core/packages/med7_moveit_config)
[3.596s] Level 1:colcon.colcon_core.environment:create_environment_scripts_only(med7_moveit_config)
[3.596s] Level 1:colcon.colcon_core.environment:checking '/home/theo/drift/ros2_ws/src/lbr-stack/install/med7_moveit_config' for CMake module files
[3.597s] Level 1:colcon.colcon_core.environment:checking '/home/theo/drift/ros2_ws/src/lbr-stack/install/med7_moveit_config' for CMake config files
[3.597s] Level 1:colcon.colcon_core.shell:create_environment_hook('med7_moveit_config', 'cmake_prefix_path')
[3.597s] INFO:colcon.colcon_core.shell:Creating environment descriptor '/home/theo/drift/ros2_ws/src/lbr-stack/install/med7_moveit_config/share/med7_moveit_config/hook/cmake_prefix_path.dsv'
[3.600s] INFO:colcon.colcon_core.shell:Creating environment hook '/home/theo/drift/ros2_ws/src/lbr-stack/install/med7_moveit_config/share/med7_moveit_config/hook/cmake_prefix_path.sh'
[3.601s] Level 1:colcon.colcon_core.environment:checking '/home/theo/drift/ros2_ws/src/lbr-stack/install/med7_moveit_config/bin'
[3.601s] Level 1:colcon.colcon_core.environment:checking '/home/theo/drift/ros2_ws/src/lbr-stack/install/med7_moveit_config/lib/pkgconfig/med7_moveit_config.pc'
[3.601s] Level 1:colcon.colcon_core.environment:checking '/home/theo/drift/ros2_ws/src/lbr-stack/install/med7_moveit_config/lib/python3.12/site-packages'
[3.601s] Level 1:colcon.colcon_core.environment:checking '/home/theo/drift/ros2_ws/src/lbr-stack/install/med7_moveit_config/bin'
[3.601s] INFO:colcon.colcon_core.shell:Creating package descriptor '/home/theo/drift/ros2_ws/src/lbr-stack/install/med7_moveit_config/share/med7_moveit_config/package.dsv'
[3.601s] INFO:colcon.colcon_core.shell:Creating package script '/home/theo/drift/ros2_ws/src/lbr-stack/install/med7_moveit_config/share/med7_moveit_config/package.sh'
[3.601s] INFO:colcon.colcon_core.shell:Creating package script '/home/theo/drift/ros2_ws/src/lbr-stack/install/med7_moveit_config/share/med7_moveit_config/package.bash'
[3.601s] INFO:colcon.colcon_core.shell:Creating package script '/home/theo/drift/ros2_ws/src/lbr-stack/install/med7_moveit_config/share/med7_moveit_config/package.zsh'
[3.602s] Level 1:colcon.colcon_core.environment:create_file_with_runtime_dependencies(/home/theo/drift/ros2_ws/src/lbr-stack/install/med7_moveit_config/share/colcon-core/packages/med7_moveit_config)
[9.261s] DEBUG:colcon.colcon_core.event_handler.log_command:Invoked command in '/home/theo/drift/ros2_ws/src/lbr-stack/build/lbr_fri_idl' returned '0': CMAKE_PREFIX_PATH=/home/theo/drift/ros2_ws/src/lbr-stack/install/fri_client_sdk:/opt/ros/jazzy/opt/gz_sim_vendor:/opt/ros/jazzy/opt/gz_sensors_vendor:/opt/ros/jazzy/opt/gz_physics_vendor:/opt/ros/jazzy/opt/gz_gui_vendor:/opt/ros/jazzy/opt/gz_transport_vendor:/opt/ros/jazzy/opt/gz_rendering_vendor:/opt/ros/jazzy/opt/gz_plugin_vendor:/opt/ros/jazzy/opt/gz_fuel_tools_vendor:/opt/ros/jazzy/opt/gz_msgs_vendor:/opt/ros/jazzy/opt/gz_common_vendor:/opt/ros/jazzy/opt/gz_ogre_next_vendor:/opt/ros/jazzy/opt/gz_dartsim_vendor:/opt/ros/jazzy/opt/sdformat_vendor:/opt/ros/jazzy/opt/gz_math_vendor:/opt/ros/jazzy/opt/gz_utils_vendor:/opt/ros/jazzy/opt/gz_tools_vendor:/opt/ros/jazzy/opt/gz_cmake_vendor:/home/theo/drift/ros2_ws/install/my_package:/opt/ros/jazzy DEBUGINFOD_URLS=https://debuginfod.ubuntu.com LD_LIBRARY_PATH=/home/theo/drift/ros2_ws/src/lbr-stack/install/fri_client_sdk/lib:${LD_LIBRARY_PATH} PKG_CONFIG_PATH=/home/theo/drift/ros2_ws/src/lbr-stack/install/fri_client_sdk/lib/aarch64-linux-gnu/pkgconfig:/home/theo/drift/ros2_ws/src/lbr-stack/install/fri_client_sdk/lib/pkgconfig /usr/bin/cmake --build /home/theo/drift/ros2_ws/src/lbr-stack/build/lbr_fri_idl -- -j4 -l4
[9.261s] DEBUG:colcon.colcon_core.event_handler.log_command:Invoking command in '/home/theo/drift/ros2_ws/src/lbr-stack/build/lbr_fri_idl': CMAKE_PREFIX_PATH=/home/theo/drift/ros2_ws/src/lbr-stack/install/fri_client_sdk:/opt/ros/jazzy/opt/gz_sim_vendor:/opt/ros/jazzy/opt/gz_sensors_vendor:/opt/ros/jazzy/opt/gz_physics_vendor:/opt/ros/jazzy/opt/gz_gui_vendor:/opt/ros/jazzy/opt/gz_transport_vendor:/opt/ros/jazzy/opt/gz_rendering_vendor:/opt/ros/jazzy/opt/gz_plugin_vendor:/opt/ros/jazzy/opt/gz_fuel_tools_vendor:/opt/ros/jazzy/opt/gz_msgs_vendor:/opt/ros/jazzy/opt/gz_common_vendor:/opt/ros/jazzy/opt/gz_ogre_next_vendor:/opt/ros/jazzy/opt/gz_dartsim_vendor:/opt/ros/jazzy/opt/sdformat_vendor:/opt/ros/jazzy/opt/gz_math_vendor:/opt/ros/jazzy/opt/gz_utils_vendor:/opt/ros/jazzy/opt/gz_tools_vendor:/opt/ros/jazzy/opt/gz_cmake_vendor:/home/theo/drift/ros2_ws/install/my_package:/opt/ros/jazzy DEBUGINFOD_URLS=https://debuginfod.ubuntu.com LD_LIBRARY_PATH=/home/theo/drift/ros2_ws/src/lbr-stack/install/fri_client_sdk/lib:${LD_LIBRARY_PATH} PKG_CONFIG_PATH=/home/theo/drift/ros2_ws/src/lbr-stack/install/fri_client_sdk/lib/aarch64-linux-gnu/pkgconfig:/home/theo/drift/ros2_ws/src/lbr-stack/install/fri_client_sdk/lib/pkgconfig /usr/bin/cmake --install /home/theo/drift/ros2_ws/src/lbr-stack/build/lbr_fri_idl
[9.461s] DEBUG:colcon.colcon_core.event_handler.log_command:Invoked command in '/home/theo/drift/ros2_ws/src/lbr-stack/build/lbr_moveit_cpp' returned '0': CMAKE_PREFIX_PATH=${CMAKE_PREFIX_PATH}:/home/theo/drift/ros2_ws/install/my_package:/opt/ros/jazzy DEBUGINFOD_URLS=https://debuginfod.ubuntu.com /usr/bin/cmake --build /home/theo/drift/ros2_ws/src/lbr-stack/build/lbr_moveit_cpp -- -j4 -l4
[9.461s] DEBUG:colcon.colcon_core.event_handler.log_command:Invoking command in '/home/theo/drift/ros2_ws/src/lbr-stack/build/lbr_moveit_cpp': CMAKE_PREFIX_PATH=${CMAKE_PREFIX_PATH}:/home/theo/drift/ros2_ws/install/my_package:/opt/ros/jazzy DEBUGINFOD_URLS=https://debuginfod.ubuntu.com /usr/bin/cmake --install /home/theo/drift/ros2_ws/src/lbr-stack/build/lbr_moveit_cpp
[9.525s] Level 1:colcon.colcon_core.environment:create_environment_scripts_only(lbr_moveit_cpp)
[9.525s] Level 1:colcon.colcon_core.environment:checking '/home/theo/drift/ros2_ws/src/lbr-stack/install/lbr_moveit_cpp' for CMake module files
[9.525s] DEBUG:colcon.colcon_core.event_handler.log_command:Invoked command in '/home/theo/drift/ros2_ws/src/lbr-stack/build/lbr_moveit_cpp' returned '0': CMAKE_PREFIX_PATH=${CMAKE_PREFIX_PATH}:/home/theo/drift/ros2_ws/install/my_package:/opt/ros/jazzy DEBUGINFOD_URLS=https://debuginfod.ubuntu.com /usr/bin/cmake --install /home/theo/drift/ros2_ws/src/lbr-stack/build/lbr_moveit_cpp
[9.526s] Level 1:colcon.colcon_core.environment:checking '/home/theo/drift/ros2_ws/src/lbr-stack/install/lbr_moveit_cpp' for CMake config files
[9.526s] Level 1:colcon.colcon_core.shell:create_environment_hook('lbr_moveit_cpp', 'cmake_prefix_path')
[9.526s] INFO:colcon.colcon_core.shell:Creating environment descriptor '/home/theo/drift/ros2_ws/src/lbr-stack/install/lbr_moveit_cpp/share/lbr_moveit_cpp/hook/cmake_prefix_path.dsv'
[9.526s] INFO:colcon.colcon_core.shell:Creating environment hook '/home/theo/drift/ros2_ws/src/lbr-stack/install/lbr_moveit_cpp/share/lbr_moveit_cpp/hook/cmake_prefix_path.sh'
[9.526s] Level 1:colcon.colcon_core.environment:checking '/home/theo/drift/ros2_ws/src/lbr-stack/install/lbr_moveit_cpp/lib'
[9.526s] Level 1:colcon.colcon_core.environment:checking '/home/theo/drift/ros2_ws/src/lbr-stack/install/lbr_moveit_cpp/bin'
[9.526s] Level 1:colcon.colcon_core.environment:checking '/home/theo/drift/ros2_ws/src/lbr-stack/install/lbr_moveit_cpp/lib/pkgconfig/lbr_moveit_cpp.pc'
[9.526s] Level 1:colcon.colcon_core.environment:checking '/home/theo/drift/ros2_ws/src/lbr-stack/install/lbr_moveit_cpp/lib/python3.12/site-packages'
[9.527s] Level 1:colcon.colcon_core.environment:checking '/home/theo/drift/ros2_ws/src/lbr-stack/install/lbr_moveit_cpp/bin'
[9.527s] INFO:colcon.colcon_core.shell:Creating package descriptor '/home/theo/drift/ros2_ws/src/lbr-stack/install/lbr_moveit_cpp/share/lbr_moveit_cpp/package.dsv'
[9.527s] INFO:colcon.colcon_core.shell:Creating package script '/home/theo/drift/ros2_ws/src/lbr-stack/install/lbr_moveit_cpp/share/lbr_moveit_cpp/package.sh'
[9.527s] INFO:colcon.colcon_core.shell:Creating package script '/home/theo/drift/ros2_ws/src/lbr-stack/install/lbr_moveit_cpp/share/lbr_moveit_cpp/package.bash'
[9.528s] INFO:colcon.colcon_core.shell:Creating package script '/home/theo/drift/ros2_ws/src/lbr-stack/install/lbr_moveit_cpp/share/lbr_moveit_cpp/package.zsh'
[9.528s] Level 1:colcon.colcon_core.environment:create_file_with_runtime_dependencies(/home/theo/drift/ros2_ws/src/lbr-stack/install/lbr_moveit_cpp/share/colcon-core/packages/lbr_moveit_cpp)
[9.528s] Level 1:colcon.colcon_core.environment:create_environment_scripts_only(lbr_moveit_cpp)
[9.528s] Level 1:colcon.colcon_core.environment:checking '/home/theo/drift/ros2_ws/src/lbr-stack/install/lbr_moveit_cpp' for CMake module files
[9.528s] Level 1:colcon.colcon_core.environment:checking '/home/theo/drift/ros2_ws/src/lbr-stack/install/lbr_moveit_cpp' for CMake config files
[9.529s] Level 1:colcon.colcon_core.shell:create_environment_hook('lbr_moveit_cpp', 'cmake_prefix_path')
[9.529s] INFO:colcon.colcon_core.shell:Creating environment descriptor '/home/theo/drift/ros2_ws/src/lbr-stack/install/lbr_moveit_cpp/share/lbr_moveit_cpp/hook/cmake_prefix_path.dsv'
[9.529s] INFO:colcon.colcon_core.shell:Creating environment hook '/home/theo/drift/ros2_ws/src/lbr-stack/install/lbr_moveit_cpp/share/lbr_moveit_cpp/hook/cmake_prefix_path.sh'
[9.529s] Level 1:colcon.colcon_core.environment:checking '/home/theo/drift/ros2_ws/src/lbr-stack/install/lbr_moveit_cpp/lib'
[9.529s] Level 1:colcon.colcon_core.environment:checking '/home/theo/drift/ros2_ws/src/lbr-stack/install/lbr_moveit_cpp/bin'
[9.529s] Level 1:colcon.colcon_core.environment:checking '/home/theo/drift/ros2_ws/src/lbr-stack/install/lbr_moveit_cpp/lib/pkgconfig/lbr_moveit_cpp.pc'
[9.529s] Level 1:colcon.colcon_core.environment:checking '/home/theo/drift/ros2_ws/src/lbr-stack/install/lbr_moveit_cpp/lib/python3.12/site-packages'
[9.529s] Level 1:colcon.colcon_core.environment:checking '/home/theo/drift/ros2_ws/src/lbr-stack/install/lbr_moveit_cpp/bin'
[9.529s] INFO:colcon.colcon_core.shell:Creating package descriptor '/home/theo/drift/ros2_ws/src/lbr-stack/install/lbr_moveit_cpp/share/lbr_moveit_cpp/package.dsv'
[9.529s] INFO:colcon.colcon_core.shell:Creating package script '/home/theo/drift/ros2_ws/src/lbr-stack/install/lbr_moveit_cpp/share/lbr_moveit_cpp/package.sh'
[9.530s] INFO:colcon.colcon_core.shell:Creating package script '/home/theo/drift/ros2_ws/src/lbr-stack/install/lbr_moveit_cpp/share/lbr_moveit_cpp/package.bash'
[9.530s] INFO:colcon.colcon_core.shell:Creating package script '/home/theo/drift/ros2_ws/src/lbr-stack/install/lbr_moveit_cpp/share/lbr_moveit_cpp/package.zsh'
[9.530s] Level 1:colcon.colcon_core.environment:create_file_with_runtime_dependencies(/home/theo/drift/ros2_ws/src/lbr-stack/install/lbr_moveit_cpp/share/colcon-core/packages/lbr_moveit_cpp)
[9.775s] Level 1:colcon.colcon_core.environment:create_environment_scripts_only(lbr_fri_idl)
[9.775s] DEBUG:colcon.colcon_core.event_handler.log_command:Invoked command in '/home/theo/drift/ros2_ws/src/lbr-stack/build/lbr_fri_idl' returned '0': CMAKE_PREFIX_PATH=/home/theo/drift/ros2_ws/src/lbr-stack/install/fri_client_sdk:/opt/ros/jazzy/opt/gz_sim_vendor:/opt/ros/jazzy/opt/gz_sensors_vendor:/opt/ros/jazzy/opt/gz_physics_vendor:/opt/ros/jazzy/opt/gz_gui_vendor:/opt/ros/jazzy/opt/gz_transport_vendor:/opt/ros/jazzy/opt/gz_rendering_vendor:/opt/ros/jazzy/opt/gz_plugin_vendor:/opt/ros/jazzy/opt/gz_fuel_tools_vendor:/opt/ros/jazzy/opt/gz_msgs_vendor:/opt/ros/jazzy/opt/gz_common_vendor:/opt/ros/jazzy/opt/gz_ogre_next_vendor:/opt/ros/jazzy/opt/gz_dartsim_vendor:/opt/ros/jazzy/opt/sdformat_vendor:/opt/ros/jazzy/opt/gz_math_vendor:/opt/ros/jazzy/opt/gz_utils_vendor:/opt/ros/jazzy/opt/gz_tools_vendor:/opt/ros/jazzy/opt/gz_cmake_vendor:/home/theo/drift/ros2_ws/install/my_package:/opt/ros/jazzy DEBUGINFOD_URLS=https://debuginfod.ubuntu.com LD_LIBRARY_PATH=/home/theo/drift/ros2_ws/src/lbr-stack/install/fri_client_sdk/lib:${LD_LIBRARY_PATH} PKG_CONFIG_PATH=/home/theo/drift/ros2_ws/src/lbr-stack/install/fri_client_sdk/lib/aarch64-linux-gnu/pkgconfig:/home/theo/drift/ros2_ws/src/lbr-stack/install/fri_client_sdk/lib/pkgconfig /usr/bin/cmake --install /home/theo/drift/ros2_ws/src/lbr-stack/build/lbr_fri_idl
[9.775s] Level 1:colcon.colcon_core.environment:checking '/home/theo/drift/ros2_ws/src/lbr-stack/install/lbr_fri_idl' for CMake module files
[9.775s] Level 1:colcon.colcon_core.environment:checking '/home/theo/drift/ros2_ws/src/lbr-stack/install/lbr_fri_idl' for CMake config files
[9.776s] Level 1:colcon.colcon_core.shell:create_environment_hook('lbr_fri_idl', 'cmake_prefix_path')
[9.776s] INFO:colcon.colcon_core.shell:Creating environment descriptor '/home/theo/drift/ros2_ws/src/lbr-stack/install/lbr_fri_idl/share/lbr_fri_idl/hook/cmake_prefix_path.dsv'
[9.776s] INFO:colcon.colcon_core.shell:Creating environment hook '/home/theo/drift/ros2_ws/src/lbr-stack/install/lbr_fri_idl/share/lbr_fri_idl/hook/cmake_prefix_path.sh'
[9.776s] Level 1:colcon.colcon_core.environment:checking '/home/theo/drift/ros2_ws/src/lbr-stack/install/lbr_fri_idl/lib'
[9.776s] Level 1:colcon.colcon_core.shell:create_environment_hook('lbr_fri_idl', 'ld_library_path_lib')
[9.776s] INFO:colcon.colcon_core.shell:Creating environment descriptor '/home/theo/drift/ros2_ws/src/lbr-stack/install/lbr_fri_idl/share/lbr_fri_idl/hook/ld_library_path_lib.dsv'
[9.776s] INFO:colcon.colcon_core.shell:Creating environment hook '/home/theo/drift/ros2_ws/src/lbr-stack/install/lbr_fri_idl/share/lbr_fri_idl/hook/ld_library_path_lib.sh'
[9.776s] Level 1:colcon.colcon_core.environment:checking '/home/theo/drift/ros2_ws/src/lbr-stack/install/lbr_fri_idl/bin'
[9.776s] Level 1:colcon.colcon_core.environment:checking '/home/theo/drift/ros2_ws/src/lbr-stack/install/lbr_fri_idl/lib/pkgconfig/lbr_fri_idl.pc'
[9.776s] Level 1:colcon.colcon_core.environment:checking '/home/theo/drift/ros2_ws/src/lbr-stack/install/lbr_fri_idl/lib/python3.12/site-packages'
[9.777s] Level 1:colcon.colcon_core.shell:create_environment_hook('lbr_fri_idl', 'pythonpath')
[9.777s] INFO:colcon.colcon_core.shell:Creating environment descriptor '/home/theo/drift/ros2_ws/src/lbr-stack/install/lbr_fri_idl/share/lbr_fri_idl/hook/pythonpath.dsv'
[9.777s] INFO:colcon.colcon_core.shell:Creating environment hook '/home/theo/drift/ros2_ws/src/lbr-stack/install/lbr_fri_idl/share/lbr_fri_idl/hook/pythonpath.sh'
[9.777s] Level 1:colcon.colcon_core.environment:checking '/home/theo/drift/ros2_ws/src/lbr-stack/install/lbr_fri_idl/bin'
[9.777s] INFO:colcon.colcon_core.shell:Creating package descriptor '/home/theo/drift/ros2_ws/src/lbr-stack/install/lbr_fri_idl/share/lbr_fri_idl/package.dsv'
[9.777s] INFO:colcon.colcon_core.shell:Creating package script '/home/theo/drift/ros2_ws/src/lbr-stack/install/lbr_fri_idl/share/lbr_fri_idl/package.sh'
[9.777s] INFO:colcon.colcon_core.shell:Creating package script '/home/theo/drift/ros2_ws/src/lbr-stack/install/lbr_fri_idl/share/lbr_fri_idl/package.bash'
[9.777s] INFO:colcon.colcon_core.shell:Creating package script '/home/theo/drift/ros2_ws/src/lbr-stack/install/lbr_fri_idl/share/lbr_fri_idl/package.zsh'
[9.777s] Level 1:colcon.colcon_core.environment:create_file_with_runtime_dependencies(/home/theo/drift/ros2_ws/src/lbr-stack/install/lbr_fri_idl/share/colcon-core/packages/lbr_fri_idl)
[9.778s] Level 1:colcon.colcon_core.environment:create_environment_scripts_only(lbr_fri_idl)
[9.778s] Level 1:colcon.colcon_core.environment:checking '/home/theo/drift/ros2_ws/src/lbr-stack/install/lbr_fri_idl' for CMake module files
[9.778s] Level 1:colcon.colcon_core.environment:checking '/home/theo/drift/ros2_ws/src/lbr-stack/install/lbr_fri_idl' for CMake config files
[9.778s] Level 1:colcon.colcon_core.shell:create_environment_hook('lbr_fri_idl', 'cmake_prefix_path')
[9.778s] INFO:colcon.colcon_core.shell:Creating environment descriptor '/home/theo/drift/ros2_ws/src/lbr-stack/install/lbr_fri_idl/share/lbr_fri_idl/hook/cmake_prefix_path.dsv'
[9.778s] INFO:colcon.colcon_core.shell:Creating environment hook '/home/theo/drift/ros2_ws/src/lbr-stack/install/lbr_fri_idl/share/lbr_fri_idl/hook/cmake_prefix_path.sh'
[9.778s] Level 1:colcon.colcon_core.environment:checking '/home/theo/drift/ros2_ws/src/lbr-stack/install/lbr_fri_idl/lib'
[9.778s] Level 1:colcon.colcon_core.shell:create_environment_hook('lbr_fri_idl', 'ld_library_path_lib')
[9.778s] INFO:colcon.colcon_core.shell:Creating environment descriptor '/home/theo/drift/ros2_ws/src/lbr-stack/install/lbr_fri_idl/share/lbr_fri_idl/hook/ld_library_path_lib.dsv'
[9.779s] INFO:colcon.colcon_core.shell:Creating environment hook '/home/theo/drift/ros2_ws/src/lbr-stack/install/lbr_fri_idl/share/lbr_fri_idl/hook/ld_library_path_lib.sh'
[9.779s] Level 1:colcon.colcon_core.environment:checking '/home/theo/drift/ros2_ws/src/lbr-stack/install/lbr_fri_idl/bin'
[9.779s] Level 1:colcon.colcon_core.environment:checking '/home/theo/drift/ros2_ws/src/lbr-stack/install/lbr_fri_idl/lib/pkgconfig/lbr_fri_idl.pc'
[9.779s] Level 1:colcon.colcon_core.environment:checking '/home/theo/drift/ros2_ws/src/lbr-stack/install/lbr_fri_idl/lib/python3.12/site-packages'
[9.779s] Level 1:colcon.colcon_core.shell:create_environment_hook('lbr_fri_idl', 'pythonpath')
[9.779s] INFO:colcon.colcon_core.shell:Creating environment descriptor '/home/theo/drift/ros2_ws/src/lbr-stack/install/lbr_fri_idl/share/lbr_fri_idl/hook/pythonpath.dsv'
[9.779s] INFO:colcon.colcon_core.shell:Creating environment hook '/home/theo/drift/ros2_ws/src/lbr-stack/install/lbr_fri_idl/share/lbr_fri_idl/hook/pythonpath.sh'
[9.779s] Level 1:colcon.colcon_core.environment:checking '/home/theo/drift/ros2_ws/src/lbr-stack/install/lbr_fri_idl/bin'
[9.779s] INFO:colcon.colcon_core.shell:Creating package descriptor '/home/theo/drift/ros2_ws/src/lbr-stack/install/lbr_fri_idl/share/lbr_fri_idl/package.dsv'
[9.779s] INFO:colcon.colcon_core.shell:Creating package script '/home/theo/drift/ros2_ws/src/lbr-stack/install/lbr_fri_idl/share/lbr_fri_idl/package.sh'
[9.779s] INFO:colcon.colcon_core.shell:Creating package script '/home/theo/drift/ros2_ws/src/lbr-stack/install/lbr_fri_idl/share/lbr_fri_idl/package.bash'
[9.780s] INFO:colcon.colcon_core.shell:Creating package script '/home/theo/drift/ros2_ws/src/lbr-stack/install/lbr_fri_idl/share/lbr_fri_idl/package.zsh'
[9.780s] Level 1:colcon.colcon_core.environment:create_file_with_runtime_dependencies(/home/theo/drift/ros2_ws/src/lbr-stack/install/lbr_fri_idl/share/colcon-core/packages/lbr_fri_idl)
[9.780s] INFO:colcon.colcon_ros.task.ament_cmake.build:Building ROS package in '/home/theo/drift/ros2_ws/src/lbr-stack/src/lbr_fri_ros2_stack/lbr_fri_ros2' with build type 'ament_cmake'
[9.780s] INFO:colcon.colcon_cmake.task.cmake.build:Building CMake package in '/home/theo/drift/ros2_ws/src/lbr-stack/src/lbr_fri_ros2_stack/lbr_fri_ros2'
[9.780s] DEBUG:colcon.colcon_core.shell:Skip shell extension 'dsv' for command environment
[9.786s] DEBUG:colcon.colcon_core.event_handler.log_command:Invoking command in '/home/theo/drift/ros2_ws/src/lbr-stack/build/lbr_fri_ros2': AMENT_PREFIX_PATH=/home/theo/drift/ros2_ws/src/lbr-stack/install/lbr_fri_idl:${AMENT_PREFIX_PATH} CMAKE_PREFIX_PATH=/home/theo/drift/ros2_ws/src/lbr-stack/install/lbr_fri_idl:/home/theo/drift/ros2_ws/src/lbr-stack/install/fri_client_sdk:/opt/ros/jazzy/opt/gz_sim_vendor:/opt/ros/jazzy/opt/gz_sensors_vendor:/opt/ros/jazzy/opt/gz_physics_vendor:/opt/ros/jazzy/opt/gz_gui_vendor:/opt/ros/jazzy/opt/gz_transport_vendor:/opt/ros/jazzy/opt/gz_rendering_vendor:/opt/ros/jazzy/opt/gz_plugin_vendor:/opt/ros/jazzy/opt/gz_fuel_tools_vendor:/opt/ros/jazzy/opt/gz_msgs_vendor:/opt/ros/jazzy/opt/gz_common_vendor:/opt/ros/jazzy/opt/gz_ogre_next_vendor:/opt/ros/jazzy/opt/gz_dartsim_vendor:/opt/ros/jazzy/opt/sdformat_vendor:/opt/ros/jazzy/opt/gz_math_vendor:/opt/ros/jazzy/opt/gz_utils_vendor:/opt/ros/jazzy/opt/gz_tools_vendor:/opt/ros/jazzy/opt/gz_cmake_vendor:/home/theo/drift/ros2_ws/install/my_package:/opt/ros/jazzy DEBUGINFOD_URLS=https://debuginfod.ubuntu.com LD_LIBRARY_PATH=/home/theo/drift/ros2_ws/src/lbr-stack/install/lbr_fri_idl/lib:/home/theo/drift/ros2_ws/src/lbr-stack/install/fri_client_sdk/lib:${LD_LIBRARY_PATH} PKG_CONFIG_PATH=/home/theo/drift/ros2_ws/src/lbr-stack/install/fri_client_sdk/lib/aarch64-linux-gnu/pkgconfig:/home/theo/drift/ros2_ws/src/lbr-stack/install/fri_client_sdk/lib/pkgconfig PYTHONPATH=/home/theo/drift/ros2_ws/src/lbr-stack/install/lbr_fri_idl/lib/python3.12/site-packages:${PYTHONPATH} /usr/bin/cmake /home/theo/drift/ros2_ws/src/lbr-stack/src/lbr_fri_ros2_stack/lbr_fri_ros2 -DAMENT_CMAKE_SYMLINK_INSTALL=1 -DCMAKE_INSTALL_PREFIX=/home/theo/drift/ros2_ws/src/lbr-stack/install/lbr_fri_ros2
[10.536s] DEBUG:colcon.colcon_core.event_handler.log_command:Invoked command in '/home/theo/drift/ros2_ws/src/lbr-stack/build/lbr_fri_ros2' returned '0': AMENT_PREFIX_PATH=/home/theo/drift/ros2_ws/src/lbr-stack/install/lbr_fri_idl:${AMENT_PREFIX_PATH} CMAKE_PREFIX_PATH=/home/theo/drift/ros2_ws/src/lbr-stack/install/lbr_fri_idl:/home/theo/drift/ros2_ws/src/lbr-stack/install/fri_client_sdk:/opt/ros/jazzy/opt/gz_sim_vendor:/opt/ros/jazzy/opt/gz_sensors_vendor:/opt/ros/jazzy/opt/gz_physics_vendor:/opt/ros/jazzy/opt/gz_gui_vendor:/opt/ros/jazzy/opt/gz_transport_vendor:/opt/ros/jazzy/opt/gz_rendering_vendor:/opt/ros/jazzy/opt/gz_plugin_vendor:/opt/ros/jazzy/opt/gz_fuel_tools_vendor:/opt/ros/jazzy/opt/gz_msgs_vendor:/opt/ros/jazzy/opt/gz_common_vendor:/opt/ros/jazzy/opt/gz_ogre_next_vendor:/opt/ros/jazzy/opt/gz_dartsim_vendor:/opt/ros/jazzy/opt/sdformat_vendor:/opt/ros/jazzy/opt/gz_math_vendor:/opt/ros/jazzy/opt/gz_utils_vendor:/opt/ros/jazzy/opt/gz_tools_vendor:/opt/ros/jazzy/opt/gz_cmake_vendor:/home/theo/drift/ros2_ws/install/my_package:/opt/ros/jazzy DEBUGINFOD_URLS=https://debuginfod.ubuntu.com LD_LIBRARY_PATH=/home/theo/drift/ros2_ws/src/lbr-stack/install/lbr_fri_idl/lib:/home/theo/drift/ros2_ws/src/lbr-stack/install/fri_client_sdk/lib:${LD_LIBRARY_PATH} PKG_CONFIG_PATH=/home/theo/drift/ros2_ws/src/lbr-stack/install/fri_client_sdk/lib/aarch64-linux-gnu/pkgconfig:/home/theo/drift/ros2_ws/src/lbr-stack/install/fri_client_sdk/lib/pkgconfig PYTHONPATH=/home/theo/drift/ros2_ws/src/lbr-stack/install/lbr_fri_idl/lib/python3.12/site-packages:${PYTHONPATH} /usr/bin/cmake /home/theo/drift/ros2_ws/src/lbr-stack/src/lbr_fri_ros2_stack/lbr_fri_ros2 -DAMENT_CMAKE_SYMLINK_INSTALL=1 -DCMAKE_INSTALL_PREFIX=/home/theo/drift/ros2_ws/src/lbr-stack/install/lbr_fri_ros2
[10.537s] DEBUG:colcon.colcon_core.event_handler.log_command:Invoking command in '/home/theo/drift/ros2_ws/src/lbr-stack/build/lbr_fri_ros2': AMENT_PREFIX_PATH=/home/theo/drift/ros2_ws/src/lbr-stack/install/lbr_fri_idl:${AMENT_PREFIX_PATH} CMAKE_PREFIX_PATH=/home/theo/drift/ros2_ws/src/lbr-stack/install/lbr_fri_idl:/home/theo/drift/ros2_ws/src/lbr-stack/install/fri_client_sdk:/opt/ros/jazzy/opt/gz_sim_vendor:/opt/ros/jazzy/opt/gz_sensors_vendor:/opt/ros/jazzy/opt/gz_physics_vendor:/opt/ros/jazzy/opt/gz_gui_vendor:/opt/ros/jazzy/opt/gz_transport_vendor:/opt/ros/jazzy/opt/gz_rendering_vendor:/opt/ros/jazzy/opt/gz_plugin_vendor:/opt/ros/jazzy/opt/gz_fuel_tools_vendor:/opt/ros/jazzy/opt/gz_msgs_vendor:/opt/ros/jazzy/opt/gz_common_vendor:/opt/ros/jazzy/opt/gz_ogre_next_vendor:/opt/ros/jazzy/opt/gz_dartsim_vendor:/opt/ros/jazzy/opt/sdformat_vendor:/opt/ros/jazzy/opt/gz_math_vendor:/opt/ros/jazzy/opt/gz_utils_vendor:/opt/ros/jazzy/opt/gz_tools_vendor:/opt/ros/jazzy/opt/gz_cmake_vendor:/home/theo/drift/ros2_ws/install/my_package:/opt/ros/jazzy DEBUGINFOD_URLS=https://debuginfod.ubuntu.com LD_LIBRARY_PATH=/home/theo/drift/ros2_ws/src/lbr-stack/install/lbr_fri_idl/lib:/home/theo/drift/ros2_ws/src/lbr-stack/install/fri_client_sdk/lib:${LD_LIBRARY_PATH} PKG_CONFIG_PATH=/home/theo/drift/ros2_ws/src/lbr-stack/install/fri_client_sdk/lib/aarch64-linux-gnu/pkgconfig:/home/theo/drift/ros2_ws/src/lbr-stack/install/fri_client_sdk/lib/pkgconfig PYTHONPATH=/home/theo/drift/ros2_ws/src/lbr-stack/install/lbr_fri_idl/lib/python3.12/site-packages:${PYTHONPATH} /usr/bin/cmake --build /home/theo/drift/ros2_ws/src/lbr-stack/build/lbr_fri_ros2 -- -j4 -l4
[21.086s] DEBUG:colcon.colcon_core.event_handler.log_command:Invoked command in '/home/theo/drift/ros2_ws/src/lbr-stack/build/lbr_fri_ros2' returned '0': AMENT_PREFIX_PATH=/home/theo/drift/ros2_ws/src/lbr-stack/install/lbr_fri_idl:${AMENT_PREFIX_PATH} CMAKE_PREFIX_PATH=/home/theo/drift/ros2_ws/src/lbr-stack/install/lbr_fri_idl:/home/theo/drift/ros2_ws/src/lbr-stack/install/fri_client_sdk:/opt/ros/jazzy/opt/gz_sim_vendor:/opt/ros/jazzy/opt/gz_sensors_vendor:/opt/ros/jazzy/opt/gz_physics_vendor:/opt/ros/jazzy/opt/gz_gui_vendor:/opt/ros/jazzy/opt/gz_transport_vendor:/opt/ros/jazzy/opt/gz_rendering_vendor:/opt/ros/jazzy/opt/gz_plugin_vendor:/opt/ros/jazzy/opt/gz_fuel_tools_vendor:/opt/ros/jazzy/opt/gz_msgs_vendor:/opt/ros/jazzy/opt/gz_common_vendor:/opt/ros/jazzy/opt/gz_ogre_next_vendor:/opt/ros/jazzy/opt/gz_dartsim_vendor:/opt/ros/jazzy/opt/sdformat_vendor:/opt/ros/jazzy/opt/gz_math_vendor:/opt/ros/jazzy/opt/gz_utils_vendor:/opt/ros/jazzy/opt/gz_tools_vendor:/opt/ros/jazzy/opt/gz_cmake_vendor:/home/theo/drift/ros2_ws/install/my_package:/opt/ros/jazzy DEBUGINFOD_URLS=https://debuginfod.ubuntu.com LD_LIBRARY_PATH=/home/theo/drift/ros2_ws/src/lbr-stack/install/lbr_fri_idl/lib:/home/theo/drift/ros2_ws/src/lbr-stack/install/fri_client_sdk/lib:${LD_LIBRARY_PATH} PKG_CONFIG_PATH=/home/theo/drift/ros2_ws/src/lbr-stack/install/fri_client_sdk/lib/aarch64-linux-gnu/pkgconfig:/home/theo/drift/ros2_ws/src/lbr-stack/install/fri_client_sdk/lib/pkgconfig PYTHONPATH=/home/theo/drift/ros2_ws/src/lbr-stack/install/lbr_fri_idl/lib/python3.12/site-packages:${PYTHONPATH} /usr/bin/cmake --build /home/theo/drift/ros2_ws/src/lbr-stack/build/lbr_fri_ros2 -- -j4 -l4
[21.086s] DEBUG:colcon.colcon_core.event_handler.log_command:Invoking command in '/home/theo/drift/ros2_ws/src/lbr-stack/build/lbr_fri_ros2': AMENT_PREFIX_PATH=/home/theo/drift/ros2_ws/src/lbr-stack/install/lbr_fri_idl:${AMENT_PREFIX_PATH} CMAKE_PREFIX_PATH=/home/theo/drift/ros2_ws/src/lbr-stack/install/lbr_fri_idl:/home/theo/drift/ros2_ws/src/lbr-stack/install/fri_client_sdk:/opt/ros/jazzy/opt/gz_sim_vendor:/opt/ros/jazzy/opt/gz_sensors_vendor:/opt/ros/jazzy/opt/gz_physics_vendor:/opt/ros/jazzy/opt/gz_gui_vendor:/opt/ros/jazzy/opt/gz_transport_vendor:/opt/ros/jazzy/opt/gz_rendering_vendor:/opt/ros/jazzy/opt/gz_plugin_vendor:/opt/ros/jazzy/opt/gz_fuel_tools_vendor:/opt/ros/jazzy/opt/gz_msgs_vendor:/opt/ros/jazzy/opt/gz_common_vendor:/opt/ros/jazzy/opt/gz_ogre_next_vendor:/opt/ros/jazzy/opt/gz_dartsim_vendor:/opt/ros/jazzy/opt/sdformat_vendor:/opt/ros/jazzy/opt/gz_math_vendor:/opt/ros/jazzy/opt/gz_utils_vendor:/opt/ros/jazzy/opt/gz_tools_vendor:/opt/ros/jazzy/opt/gz_cmake_vendor:/home/theo/drift/ros2_ws/install/my_package:/opt/ros/jazzy DEBUGINFOD_URLS=https://debuginfod.ubuntu.com LD_LIBRARY_PATH=/home/theo/drift/ros2_ws/src/lbr-stack/install/lbr_fri_idl/lib:/home/theo/drift/ros2_ws/src/lbr-stack/install/fri_client_sdk/lib:${LD_LIBRARY_PATH} PKG_CONFIG_PATH=/home/theo/drift/ros2_ws/src/lbr-stack/install/fri_client_sdk/lib/aarch64-linux-gnu/pkgconfig:/home/theo/drift/ros2_ws/src/lbr-stack/install/fri_client_sdk/lib/pkgconfig PYTHONPATH=/home/theo/drift/ros2_ws/src/lbr-stack/install/lbr_fri_idl/lib/python3.12/site-packages:${PYTHONPATH} /usr/bin/cmake --install /home/theo/drift/ros2_ws/src/lbr-stack/build/lbr_fri_ros2
[21.239s] Level 1:colcon.colcon_core.environment:create_environment_scripts_only(lbr_fri_ros2)
[21.239s] Level 1:colcon.colcon_core.environment:checking '/home/theo/drift/ros2_ws/src/lbr-stack/install/lbr_fri_ros2' for CMake module files
[21.239s] DEBUG:colcon.colcon_core.event_handler.log_command:Invoked command in '/home/theo/drift/ros2_ws/src/lbr-stack/build/lbr_fri_ros2' returned '0': AMENT_PREFIX_PATH=/home/theo/drift/ros2_ws/src/lbr-stack/install/lbr_fri_idl:${AMENT_PREFIX_PATH} CMAKE_PREFIX_PATH=/home/theo/drift/ros2_ws/src/lbr-stack/install/lbr_fri_idl:/home/theo/drift/ros2_ws/src/lbr-stack/install/fri_client_sdk:/opt/ros/jazzy/opt/gz_sim_vendor:/opt/ros/jazzy/opt/gz_sensors_vendor:/opt/ros/jazzy/opt/gz_physics_vendor:/opt/ros/jazzy/opt/gz_gui_vendor:/opt/ros/jazzy/opt/gz_transport_vendor:/opt/ros/jazzy/opt/gz_rendering_vendor:/opt/ros/jazzy/opt/gz_plugin_vendor:/opt/ros/jazzy/opt/gz_fuel_tools_vendor:/opt/ros/jazzy/opt/gz_msgs_vendor:/opt/ros/jazzy/opt/gz_common_vendor:/opt/ros/jazzy/opt/gz_ogre_next_vendor:/opt/ros/jazzy/opt/gz_dartsim_vendor:/opt/ros/jazzy/opt/sdformat_vendor:/opt/ros/jazzy/opt/gz_math_vendor:/opt/ros/jazzy/opt/gz_utils_vendor:/opt/ros/jazzy/opt/gz_tools_vendor:/opt/ros/jazzy/opt/gz_cmake_vendor:/home/theo/drift/ros2_ws/install/my_package:/opt/ros/jazzy DEBUGINFOD_URLS=https://debuginfod.ubuntu.com LD_LIBRARY_PATH=/home/theo/drift/ros2_ws/src/lbr-stack/install/lbr_fri_idl/lib:/home/theo/drift/ros2_ws/src/lbr-stack/install/fri_client_sdk/lib:${LD_LIBRARY_PATH} PKG_CONFIG_PATH=/home/theo/drift/ros2_ws/src/lbr-stack/install/fri_client_sdk/lib/aarch64-linux-gnu/pkgconfig:/home/theo/drift/ros2_ws/src/lbr-stack/install/fri_client_sdk/lib/pkgconfig PYTHONPATH=/home/theo/drift/ros2_ws/src/lbr-stack/install/lbr_fri_idl/lib/python3.12/site-packages:${PYTHONPATH} /usr/bin/cmake --install /home/theo/drift/ros2_ws/src/lbr-stack/build/lbr_fri_ros2
[21.240s] Level 1:colcon.colcon_core.environment:checking '/home/theo/drift/ros2_ws/src/lbr-stack/install/lbr_fri_ros2' for CMake config files
[21.240s] Level 1:colcon.colcon_core.shell:create_environment_hook('lbr_fri_ros2', 'cmake_prefix_path')
[21.240s] INFO:colcon.colcon_core.shell:Creating environment descriptor '/home/theo/drift/ros2_ws/src/lbr-stack/install/lbr_fri_ros2/share/lbr_fri_ros2/hook/cmake_prefix_path.dsv'
[21.240s] INFO:colcon.colcon_core.shell:Creating environment hook '/home/theo/drift/ros2_ws/src/lbr-stack/install/lbr_fri_ros2/share/lbr_fri_ros2/hook/cmake_prefix_path.sh'
[21.241s] Level 1:colcon.colcon_core.environment:checking '/home/theo/drift/ros2_ws/src/lbr-stack/install/lbr_fri_ros2/lib'
[21.241s] Level 1:colcon.colcon_core.shell:create_environment_hook('lbr_fri_ros2', 'ld_library_path_lib')
[21.241s] INFO:colcon.colcon_core.shell:Creating environment descriptor '/home/theo/drift/ros2_ws/src/lbr-stack/install/lbr_fri_ros2/share/lbr_fri_ros2/hook/ld_library_path_lib.dsv'
[21.241s] INFO:colcon.colcon_core.shell:Creating environment hook '/home/theo/drift/ros2_ws/src/lbr-stack/install/lbr_fri_ros2/share/lbr_fri_ros2/hook/ld_library_path_lib.sh'
[21.241s] Level 1:colcon.colcon_core.environment:checking '/home/theo/drift/ros2_ws/src/lbr-stack/install/lbr_fri_ros2/bin'
[21.241s] Level 1:colcon.colcon_core.environment:checking '/home/theo/drift/ros2_ws/src/lbr-stack/install/lbr_fri_ros2/lib/pkgconfig/lbr_fri_ros2.pc'
[21.241s] Level 1:colcon.colcon_core.environment:checking '/home/theo/drift/ros2_ws/src/lbr-stack/install/lbr_fri_ros2/lib/python3.12/site-packages'
[21.241s] Level 1:colcon.colcon_core.environment:checking '/home/theo/drift/ros2_ws/src/lbr-stack/install/lbr_fri_ros2/bin'
[21.241s] INFO:colcon.colcon_core.shell:Creating package descriptor '/home/theo/drift/ros2_ws/src/lbr-stack/install/lbr_fri_ros2/share/lbr_fri_ros2/package.dsv'
[21.242s] INFO:colcon.colcon_core.shell:Creating package script '/home/theo/drift/ros2_ws/src/lbr-stack/install/lbr_fri_ros2/share/lbr_fri_ros2/package.sh'
[21.242s] INFO:colcon.colcon_core.shell:Creating package script '/home/theo/drift/ros2_ws/src/lbr-stack/install/lbr_fri_ros2/share/lbr_fri_ros2/package.bash'
[21.242s] INFO:colcon.colcon_core.shell:Creating package script '/home/theo/drift/ros2_ws/src/lbr-stack/install/lbr_fri_ros2/share/lbr_fri_ros2/package.zsh'
[21.242s] Level 1:colcon.colcon_core.environment:create_file_with_runtime_dependencies(/home/theo/drift/ros2_ws/src/lbr-stack/install/lbr_fri_ros2/share/colcon-core/packages/lbr_fri_ros2)
[21.242s] Level 1:colcon.colcon_core.environment:create_environment_scripts_only(lbr_fri_ros2)
[21.242s] Level 1:colcon.colcon_core.environment:checking '/home/theo/drift/ros2_ws/src/lbr-stack/install/lbr_fri_ros2' for CMake module files
[21.243s] Level 1:colcon.colcon_core.environment:checking '/home/theo/drift/ros2_ws/src/lbr-stack/install/lbr_fri_ros2' for CMake config files
[21.243s] Level 1:colcon.colcon_core.shell:create_environment_hook('lbr_fri_ros2', 'cmake_prefix_path')
[21.243s] INFO:colcon.colcon_core.shell:Creating environment descriptor '/home/theo/drift/ros2_ws/src/lbr-stack/install/lbr_fri_ros2/share/lbr_fri_ros2/hook/cmake_prefix_path.dsv'
[21.243s] INFO:colcon.colcon_core.shell:Creating environment hook '/home/theo/drift/ros2_ws/src/lbr-stack/install/lbr_fri_ros2/share/lbr_fri_ros2/hook/cmake_prefix_path.sh'
[21.243s] Level 1:colcon.colcon_core.environment:checking '/home/theo/drift/ros2_ws/src/lbr-stack/install/lbr_fri_ros2/lib'
[21.243s] Level 1:colcon.colcon_core.shell:create_environment_hook('lbr_fri_ros2', 'ld_library_path_lib')
[21.243s] INFO:colcon.colcon_core.shell:Creating environment descriptor '/home/theo/drift/ros2_ws/src/lbr-stack/install/lbr_fri_ros2/share/lbr_fri_ros2/hook/ld_library_path_lib.dsv'
[21.243s] INFO:colcon.colcon_core.shell:Creating environment hook '/home/theo/drift/ros2_ws/src/lbr-stack/install/lbr_fri_ros2/share/lbr_fri_ros2/hook/ld_library_path_lib.sh'
[21.244s] Level 1:colcon.colcon_core.environment:checking '/home/theo/drift/ros2_ws/src/lbr-stack/install/lbr_fri_ros2/bin'
[21.244s] Level 1:colcon.colcon_core.environment:checking '/home/theo/drift/ros2_ws/src/lbr-stack/install/lbr_fri_ros2/lib/pkgconfig/lbr_fri_ros2.pc'
[21.244s] Level 1:colcon.colcon_core.environment:checking '/home/theo/drift/ros2_ws/src/lbr-stack/install/lbr_fri_ros2/lib/python3.12/site-packages'
[21.244s] Level 1:colcon.colcon_core.environment:checking '/home/theo/drift/ros2_ws/src/lbr-stack/install/lbr_fri_ros2/bin'
[21.244s] INFO:colcon.colcon_core.shell:Creating package descriptor '/home/theo/drift/ros2_ws/src/lbr-stack/install/lbr_fri_ros2/share/lbr_fri_ros2/package.dsv'
[21.244s] INFO:colcon.colcon_core.shell:Creating package script '/home/theo/drift/ros2_ws/src/lbr-stack/install/lbr_fri_ros2/share/lbr_fri_ros2/package.sh'
[21.244s] INFO:colcon.colcon_core.shell:Creating package script '/home/theo/drift/ros2_ws/src/lbr-stack/install/lbr_fri_ros2/share/lbr_fri_ros2/package.bash'
[21.244s] INFO:colcon.colcon_core.shell:Creating package script '/home/theo/drift/ros2_ws/src/lbr-stack/install/lbr_fri_ros2/share/lbr_fri_ros2/package.zsh'
[21.244s] Level 1:colcon.colcon_core.environment:create_file_with_runtime_dependencies(/home/theo/drift/ros2_ws/src/lbr-stack/install/lbr_fri_ros2/share/colcon-core/packages/lbr_fri_ros2)
[21.244s] INFO:colcon.colcon_ros.task.ament_cmake.build:Building ROS package in '/home/theo/drift/ros2_ws/src/lbr-stack/src/lbr_fri_ros2_stack/lbr_ros2_control' with build type 'ament_cmake'
[21.244s] INFO:colcon.colcon_cmake.task.cmake.build:Building CMake package in '/home/theo/drift/ros2_ws/src/lbr-stack/src/lbr_fri_ros2_stack/lbr_ros2_control'
[21.245s] DEBUG:colcon.colcon_core.shell:Skip shell extension 'dsv' for command environment
[21.246s] INFO:colcon.colcon_ros.task.ament_cmake.build:Building ROS package in '/home/theo/drift/ros2_ws/src/lbr-stack/src/lbr_fri_ros2_stack/lbr_demos/lbr_demos_advanced_cpp' with build type 'ament_cmake'
[21.247s] INFO:colcon.colcon_cmake.task.cmake.build:Building CMake package in '/home/theo/drift/ros2_ws/src/lbr-stack/src/lbr_fri_ros2_stack/lbr_demos/lbr_demos_advanced_cpp'
[21.247s] DEBUG:colcon.colcon_core.shell:Skip shell extension 'dsv' for command environment
[21.248s] INFO:colcon.colcon_ros.task.ament_python.build:Building ROS package in '/home/theo/drift/ros2_ws/src/lbr-stack/src/lbr_fri_ros2_stack/lbr_demos/lbr_demos_advanced_py' with build type 'ament_python'
[21.248s] Level 1:colcon.colcon_core.shell:create_environment_hook('lbr_demos_advanced_py', 'ament_prefix_path')
[21.248s] INFO:colcon.colcon_core.shell:Creating environment descriptor '/home/theo/drift/ros2_ws/src/lbr-stack/install/lbr_demos_advanced_py/share/lbr_demos_advanced_py/hook/ament_prefix_path.dsv'
[21.248s] INFO:colcon.colcon_core.shell:Creating environment hook '/home/theo/drift/ros2_ws/src/lbr-stack/install/lbr_demos_advanced_py/share/lbr_demos_advanced_py/hook/ament_prefix_path.sh'
[21.249s] DEBUG:colcon.colcon_core.shell:Skip shell extension 'dsv' for command environment
[21.253s] DEBUG:colcon.colcon_core.event_handler.log_command:Invoking command in '/home/theo/drift/ros2_ws/src/lbr-stack/build/lbr_ros2_control': AMENT_PREFIX_PATH=/home/theo/drift/ros2_ws/src/lbr-stack/install/lbr_fri_ros2:/home/theo/drift/ros2_ws/src/lbr-stack/install/lbr_fri_idl:${AMENT_PREFIX_PATH} CMAKE_PREFIX_PATH=/home/theo/drift/ros2_ws/src/lbr-stack/install/lbr_fri_ros2:/home/theo/drift/ros2_ws/src/lbr-stack/install/lbr_fri_idl:/home/theo/drift/ros2_ws/src/lbr-stack/install/fri_client_sdk:/opt/ros/jazzy/opt/gz_sim_vendor:/opt/ros/jazzy/opt/gz_sensors_vendor:/opt/ros/jazzy/opt/gz_physics_vendor:/opt/ros/jazzy/opt/gz_gui_vendor:/opt/ros/jazzy/opt/gz_transport_vendor:/opt/ros/jazzy/opt/gz_rendering_vendor:/opt/ros/jazzy/opt/gz_plugin_vendor:/opt/ros/jazzy/opt/gz_fuel_tools_vendor:/opt/ros/jazzy/opt/gz_msgs_vendor:/opt/ros/jazzy/opt/gz_common_vendor:/opt/ros/jazzy/opt/gz_ogre_next_vendor:/opt/ros/jazzy/opt/gz_dartsim_vendor:/opt/ros/jazzy/opt/sdformat_vendor:/opt/ros/jazzy/opt/gz_math_vendor:/opt/ros/jazzy/opt/gz_utils_vendor:/opt/ros/jazzy/opt/gz_tools_vendor:/opt/ros/jazzy/opt/gz_cmake_vendor:/home/theo/drift/ros2_ws/install/my_package:/opt/ros/jazzy DEBUGINFOD_URLS=https://debuginfod.ubuntu.com LD_LIBRARY_PATH=/home/theo/drift/ros2_ws/src/lbr-stack/install/lbr_fri_ros2/lib:/home/theo/drift/ros2_ws/src/lbr-stack/install/lbr_fri_idl/lib:/home/theo/drift/ros2_ws/src/lbr-stack/install/fri_client_sdk/lib:${LD_LIBRARY_PATH} PKG_CONFIG_PATH=/home/theo/drift/ros2_ws/src/lbr-stack/install/fri_client_sdk/lib/aarch64-linux-gnu/pkgconfig:/home/theo/drift/ros2_ws/src/lbr-stack/install/fri_client_sdk/lib/pkgconfig PYTHONPATH=/home/theo/drift/ros2_ws/src/lbr-stack/install/lbr_fri_idl/lib/python3.12/site-packages:${PYTHONPATH} /usr/bin/cmake /home/theo/drift/ros2_ws/src/lbr-stack/src/lbr_fri_ros2_stack/lbr_ros2_control -DAMENT_CMAKE_SYMLINK_INSTALL=1 -DCMAKE_INSTALL_PREFIX=/home/theo/drift/ros2_ws/src/lbr-stack/install/lbr_ros2_control
[21.255s] DEBUG:colcon.colcon_core.event_handler.log_command:Invoking command in '/home/theo/drift/ros2_ws/src/lbr-stack/build/lbr_demos_advanced_cpp': AMENT_PREFIX_PATH=/home/theo/drift/ros2_ws/src/lbr-stack/install/lbr_fri_ros2:/home/theo/drift/ros2_ws/src/lbr-stack/install/lbr_fri_idl:${AMENT_PREFIX_PATH} CMAKE_PREFIX_PATH=/home/theo/drift/ros2_ws/src/lbr-stack/install/lbr_fri_ros2:/home/theo/drift/ros2_ws/src/lbr-stack/install/lbr_fri_idl:/home/theo/drift/ros2_ws/src/lbr-stack/install/fri_client_sdk:/opt/ros/jazzy/opt/gz_sim_vendor:/opt/ros/jazzy/opt/gz_sensors_vendor:/opt/ros/jazzy/opt/gz_physics_vendor:/opt/ros/jazzy/opt/gz_gui_vendor:/opt/ros/jazzy/opt/gz_transport_vendor:/opt/ros/jazzy/opt/gz_rendering_vendor:/opt/ros/jazzy/opt/gz_plugin_vendor:/opt/ros/jazzy/opt/gz_fuel_tools_vendor:/opt/ros/jazzy/opt/gz_msgs_vendor:/opt/ros/jazzy/opt/gz_common_vendor:/opt/ros/jazzy/opt/gz_ogre_next_vendor:/opt/ros/jazzy/opt/gz_dartsim_vendor:/opt/ros/jazzy/opt/sdformat_vendor:/opt/ros/jazzy/opt/gz_math_vendor:/opt/ros/jazzy/opt/gz_utils_vendor:/opt/ros/jazzy/opt/gz_tools_vendor:/opt/ros/jazzy/opt/gz_cmake_vendor:/home/theo/drift/ros2_ws/install/my_package:/opt/ros/jazzy DEBUGINFOD_URLS=https://debuginfod.ubuntu.com LD_LIBRARY_PATH=/home/theo/drift/ros2_ws/src/lbr-stack/install/lbr_fri_ros2/lib:/home/theo/drift/ros2_ws/src/lbr-stack/install/lbr_fri_idl/lib:/home/theo/drift/ros2_ws/src/lbr-stack/install/fri_client_sdk/lib:${LD_LIBRARY_PATH} PKG_CONFIG_PATH=/home/theo/drift/ros2_ws/src/lbr-stack/install/fri_client_sdk/lib/aarch64-linux-gnu/pkgconfig:/home/theo/drift/ros2_ws/src/lbr-stack/install/fri_client_sdk/lib/pkgconfig PYTHONPATH=/home/theo/drift/ros2_ws/src/lbr-stack/install/lbr_fri_idl/lib/python3.12/site-packages:${PYTHONPATH} /usr/bin/cmake /home/theo/drift/ros2_ws/src/lbr-stack/src/lbr_fri_ros2_stack/lbr_demos/lbr_demos_advanced_cpp -DAMENT_CMAKE_SYMLINK_INSTALL=1 -DCMAKE_INSTALL_PREFIX=/home/theo/drift/ros2_ws/src/lbr-stack/install/lbr_demos_advanced_cpp
[21.503s] INFO:colcon.colcon_core.task.python.build:Building Python package in '/home/theo/drift/ros2_ws/src/lbr-stack/src/lbr_fri_ros2_stack/lbr_demos/lbr_demos_advanced_py'
[21.503s] DEBUG:colcon.colcon_core.shell:Skip shell extension 'dsv' for command environment
[21.972s] DEBUG:colcon.colcon_core.event_handler.log_command:Invoking command in '/home/theo/drift/ros2_ws/src/lbr-stack/build/lbr_demos_advanced_py': AMENT_PREFIX_PATH=/home/theo/drift/ros2_ws/src/lbr-stack/install/lbr_fri_ros2:/home/theo/drift/ros2_ws/src/lbr-stack/install/lbr_fri_idl:${AMENT_PREFIX_PATH} CMAKE_PREFIX_PATH=/home/theo/drift/ros2_ws/src/lbr-stack/install/lbr_fri_ros2:/home/theo/drift/ros2_ws/src/lbr-stack/install/lbr_fri_idl:/home/theo/drift/ros2_ws/src/lbr-stack/install/fri_client_sdk:${CMAKE_PREFIX_PATH} DEBUGINFOD_URLS=https://debuginfod.ubuntu.com LD_LIBRARY_PATH=/home/theo/drift/ros2_ws/src/lbr-stack/install/lbr_fri_ros2/lib:/home/theo/drift/ros2_ws/src/lbr-stack/install/lbr_fri_idl/lib:/home/theo/drift/ros2_ws/src/lbr-stack/install/fri_client_sdk/lib:${LD_LIBRARY_PATH} PKG_CONFIG_PATH=/home/theo/drift/ros2_ws/src/lbr-stack/install/fri_client_sdk/lib/aarch64-linux-gnu/pkgconfig:/home/theo/drift/ros2_ws/src/lbr-stack/install/fri_client_sdk/lib/pkgconfig PYTHONPATH=/home/theo/drift/ros2_ws/src/lbr-stack/build/lbr_demos_advanced_py/prefix_override:/usr/lib/python3/dist-packages/colcon_core/task/python/colcon_distutils_commands:/home/theo/drift/ros2_ws/src/lbr-stack/install/lbr_demos_advanced_py/lib/python3.12/site-packages:/home/theo/drift/ros2_ws/src/lbr-stack/install/lbr_fri_idl/lib/python3.12/site-packages:${PYTHONPATH} /usr/bin/python3 -W ignore:setup.py install is deprecated -W ignore:easy_install command is deprecated setup.py develop --editable --build-directory /home/theo/drift/ros2_ws/src/lbr-stack/build/lbr_demos_advanced_py/build --no-deps symlink_data
[22.267s] DEBUG:colcon.colcon_core.event_handler.log_command:Invoked command in '/home/theo/drift/ros2_ws/src/lbr-stack/build/lbr_demos_advanced_cpp' returned '0': AMENT_PREFIX_PATH=/home/theo/drift/ros2_ws/src/lbr-stack/install/lbr_fri_ros2:/home/theo/drift/ros2_ws/src/lbr-stack/install/lbr_fri_idl:${AMENT_PREFIX_PATH} CMAKE_PREFIX_PATH=/home/theo/drift/ros2_ws/src/lbr-stack/install/lbr_fri_ros2:/home/theo/drift/ros2_ws/src/lbr-stack/install/lbr_fri_idl:/home/theo/drift/ros2_ws/src/lbr-stack/install/fri_client_sdk:/opt/ros/jazzy/opt/gz_sim_vendor:/opt/ros/jazzy/opt/gz_sensors_vendor:/opt/ros/jazzy/opt/gz_physics_vendor:/opt/ros/jazzy/opt/gz_gui_vendor:/opt/ros/jazzy/opt/gz_transport_vendor:/opt/ros/jazzy/opt/gz_rendering_vendor:/opt/ros/jazzy/opt/gz_plugin_vendor:/opt/ros/jazzy/opt/gz_fuel_tools_vendor:/opt/ros/jazzy/opt/gz_msgs_vendor:/opt/ros/jazzy/opt/gz_common_vendor:/opt/ros/jazzy/opt/gz_ogre_next_vendor:/opt/ros/jazzy/opt/gz_dartsim_vendor:/opt/ros/jazzy/opt/sdformat_vendor:/opt/ros/jazzy/opt/gz_math_vendor:/opt/ros/jazzy/opt/gz_utils_vendor:/opt/ros/jazzy/opt/gz_tools_vendor:/opt/ros/jazzy/opt/gz_cmake_vendor:/home/theo/drift/ros2_ws/install/my_package:/opt/ros/jazzy DEBUGINFOD_URLS=https://debuginfod.ubuntu.com LD_LIBRARY_PATH=/home/theo/drift/ros2_ws/src/lbr-stack/install/lbr_fri_ros2/lib:/home/theo/drift/ros2_ws/src/lbr-stack/install/lbr_fri_idl/lib:/home/theo/drift/ros2_ws/src/lbr-stack/install/fri_client_sdk/lib:${LD_LIBRARY_PATH} PKG_CONFIG_PATH=/home/theo/drift/ros2_ws/src/lbr-stack/install/fri_client_sdk/lib/aarch64-linux-gnu/pkgconfig:/home/theo/drift/ros2_ws/src/lbr-stack/install/fri_client_sdk/lib/pkgconfig PYTHONPATH=/home/theo/drift/ros2_ws/src/lbr-stack/install/lbr_fri_idl/lib/python3.12/site-packages:${PYTHONPATH} /usr/bin/cmake /home/theo/drift/ros2_ws/src/lbr-stack/src/lbr_fri_ros2_stack/lbr_demos/lbr_demos_advanced_cpp -DAMENT_CMAKE_SYMLINK_INSTALL=1 -DCMAKE_INSTALL_PREFIX=/home/theo/drift/ros2_ws/src/lbr-stack/install/lbr_demos_advanced_cpp
[22.268s] DEBUG:colcon.colcon_core.event_handler.log_command:Invoking command in '/home/theo/drift/ros2_ws/src/lbr-stack/build/lbr_demos_advanced_cpp': AMENT_PREFIX_PATH=/home/theo/drift/ros2_ws/src/lbr-stack/install/lbr_fri_ros2:/home/theo/drift/ros2_ws/src/lbr-stack/install/lbr_fri_idl:${AMENT_PREFIX_PATH} CMAKE_PREFIX_PATH=/home/theo/drift/ros2_ws/src/lbr-stack/install/lbr_fri_ros2:/home/theo/drift/ros2_ws/src/lbr-stack/install/lbr_fri_idl:/home/theo/drift/ros2_ws/src/lbr-stack/install/fri_client_sdk:/opt/ros/jazzy/opt/gz_sim_vendor:/opt/ros/jazzy/opt/gz_sensors_vendor:/opt/ros/jazzy/opt/gz_physics_vendor:/opt/ros/jazzy/opt/gz_gui_vendor:/opt/ros/jazzy/opt/gz_transport_vendor:/opt/ros/jazzy/opt/gz_rendering_vendor:/opt/ros/jazzy/opt/gz_plugin_vendor:/opt/ros/jazzy/opt/gz_fuel_tools_vendor:/opt/ros/jazzy/opt/gz_msgs_vendor:/opt/ros/jazzy/opt/gz_common_vendor:/opt/ros/jazzy/opt/gz_ogre_next_vendor:/opt/ros/jazzy/opt/gz_dartsim_vendor:/opt/ros/jazzy/opt/sdformat_vendor:/opt/ros/jazzy/opt/gz_math_vendor:/opt/ros/jazzy/opt/gz_utils_vendor:/opt/ros/jazzy/opt/gz_tools_vendor:/opt/ros/jazzy/opt/gz_cmake_vendor:/home/theo/drift/ros2_ws/install/my_package:/opt/ros/jazzy DEBUGINFOD_URLS=https://debuginfod.ubuntu.com LD_LIBRARY_PATH=/home/theo/drift/ros2_ws/src/lbr-stack/install/lbr_fri_ros2/lib:/home/theo/drift/ros2_ws/src/lbr-stack/install/lbr_fri_idl/lib:/home/theo/drift/ros2_ws/src/lbr-stack/install/fri_client_sdk/lib:${LD_LIBRARY_PATH} PKG_CONFIG_PATH=/home/theo/drift/ros2_ws/src/lbr-stack/install/fri_client_sdk/lib/aarch64-linux-gnu/pkgconfig:/home/theo/drift/ros2_ws/src/lbr-stack/install/fri_client_sdk/lib/pkgconfig PYTHONPATH=/home/theo/drift/ros2_ws/src/lbr-stack/install/lbr_fri_idl/lib/python3.12/site-packages:${PYTHONPATH} /usr/bin/cmake --build /home/theo/drift/ros2_ws/src/lbr-stack/build/lbr_demos_advanced_cpp -- -j4 -l4
[22.284s] Level 1:colcon.colcon_core.shell:create_environment_hook('lbr_demos_advanced_py', 'pythonpath_develop')
[22.284s] INFO:colcon.colcon_core.shell:Creating environment descriptor '/home/theo/drift/ros2_ws/src/lbr-stack/build/lbr_demos_advanced_py/share/lbr_demos_advanced_py/hook/pythonpath_develop.dsv'
[22.284s] INFO:colcon.colcon_core.shell:Creating environment hook '/home/theo/drift/ros2_ws/src/lbr-stack/build/lbr_demos_advanced_py/share/lbr_demos_advanced_py/hook/pythonpath_develop.sh'
[22.285s] Level 1:colcon.colcon_core.environment:checking '/home/theo/drift/ros2_ws/src/lbr-stack/install/lbr_demos_advanced_py' for CMake module files
[22.285s] DEBUG:colcon.colcon_core.event_handler.log_command:Invoked command in '/home/theo/drift/ros2_ws/src/lbr-stack/build/lbr_demos_advanced_py' returned '0': AMENT_PREFIX_PATH=/home/theo/drift/ros2_ws/src/lbr-stack/install/lbr_fri_ros2:/home/theo/drift/ros2_ws/src/lbr-stack/install/lbr_fri_idl:${AMENT_PREFIX_PATH} CMAKE_PREFIX_PATH=/home/theo/drift/ros2_ws/src/lbr-stack/install/lbr_fri_ros2:/home/theo/drift/ros2_ws/src/lbr-stack/install/lbr_fri_idl:/home/theo/drift/ros2_ws/src/lbr-stack/install/fri_client_sdk:${CMAKE_PREFIX_PATH} DEBUGINFOD_URLS=https://debuginfod.ubuntu.com LD_LIBRARY_PATH=/home/theo/drift/ros2_ws/src/lbr-stack/install/lbr_fri_ros2/lib:/home/theo/drift/ros2_ws/src/lbr-stack/install/lbr_fri_idl/lib:/home/theo/drift/ros2_ws/src/lbr-stack/install/fri_client_sdk/lib:${LD_LIBRARY_PATH} PKG_CONFIG_PATH=/home/theo/drift/ros2_ws/src/lbr-stack/install/fri_client_sdk/lib/aarch64-linux-gnu/pkgconfig:/home/theo/drift/ros2_ws/src/lbr-stack/install/fri_client_sdk/lib/pkgconfig PYTHONPATH=/home/theo/drift/ros2_ws/src/lbr-stack/build/lbr_demos_advanced_py/prefix_override:/usr/lib/python3/dist-packages/colcon_core/task/python/colcon_distutils_commands:/home/theo/drift/ros2_ws/src/lbr-stack/install/lbr_demos_advanced_py/lib/python3.12/site-packages:/home/theo/drift/ros2_ws/src/lbr-stack/install/lbr_fri_idl/lib/python3.12/site-packages:${PYTHONPATH} /usr/bin/python3 -W ignore:setup.py install is deprecated -W ignore:easy_install command is deprecated setup.py develop --editable --build-directory /home/theo/drift/ros2_ws/src/lbr-stack/build/lbr_demos_advanced_py/build --no-deps symlink_data
[22.287s] Level 1:colcon.colcon_core.environment:checking '/home/theo/drift/ros2_ws/src/lbr-stack/install/lbr_demos_advanced_py' for CMake config files
[22.287s] Level 1:colcon.colcon_core.environment:checking '/home/theo/drift/ros2_ws/src/lbr-stack/install/lbr_demos_advanced_py/lib'
[22.287s] Level 1:colcon.colcon_core.environment:checking '/home/theo/drift/ros2_ws/src/lbr-stack/install/lbr_demos_advanced_py/bin'
[22.287s] Level 1:colcon.colcon_core.environment:checking '/home/theo/drift/ros2_ws/src/lbr-stack/install/lbr_demos_advanced_py/lib/pkgconfig/lbr_demos_advanced_py.pc'
[22.287s] Level 1:colcon.colcon_core.environment:checking '/home/theo/drift/ros2_ws/src/lbr-stack/install/lbr_demos_advanced_py/lib/python3.12/site-packages'
[22.287s] Level 1:colcon.colcon_core.shell:create_environment_hook('lbr_demos_advanced_py', 'pythonpath')
[22.287s] INFO:colcon.colcon_core.shell:Creating environment descriptor '/home/theo/drift/ros2_ws/src/lbr-stack/install/lbr_demos_advanced_py/share/lbr_demos_advanced_py/hook/pythonpath.dsv'
[22.287s] INFO:colcon.colcon_core.shell:Creating environment hook '/home/theo/drift/ros2_ws/src/lbr-stack/install/lbr_demos_advanced_py/share/lbr_demos_advanced_py/hook/pythonpath.sh'
[22.288s] Level 1:colcon.colcon_core.environment:checking '/home/theo/drift/ros2_ws/src/lbr-stack/install/lbr_demos_advanced_py/bin'
[22.288s] Level 1:colcon.colcon_core.environment:create_environment_scripts_only(lbr_demos_advanced_py)
[22.288s] INFO:colcon.colcon_core.shell:Creating package descriptor '/home/theo/drift/ros2_ws/src/lbr-stack/install/lbr_demos_advanced_py/share/lbr_demos_advanced_py/package.dsv'
[22.288s] INFO:colcon.colcon_core.shell:Creating package script '/home/theo/drift/ros2_ws/src/lbr-stack/install/lbr_demos_advanced_py/share/lbr_demos_advanced_py/package.sh'
[22.288s] INFO:colcon.colcon_core.shell:Creating package script '/home/theo/drift/ros2_ws/src/lbr-stack/install/lbr_demos_advanced_py/share/lbr_demos_advanced_py/package.bash'
[22.288s] INFO:colcon.colcon_core.shell:Creating package script '/home/theo/drift/ros2_ws/src/lbr-stack/install/lbr_demos_advanced_py/share/lbr_demos_advanced_py/package.zsh'
[22.288s] Level 1:colcon.colcon_core.environment:create_file_with_runtime_dependencies(/home/theo/drift/ros2_ws/src/lbr-stack/install/lbr_demos_advanced_py/share/colcon-core/packages/lbr_demos_advanced_py)
[22.333s] DEBUG:colcon.colcon_core.event_handler.log_command:Invoked command in '/home/theo/drift/ros2_ws/src/lbr-stack/build/lbr_ros2_control' returned '0': AMENT_PREFIX_PATH=/home/theo/drift/ros2_ws/src/lbr-stack/install/lbr_fri_ros2:/home/theo/drift/ros2_ws/src/lbr-stack/install/lbr_fri_idl:${AMENT_PREFIX_PATH} CMAKE_PREFIX_PATH=/home/theo/drift/ros2_ws/src/lbr-stack/install/lbr_fri_ros2:/home/theo/drift/ros2_ws/src/lbr-stack/install/lbr_fri_idl:/home/theo/drift/ros2_ws/src/lbr-stack/install/fri_client_sdk:/opt/ros/jazzy/opt/gz_sim_vendor:/opt/ros/jazzy/opt/gz_sensors_vendor:/opt/ros/jazzy/opt/gz_physics_vendor:/opt/ros/jazzy/opt/gz_gui_vendor:/opt/ros/jazzy/opt/gz_transport_vendor:/opt/ros/jazzy/opt/gz_rendering_vendor:/opt/ros/jazzy/opt/gz_plugin_vendor:/opt/ros/jazzy/opt/gz_fuel_tools_vendor:/opt/ros/jazzy/opt/gz_msgs_vendor:/opt/ros/jazzy/opt/gz_common_vendor:/opt/ros/jazzy/opt/gz_ogre_next_vendor:/opt/ros/jazzy/opt/gz_dartsim_vendor:/opt/ros/jazzy/opt/sdformat_vendor:/opt/ros/jazzy/opt/gz_math_vendor:/opt/ros/jazzy/opt/gz_utils_vendor:/opt/ros/jazzy/opt/gz_tools_vendor:/opt/ros/jazzy/opt/gz_cmake_vendor:/home/theo/drift/ros2_ws/install/my_package:/opt/ros/jazzy DEBUGINFOD_URLS=https://debuginfod.ubuntu.com LD_LIBRARY_PATH=/home/theo/drift/ros2_ws/src/lbr-stack/install/lbr_fri_ros2/lib:/home/theo/drift/ros2_ws/src/lbr-stack/install/lbr_fri_idl/lib:/home/theo/drift/ros2_ws/src/lbr-stack/install/fri_client_sdk/lib:${LD_LIBRARY_PATH} PKG_CONFIG_PATH=/home/theo/drift/ros2_ws/src/lbr-stack/install/fri_client_sdk/lib/aarch64-linux-gnu/pkgconfig:/home/theo/drift/ros2_ws/src/lbr-stack/install/fri_client_sdk/lib/pkgconfig PYTHONPATH=/home/theo/drift/ros2_ws/src/lbr-stack/install/lbr_fri_idl/lib/python3.12/site-packages:${PYTHONPATH} /usr/bin/cmake /home/theo/drift/ros2_ws/src/lbr-stack/src/lbr_fri_ros2_stack/lbr_ros2_control -DAMENT_CMAKE_SYMLINK_INSTALL=1 -DCMAKE_INSTALL_PREFIX=/home/theo/drift/ros2_ws/src/lbr-stack/install/lbr_ros2_control
[22.333s] DEBUG:colcon.colcon_core.event_handler.log_command:Invoking command in '/home/theo/drift/ros2_ws/src/lbr-stack/build/lbr_ros2_control': AMENT_PREFIX_PATH=/home/theo/drift/ros2_ws/src/lbr-stack/install/lbr_fri_ros2:/home/theo/drift/ros2_ws/src/lbr-stack/install/lbr_fri_idl:${AMENT_PREFIX_PATH} CMAKE_PREFIX_PATH=/home/theo/drift/ros2_ws/src/lbr-stack/install/lbr_fri_ros2:/home/theo/drift/ros2_ws/src/lbr-stack/install/lbr_fri_idl:/home/theo/drift/ros2_ws/src/lbr-stack/install/fri_client_sdk:/opt/ros/jazzy/opt/gz_sim_vendor:/opt/ros/jazzy/opt/gz_sensors_vendor:/opt/ros/jazzy/opt/gz_physics_vendor:/opt/ros/jazzy/opt/gz_gui_vendor:/opt/ros/jazzy/opt/gz_transport_vendor:/opt/ros/jazzy/opt/gz_rendering_vendor:/opt/ros/jazzy/opt/gz_plugin_vendor:/opt/ros/jazzy/opt/gz_fuel_tools_vendor:/opt/ros/jazzy/opt/gz_msgs_vendor:/opt/ros/jazzy/opt/gz_common_vendor:/opt/ros/jazzy/opt/gz_ogre_next_vendor:/opt/ros/jazzy/opt/gz_dartsim_vendor:/opt/ros/jazzy/opt/sdformat_vendor:/opt/ros/jazzy/opt/gz_math_vendor:/opt/ros/jazzy/opt/gz_utils_vendor:/opt/ros/jazzy/opt/gz_tools_vendor:/opt/ros/jazzy/opt/gz_cmake_vendor:/home/theo/drift/ros2_ws/install/my_package:/opt/ros/jazzy DEBUGINFOD_URLS=https://debuginfod.ubuntu.com LD_LIBRARY_PATH=/home/theo/drift/ros2_ws/src/lbr-stack/install/lbr_fri_ros2/lib:/home/theo/drift/ros2_ws/src/lbr-stack/install/lbr_fri_idl/lib:/home/theo/drift/ros2_ws/src/lbr-stack/install/fri_client_sdk/lib:${LD_LIBRARY_PATH} PKG_CONFIG_PATH=/home/theo/drift/ros2_ws/src/lbr-stack/install/fri_client_sdk/lib/aarch64-linux-gnu/pkgconfig:/home/theo/drift/ros2_ws/src/lbr-stack/install/fri_client_sdk/lib/pkgconfig PYTHONPATH=/home/theo/drift/ros2_ws/src/lbr-stack/install/lbr_fri_idl/lib/python3.12/site-packages:${PYTHONPATH} /usr/bin/cmake --build /home/theo/drift/ros2_ws/src/lbr-stack/build/lbr_ros2_control -- -j4 -l4
[53.646s] DEBUG:colcon.colcon_core.event_handler.log_command:Invoked command in '/home/theo/drift/ros2_ws/src/lbr-stack/build/lbr_demos_advanced_cpp' returned '0': AMENT_PREFIX_PATH=/home/theo/drift/ros2_ws/src/lbr-stack/install/lbr_fri_ros2:/home/theo/drift/ros2_ws/src/lbr-stack/install/lbr_fri_idl:${AMENT_PREFIX_PATH} CMAKE_PREFIX_PATH=/home/theo/drift/ros2_ws/src/lbr-stack/install/lbr_fri_ros2:/home/theo/drift/ros2_ws/src/lbr-stack/install/lbr_fri_idl:/home/theo/drift/ros2_ws/src/lbr-stack/install/fri_client_sdk:/opt/ros/jazzy/opt/gz_sim_vendor:/opt/ros/jazzy/opt/gz_sensors_vendor:/opt/ros/jazzy/opt/gz_physics_vendor:/opt/ros/jazzy/opt/gz_gui_vendor:/opt/ros/jazzy/opt/gz_transport_vendor:/opt/ros/jazzy/opt/gz_rendering_vendor:/opt/ros/jazzy/opt/gz_plugin_vendor:/opt/ros/jazzy/opt/gz_fuel_tools_vendor:/opt/ros/jazzy/opt/gz_msgs_vendor:/opt/ros/jazzy/opt/gz_common_vendor:/opt/ros/jazzy/opt/gz_ogre_next_vendor:/opt/ros/jazzy/opt/gz_dartsim_vendor:/opt/ros/jazzy/opt/sdformat_vendor:/opt/ros/jazzy/opt/gz_math_vendor:/opt/ros/jazzy/opt/gz_utils_vendor:/opt/ros/jazzy/opt/gz_tools_vendor:/opt/ros/jazzy/opt/gz_cmake_vendor:/home/theo/drift/ros2_ws/install/my_package:/opt/ros/jazzy DEBUGINFOD_URLS=https://debuginfod.ubuntu.com LD_LIBRARY_PATH=/home/theo/drift/ros2_ws/src/lbr-stack/install/lbr_fri_ros2/lib:/home/theo/drift/ros2_ws/src/lbr-stack/install/lbr_fri_idl/lib:/home/theo/drift/ros2_ws/src/lbr-stack/install/fri_client_sdk/lib:${LD_LIBRARY_PATH} PKG_CONFIG_PATH=/home/theo/drift/ros2_ws/src/lbr-stack/install/fri_client_sdk/lib/aarch64-linux-gnu/pkgconfig:/home/theo/drift/ros2_ws/src/lbr-stack/install/fri_client_sdk/lib/pkgconfig PYTHONPATH=/home/theo/drift/ros2_ws/src/lbr-stack/install/lbr_fri_idl/lib/python3.12/site-packages:${PYTHONPATH} /usr/bin/cmake --build /home/theo/drift/ros2_ws/src/lbr-stack/build/lbr_demos_advanced_cpp -- -j4 -l4
[53.672s] DEBUG:colcon.colcon_core.event_handler.log_command:Invoking command in '/home/theo/drift/ros2_ws/src/lbr-stack/build/lbr_demos_advanced_cpp': AMENT_PREFIX_PATH=/home/theo/drift/ros2_ws/src/lbr-stack/install/lbr_fri_ros2:/home/theo/drift/ros2_ws/src/lbr-stack/install/lbr_fri_idl:${AMENT_PREFIX_PATH} CMAKE_PREFIX_PATH=/home/theo/drift/ros2_ws/src/lbr-stack/install/lbr_fri_ros2:/home/theo/drift/ros2_ws/src/lbr-stack/install/lbr_fri_idl:/home/theo/drift/ros2_ws/src/lbr-stack/install/fri_client_sdk:/opt/ros/jazzy/opt/gz_sim_vendor:/opt/ros/jazzy/opt/gz_sensors_vendor:/opt/ros/jazzy/opt/gz_physics_vendor:/opt/ros/jazzy/opt/gz_gui_vendor:/opt/ros/jazzy/opt/gz_transport_vendor:/opt/ros/jazzy/opt/gz_rendering_vendor:/opt/ros/jazzy/opt/gz_plugin_vendor:/opt/ros/jazzy/opt/gz_fuel_tools_vendor:/opt/ros/jazzy/opt/gz_msgs_vendor:/opt/ros/jazzy/opt/gz_common_vendor:/opt/ros/jazzy/opt/gz_ogre_next_vendor:/opt/ros/jazzy/opt/gz_dartsim_vendor:/opt/ros/jazzy/opt/sdformat_vendor:/opt/ros/jazzy/opt/gz_math_vendor:/opt/ros/jazzy/opt/gz_utils_vendor:/opt/ros/jazzy/opt/gz_tools_vendor:/opt/ros/jazzy/opt/gz_cmake_vendor:/home/theo/drift/ros2_ws/install/my_package:/opt/ros/jazzy DEBUGINFOD_URLS=https://debuginfod.ubuntu.com LD_LIBRARY_PATH=/home/theo/drift/ros2_ws/src/lbr-stack/install/lbr_fri_ros2/lib:/home/theo/drift/ros2_ws/src/lbr-stack/install/lbr_fri_idl/lib:/home/theo/drift/ros2_ws/src/lbr-stack/install/fri_client_sdk/lib:${LD_LIBRARY_PATH} PKG_CONFIG_PATH=/home/theo/drift/ros2_ws/src/lbr-stack/install/fri_client_sdk/lib/aarch64-linux-gnu/pkgconfig:/home/theo/drift/ros2_ws/src/lbr-stack/install/fri_client_sdk/lib/pkgconfig PYTHONPATH=/home/theo/drift/ros2_ws/src/lbr-stack/install/lbr_fri_idl/lib/python3.12/site-packages:${PYTHONPATH} /usr/bin/cmake --install /home/theo/drift/ros2_ws/src/lbr-stack/build/lbr_demos_advanced_cpp
[53.761s] Level 1:colcon.colcon_core.environment:create_environment_scripts_only(lbr_demos_advanced_cpp)
[53.768s] Level 1:colcon.colcon_core.environment:checking '/home/theo/drift/ros2_ws/src/lbr-stack/install/lbr_demos_advanced_cpp' for CMake module files
[53.768s] DEBUG:colcon.colcon_core.event_handler.log_command:Invoked command in '/home/theo/drift/ros2_ws/src/lbr-stack/build/lbr_demos_advanced_cpp' returned '0': AMENT_PREFIX_PATH=/home/theo/drift/ros2_ws/src/lbr-stack/install/lbr_fri_ros2:/home/theo/drift/ros2_ws/src/lbr-stack/install/lbr_fri_idl:${AMENT_PREFIX_PATH} CMAKE_PREFIX_PATH=/home/theo/drift/ros2_ws/src/lbr-stack/install/lbr_fri_ros2:/home/theo/drift/ros2_ws/src/lbr-stack/install/lbr_fri_idl:/home/theo/drift/ros2_ws/src/lbr-stack/install/fri_client_sdk:/opt/ros/jazzy/opt/gz_sim_vendor:/opt/ros/jazzy/opt/gz_sensors_vendor:/opt/ros/jazzy/opt/gz_physics_vendor:/opt/ros/jazzy/opt/gz_gui_vendor:/opt/ros/jazzy/opt/gz_transport_vendor:/opt/ros/jazzy/opt/gz_rendering_vendor:/opt/ros/jazzy/opt/gz_plugin_vendor:/opt/ros/jazzy/opt/gz_fuel_tools_vendor:/opt/ros/jazzy/opt/gz_msgs_vendor:/opt/ros/jazzy/opt/gz_common_vendor:/opt/ros/jazzy/opt/gz_ogre_next_vendor:/opt/ros/jazzy/opt/gz_dartsim_vendor:/opt/ros/jazzy/opt/sdformat_vendor:/opt/ros/jazzy/opt/gz_math_vendor:/opt/ros/jazzy/opt/gz_utils_vendor:/opt/ros/jazzy/opt/gz_tools_vendor:/opt/ros/jazzy/opt/gz_cmake_vendor:/home/theo/drift/ros2_ws/install/my_package:/opt/ros/jazzy DEBUGINFOD_URLS=https://debuginfod.ubuntu.com LD_LIBRARY_PATH=/home/theo/drift/ros2_ws/src/lbr-stack/install/lbr_fri_ros2/lib:/home/theo/drift/ros2_ws/src/lbr-stack/install/lbr_fri_idl/lib:/home/theo/drift/ros2_ws/src/lbr-stack/install/fri_client_sdk/lib:${LD_LIBRARY_PATH} PKG_CONFIG_PATH=/home/theo/drift/ros2_ws/src/lbr-stack/install/fri_client_sdk/lib/aarch64-linux-gnu/pkgconfig:/home/theo/drift/ros2_ws/src/lbr-stack/install/fri_client_sdk/lib/pkgconfig PYTHONPATH=/home/theo/drift/ros2_ws/src/lbr-stack/install/lbr_fri_idl/lib/python3.12/site-packages:${PYTHONPATH} /usr/bin/cmake --install /home/theo/drift/ros2_ws/src/lbr-stack/build/lbr_demos_advanced_cpp
[53.770s] Level 1:colcon.colcon_core.environment:checking '/home/theo/drift/ros2_ws/src/lbr-stack/install/lbr_demos_advanced_cpp' for CMake config files
[53.772s] Level 1:colcon.colcon_core.shell:create_environment_hook('lbr_demos_advanced_cpp', 'cmake_prefix_path')
[53.774s] INFO:colcon.colcon_core.shell:Creating environment descriptor '/home/theo/drift/ros2_ws/src/lbr-stack/install/lbr_demos_advanced_cpp/share/lbr_demos_advanced_cpp/hook/cmake_prefix_path.dsv'
[53.782s] INFO:colcon.colcon_core.shell:Creating environment hook '/home/theo/drift/ros2_ws/src/lbr-stack/install/lbr_demos_advanced_cpp/share/lbr_demos_advanced_cpp/hook/cmake_prefix_path.sh'
[53.785s] Level 1:colcon.colcon_core.environment:checking '/home/theo/drift/ros2_ws/src/lbr-stack/install/lbr_demos_advanced_cpp/lib'
[53.785s] Level 1:colcon.colcon_core.shell:create_environment_hook('lbr_demos_advanced_cpp', 'ld_library_path_lib')
[53.786s] INFO:colcon.colcon_core.shell:Creating environment descriptor '/home/theo/drift/ros2_ws/src/lbr-stack/install/lbr_demos_advanced_cpp/share/lbr_demos_advanced_cpp/hook/ld_library_path_lib.dsv'
[53.786s] INFO:colcon.colcon_core.shell:Creating environment hook '/home/theo/drift/ros2_ws/src/lbr-stack/install/lbr_demos_advanced_cpp/share/lbr_demos_advanced_cpp/hook/ld_library_path_lib.sh'
[53.786s] Level 1:colcon.colcon_core.environment:checking '/home/theo/drift/ros2_ws/src/lbr-stack/install/lbr_demos_advanced_cpp/bin'
[53.787s] Level 1:colcon.colcon_core.environment:checking '/home/theo/drift/ros2_ws/src/lbr-stack/install/lbr_demos_advanced_cpp/lib/pkgconfig/lbr_demos_advanced_cpp.pc'
[53.788s] Level 1:colcon.colcon_core.environment:checking '/home/theo/drift/ros2_ws/src/lbr-stack/install/lbr_demos_advanced_cpp/lib/python3.12/site-packages'
[53.788s] Level 1:colcon.colcon_core.environment:checking '/home/theo/drift/ros2_ws/src/lbr-stack/install/lbr_demos_advanced_cpp/bin'
[53.789s] INFO:colcon.colcon_core.shell:Creating package descriptor '/home/theo/drift/ros2_ws/src/lbr-stack/install/lbr_demos_advanced_cpp/share/lbr_demos_advanced_cpp/package.dsv'
[53.791s] INFO:colcon.colcon_core.shell:Creating package script '/home/theo/drift/ros2_ws/src/lbr-stack/install/lbr_demos_advanced_cpp/share/lbr_demos_advanced_cpp/package.sh'
[53.791s] INFO:colcon.colcon_core.shell:Creating package script '/home/theo/drift/ros2_ws/src/lbr-stack/install/lbr_demos_advanced_cpp/share/lbr_demos_advanced_cpp/package.bash'
[53.793s] INFO:colcon.colcon_core.shell:Creating package script '/home/theo/drift/ros2_ws/src/lbr-stack/install/lbr_demos_advanced_cpp/share/lbr_demos_advanced_cpp/package.zsh'
[53.795s] Level 1:colcon.colcon_core.environment:create_file_with_runtime_dependencies(/home/theo/drift/ros2_ws/src/lbr-stack/install/lbr_demos_advanced_cpp/share/colcon-core/packages/lbr_demos_advanced_cpp)
[53.796s] Level 1:colcon.colcon_core.environment:create_environment_scripts_only(lbr_demos_advanced_cpp)
[53.796s] Level 1:colcon.colcon_core.environment:checking '/home/theo/drift/ros2_ws/src/lbr-stack/install/lbr_demos_advanced_cpp' for CMake module files
[53.796s] Level 1:colcon.colcon_core.environment:checking '/home/theo/drift/ros2_ws/src/lbr-stack/install/lbr_demos_advanced_cpp' for CMake config files
[53.796s] Level 1:colcon.colcon_core.shell:create_environment_hook('lbr_demos_advanced_cpp', 'cmake_prefix_path')
[53.796s] INFO:colcon.colcon_core.shell:Creating environment descriptor '/home/theo/drift/ros2_ws/src/lbr-stack/install/lbr_demos_advanced_cpp/share/lbr_demos_advanced_cpp/hook/cmake_prefix_path.dsv'
[53.796s] INFO:colcon.colcon_core.shell:Creating environment hook '/home/theo/drift/ros2_ws/src/lbr-stack/install/lbr_demos_advanced_cpp/share/lbr_demos_advanced_cpp/hook/cmake_prefix_path.sh'
[53.796s] Level 1:colcon.colcon_core.environment:checking '/home/theo/drift/ros2_ws/src/lbr-stack/install/lbr_demos_advanced_cpp/lib'
[53.796s] Level 1:colcon.colcon_core.shell:create_environment_hook('lbr_demos_advanced_cpp', 'ld_library_path_lib')
[53.796s] INFO:colcon.colcon_core.shell:Creating environment descriptor '/home/theo/drift/ros2_ws/src/lbr-stack/install/lbr_demos_advanced_cpp/share/lbr_demos_advanced_cpp/hook/ld_library_path_lib.dsv'
[53.797s] INFO:colcon.colcon_core.shell:Creating environment hook '/home/theo/drift/ros2_ws/src/lbr-stack/install/lbr_demos_advanced_cpp/share/lbr_demos_advanced_cpp/hook/ld_library_path_lib.sh'
[53.798s] Level 1:colcon.colcon_core.environment:checking '/home/theo/drift/ros2_ws/src/lbr-stack/install/lbr_demos_advanced_cpp/bin'
[53.798s] Level 1:colcon.colcon_core.environment:checking '/home/theo/drift/ros2_ws/src/lbr-stack/install/lbr_demos_advanced_cpp/lib/pkgconfig/lbr_demos_advanced_cpp.pc'
[53.798s] Level 1:colcon.colcon_core.environment:checking '/home/theo/drift/ros2_ws/src/lbr-stack/install/lbr_demos_advanced_cpp/lib/python3.12/site-packages'
[53.798s] Level 1:colcon.colcon_core.environment:checking '/home/theo/drift/ros2_ws/src/lbr-stack/install/lbr_demos_advanced_cpp/bin'
[53.798s] INFO:colcon.colcon_core.shell:Creating package descriptor '/home/theo/drift/ros2_ws/src/lbr-stack/install/lbr_demos_advanced_cpp/share/lbr_demos_advanced_cpp/package.dsv'
[53.798s] INFO:colcon.colcon_core.shell:Creating package script '/home/theo/drift/ros2_ws/src/lbr-stack/install/lbr_demos_advanced_cpp/share/lbr_demos_advanced_cpp/package.sh'
[53.799s] INFO:colcon.colcon_core.shell:Creating package script '/home/theo/drift/ros2_ws/src/lbr-stack/install/lbr_demos_advanced_cpp/share/lbr_demos_advanced_cpp/package.bash'
[53.799s] INFO:colcon.colcon_core.shell:Creating package script '/home/theo/drift/ros2_ws/src/lbr-stack/install/lbr_demos_advanced_cpp/share/lbr_demos_advanced_cpp/package.zsh'
[53.800s] Level 1:colcon.colcon_core.environment:create_file_with_runtime_dependencies(/home/theo/drift/ros2_ws/src/lbr-stack/install/lbr_demos_advanced_cpp/share/colcon-core/packages/lbr_demos_advanced_cpp)
[66.896s] DEBUG:colcon.colcon_core.event_handler.log_command:Invoked command in '/home/theo/drift/ros2_ws/src/lbr-stack/build/lbr_ros2_control' returned '0': AMENT_PREFIX_PATH=/home/theo/drift/ros2_ws/src/lbr-stack/install/lbr_fri_ros2:/home/theo/drift/ros2_ws/src/lbr-stack/install/lbr_fri_idl:${AMENT_PREFIX_PATH} CMAKE_PREFIX_PATH=/home/theo/drift/ros2_ws/src/lbr-stack/install/lbr_fri_ros2:/home/theo/drift/ros2_ws/src/lbr-stack/install/lbr_fri_idl:/home/theo/drift/ros2_ws/src/lbr-stack/install/fri_client_sdk:/opt/ros/jazzy/opt/gz_sim_vendor:/opt/ros/jazzy/opt/gz_sensors_vendor:/opt/ros/jazzy/opt/gz_physics_vendor:/opt/ros/jazzy/opt/gz_gui_vendor:/opt/ros/jazzy/opt/gz_transport_vendor:/opt/ros/jazzy/opt/gz_rendering_vendor:/opt/ros/jazzy/opt/gz_plugin_vendor:/opt/ros/jazzy/opt/gz_fuel_tools_vendor:/opt/ros/jazzy/opt/gz_msgs_vendor:/opt/ros/jazzy/opt/gz_common_vendor:/opt/ros/jazzy/opt/gz_ogre_next_vendor:/opt/ros/jazzy/opt/gz_dartsim_vendor:/opt/ros/jazzy/opt/sdformat_vendor:/opt/ros/jazzy/opt/gz_math_vendor:/opt/ros/jazzy/opt/gz_utils_vendor:/opt/ros/jazzy/opt/gz_tools_vendor:/opt/ros/jazzy/opt/gz_cmake_vendor:/home/theo/drift/ros2_ws/install/my_package:/opt/ros/jazzy DEBUGINFOD_URLS=https://debuginfod.ubuntu.com LD_LIBRARY_PATH=/home/theo/drift/ros2_ws/src/lbr-stack/install/lbr_fri_ros2/lib:/home/theo/drift/ros2_ws/src/lbr-stack/install/lbr_fri_idl/lib:/home/theo/drift/ros2_ws/src/lbr-stack/install/fri_client_sdk/lib:${LD_LIBRARY_PATH} PKG_CONFIG_PATH=/home/theo/drift/ros2_ws/src/lbr-stack/install/fri_client_sdk/lib/aarch64-linux-gnu/pkgconfig:/home/theo/drift/ros2_ws/src/lbr-stack/install/fri_client_sdk/lib/pkgconfig PYTHONPATH=/home/theo/drift/ros2_ws/src/lbr-stack/install/lbr_fri_idl/lib/python3.12/site-packages:${PYTHONPATH} /usr/bin/cmake --build /home/theo/drift/ros2_ws/src/lbr-stack/build/lbr_ros2_control -- -j4 -l4
[66.898s] DEBUG:colcon.colcon_core.event_handler.log_command:Invoking command in '/home/theo/drift/ros2_ws/src/lbr-stack/build/lbr_ros2_control': AMENT_PREFIX_PATH=/home/theo/drift/ros2_ws/src/lbr-stack/install/lbr_fri_ros2:/home/theo/drift/ros2_ws/src/lbr-stack/install/lbr_fri_idl:${AMENT_PREFIX_PATH} CMAKE_PREFIX_PATH=/home/theo/drift/ros2_ws/src/lbr-stack/install/lbr_fri_ros2:/home/theo/drift/ros2_ws/src/lbr-stack/install/lbr_fri_idl:/home/theo/drift/ros2_ws/src/lbr-stack/install/fri_client_sdk:/opt/ros/jazzy/opt/gz_sim_vendor:/opt/ros/jazzy/opt/gz_sensors_vendor:/opt/ros/jazzy/opt/gz_physics_vendor:/opt/ros/jazzy/opt/gz_gui_vendor:/opt/ros/jazzy/opt/gz_transport_vendor:/opt/ros/jazzy/opt/gz_rendering_vendor:/opt/ros/jazzy/opt/gz_plugin_vendor:/opt/ros/jazzy/opt/gz_fuel_tools_vendor:/opt/ros/jazzy/opt/gz_msgs_vendor:/opt/ros/jazzy/opt/gz_common_vendor:/opt/ros/jazzy/opt/gz_ogre_next_vendor:/opt/ros/jazzy/opt/gz_dartsim_vendor:/opt/ros/jazzy/opt/sdformat_vendor:/opt/ros/jazzy/opt/gz_math_vendor:/opt/ros/jazzy/opt/gz_utils_vendor:/opt/ros/jazzy/opt/gz_tools_vendor:/opt/ros/jazzy/opt/gz_cmake_vendor:/home/theo/drift/ros2_ws/install/my_package:/opt/ros/jazzy DEBUGINFOD_URLS=https://debuginfod.ubuntu.com LD_LIBRARY_PATH=/home/theo/drift/ros2_ws/src/lbr-stack/install/lbr_fri_ros2/lib:/home/theo/drift/ros2_ws/src/lbr-stack/install/lbr_fri_idl/lib:/home/theo/drift/ros2_ws/src/lbr-stack/install/fri_client_sdk/lib:${LD_LIBRARY_PATH} PKG_CONFIG_PATH=/home/theo/drift/ros2_ws/src/lbr-stack/install/fri_client_sdk/lib/aarch64-linux-gnu/pkgconfig:/home/theo/drift/ros2_ws/src/lbr-stack/install/fri_client_sdk/lib/pkgconfig PYTHONPATH=/home/theo/drift/ros2_ws/src/lbr-stack/install/lbr_fri_idl/lib/python3.12/site-packages:${PYTHONPATH} /usr/bin/cmake --install /home/theo/drift/ros2_ws/src/lbr-stack/build/lbr_ros2_control
[67.059s] Level 1:colcon.colcon_core.environment:create_environment_scripts_only(lbr_ros2_control)
[67.060s] Level 1:colcon.colcon_core.environment:checking '/home/theo/drift/ros2_ws/src/lbr-stack/install/lbr_ros2_control' for CMake module files
[67.060s] DEBUG:colcon.colcon_core.event_handler.log_command:Invoked command in '/home/theo/drift/ros2_ws/src/lbr-stack/build/lbr_ros2_control' returned '0': AMENT_PREFIX_PATH=/home/theo/drift/ros2_ws/src/lbr-stack/install/lbr_fri_ros2:/home/theo/drift/ros2_ws/src/lbr-stack/install/lbr_fri_idl:${AMENT_PREFIX_PATH} CMAKE_PREFIX_PATH=/home/theo/drift/ros2_ws/src/lbr-stack/install/lbr_fri_ros2:/home/theo/drift/ros2_ws/src/lbr-stack/install/lbr_fri_idl:/home/theo/drift/ros2_ws/src/lbr-stack/install/fri_client_sdk:/opt/ros/jazzy/opt/gz_sim_vendor:/opt/ros/jazzy/opt/gz_sensors_vendor:/opt/ros/jazzy/opt/gz_physics_vendor:/opt/ros/jazzy/opt/gz_gui_vendor:/opt/ros/jazzy/opt/gz_transport_vendor:/opt/ros/jazzy/opt/gz_rendering_vendor:/opt/ros/jazzy/opt/gz_plugin_vendor:/opt/ros/jazzy/opt/gz_fuel_tools_vendor:/opt/ros/jazzy/opt/gz_msgs_vendor:/opt/ros/jazzy/opt/gz_common_vendor:/opt/ros/jazzy/opt/gz_ogre_next_vendor:/opt/ros/jazzy/opt/gz_dartsim_vendor:/opt/ros/jazzy/opt/sdformat_vendor:/opt/ros/jazzy/opt/gz_math_vendor:/opt/ros/jazzy/opt/gz_utils_vendor:/opt/ros/jazzy/opt/gz_tools_vendor:/opt/ros/jazzy/opt/gz_cmake_vendor:/home/theo/drift/ros2_ws/install/my_package:/opt/ros/jazzy DEBUGINFOD_URLS=https://debuginfod.ubuntu.com LD_LIBRARY_PATH=/home/theo/drift/ros2_ws/src/lbr-stack/install/lbr_fri_ros2/lib:/home/theo/drift/ros2_ws/src/lbr-stack/install/lbr_fri_idl/lib:/home/theo/drift/ros2_ws/src/lbr-stack/install/fri_client_sdk/lib:${LD_LIBRARY_PATH} PKG_CONFIG_PATH=/home/theo/drift/ros2_ws/src/lbr-stack/install/fri_client_sdk/lib/aarch64-linux-gnu/pkgconfig:/home/theo/drift/ros2_ws/src/lbr-stack/install/fri_client_sdk/lib/pkgconfig PYTHONPATH=/home/theo/drift/ros2_ws/src/lbr-stack/install/lbr_fri_idl/lib/python3.12/site-packages:${PYTHONPATH} /usr/bin/cmake --install /home/theo/drift/ros2_ws/src/lbr-stack/build/lbr_ros2_control
[67.060s] Level 1:colcon.colcon_core.environment:checking '/home/theo/drift/ros2_ws/src/lbr-stack/install/lbr_ros2_control' for CMake config files
[67.061s] Level 1:colcon.colcon_core.shell:create_environment_hook('lbr_ros2_control', 'cmake_prefix_path')
[67.061s] INFO:colcon.colcon_core.shell:Creating environment descriptor '/home/theo/drift/ros2_ws/src/lbr-stack/install/lbr_ros2_control/share/lbr_ros2_control/hook/cmake_prefix_path.dsv'
[67.061s] INFO:colcon.colcon_core.shell:Creating environment hook '/home/theo/drift/ros2_ws/src/lbr-stack/install/lbr_ros2_control/share/lbr_ros2_control/hook/cmake_prefix_path.sh'
[67.061s] Level 1:colcon.colcon_core.environment:checking '/home/theo/drift/ros2_ws/src/lbr-stack/install/lbr_ros2_control/lib'
[67.061s] Level 1:colcon.colcon_core.environment:checking '/home/theo/drift/ros2_ws/src/lbr-stack/install/lbr_ros2_control/bin'
[67.061s] Level 1:colcon.colcon_core.environment:checking '/home/theo/drift/ros2_ws/src/lbr-stack/install/lbr_ros2_control/lib/pkgconfig/lbr_ros2_control.pc'
[67.061s] Level 1:colcon.colcon_core.environment:checking '/home/theo/drift/ros2_ws/src/lbr-stack/install/lbr_ros2_control/lib/python3.12/site-packages'
[67.062s] Level 1:colcon.colcon_core.environment:checking '/home/theo/drift/ros2_ws/src/lbr-stack/install/lbr_ros2_control/bin'
[67.062s] INFO:colcon.colcon_core.shell:Creating package descriptor '/home/theo/drift/ros2_ws/src/lbr-stack/install/lbr_ros2_control/share/lbr_ros2_control/package.dsv'
[67.062s] INFO:colcon.colcon_core.shell:Creating package script '/home/theo/drift/ros2_ws/src/lbr-stack/install/lbr_ros2_control/share/lbr_ros2_control/package.sh'
[67.062s] INFO:colcon.colcon_core.shell:Creating package script '/home/theo/drift/ros2_ws/src/lbr-stack/install/lbr_ros2_control/share/lbr_ros2_control/package.bash'
[67.062s] INFO:colcon.colcon_core.shell:Creating package script '/home/theo/drift/ros2_ws/src/lbr-stack/install/lbr_ros2_control/share/lbr_ros2_control/package.zsh'
[67.062s] Level 1:colcon.colcon_core.environment:create_file_with_runtime_dependencies(/home/theo/drift/ros2_ws/src/lbr-stack/install/lbr_ros2_control/share/colcon-core/packages/lbr_ros2_control)
[67.063s] Level 1:colcon.colcon_core.environment:create_environment_scripts_only(lbr_ros2_control)
[67.063s] Level 1:colcon.colcon_core.environment:checking '/home/theo/drift/ros2_ws/src/lbr-stack/install/lbr_ros2_control' for CMake module files
[67.063s] Level 1:colcon.colcon_core.environment:checking '/home/theo/drift/ros2_ws/src/lbr-stack/install/lbr_ros2_control' for CMake config files
[67.063s] Level 1:colcon.colcon_core.shell:create_environment_hook('lbr_ros2_control', 'cmake_prefix_path')
[67.063s] INFO:colcon.colcon_core.shell:Creating environment descriptor '/home/theo/drift/ros2_ws/src/lbr-stack/install/lbr_ros2_control/share/lbr_ros2_control/hook/cmake_prefix_path.dsv'
[67.064s] INFO:colcon.colcon_core.shell:Creating environment hook '/home/theo/drift/ros2_ws/src/lbr-stack/install/lbr_ros2_control/share/lbr_ros2_control/hook/cmake_prefix_path.sh'
[67.064s] Level 1:colcon.colcon_core.environment:checking '/home/theo/drift/ros2_ws/src/lbr-stack/install/lbr_ros2_control/lib'
[67.064s] Level 1:colcon.colcon_core.environment:checking '/home/theo/drift/ros2_ws/src/lbr-stack/install/lbr_ros2_control/bin'
[67.064s] Level 1:colcon.colcon_core.environment:checking '/home/theo/drift/ros2_ws/src/lbr-stack/install/lbr_ros2_control/lib/pkgconfig/lbr_ros2_control.pc'
[67.064s] Level 1:colcon.colcon_core.environment:checking '/home/theo/drift/ros2_ws/src/lbr-stack/install/lbr_ros2_control/lib/python3.12/site-packages'
[67.064s] Level 1:colcon.colcon_core.environment:checking '/home/theo/drift/ros2_ws/src/lbr-stack/install/lbr_ros2_control/bin'
[67.064s] INFO:colcon.colcon_core.shell:Creating package descriptor '/home/theo/drift/ros2_ws/src/lbr-stack/install/lbr_ros2_control/share/lbr_ros2_control/package.dsv'
[67.064s] INFO:colcon.colcon_core.shell:Creating package script '/home/theo/drift/ros2_ws/src/lbr-stack/install/lbr_ros2_control/share/lbr_ros2_control/package.sh'
[67.065s] INFO:colcon.colcon_core.shell:Creating package script '/home/theo/drift/ros2_ws/src/lbr-stack/install/lbr_ros2_control/share/lbr_ros2_control/package.bash'
[67.065s] INFO:colcon.colcon_core.shell:Creating package script '/home/theo/drift/ros2_ws/src/lbr-stack/install/lbr_ros2_control/share/lbr_ros2_control/package.zsh'
[67.065s] Level 1:colcon.colcon_core.environment:create_file_with_runtime_dependencies(/home/theo/drift/ros2_ws/src/lbr-stack/install/lbr_ros2_control/share/colcon-core/packages/lbr_ros2_control)
[67.068s] INFO:colcon.colcon_ros.task.ament_cmake.build:Building ROS package in '/home/theo/drift/ros2_ws/src/lbr-stack/src/lbr_fri_ros2_stack/lbr_bringup' with build type 'ament_cmake'
[67.068s] INFO:colcon.colcon_cmake.task.cmake.build:Building CMake package in '/home/theo/drift/ros2_ws/src/lbr-stack/src/lbr_fri_ros2_stack/lbr_bringup'
[67.068s] DEBUG:colcon.colcon_core.shell:Skip shell extension 'dsv' for command environment
[67.077s] INFO:colcon.colcon_ros.task.ament_cmake.build:Building ROS package in '/home/theo/drift/ros2_ws/src/lbr-stack/src/lbr_fri_ros2_stack/lbr_demos/lbr_dual_arm/lbr_dual_arm' with build type 'ament_cmake'
[67.077s] INFO:colcon.colcon_cmake.task.cmake.build:Building CMake package in '/home/theo/drift/ros2_ws/src/lbr-stack/src/lbr_fri_ros2_stack/lbr_demos/lbr_dual_arm/lbr_dual_arm'
[67.077s] DEBUG:colcon.colcon_core.shell:Skip shell extension 'dsv' for command environment
[67.096s] DEBUG:colcon.colcon_core.event_handler.log_command:Invoking command in '/home/theo/drift/ros2_ws/src/lbr-stack/build/lbr_bringup': AMENT_PREFIX_PATH=/home/theo/drift/ros2_ws/src/lbr-stack/install/lbr_ros2_control:/home/theo/drift/ros2_ws/src/lbr-stack/install/lbr_fri_ros2:/home/theo/drift/ros2_ws/src/lbr-stack/install/lbr_fri_idl:/home/theo/drift/ros2_ws/src/lbr-stack/install/lbr_med7_r800_description:/home/theo/drift/ros2_ws/src/lbr-stack/install/lbr_med14_r820_description:/home/theo/drift/ros2_ws/src/lbr-stack/install/lbr_iiwa7_r800_description:/home/theo/drift/ros2_ws/src/lbr-stack/install/lbr_iiwa14_r820_description:${AMENT_PREFIX_PATH} CMAKE_PREFIX_PATH=/home/theo/drift/ros2_ws/src/lbr-stack/install/lbr_ros2_control:/home/theo/drift/ros2_ws/src/lbr-stack/install/lbr_fri_ros2:/home/theo/drift/ros2_ws/src/lbr-stack/install/lbr_fri_idl:/home/theo/drift/ros2_ws/src/lbr-stack/install/lbr_med7_r800_description:/home/theo/drift/ros2_ws/src/lbr-stack/install/lbr_med14_r820_description:/home/theo/drift/ros2_ws/src/lbr-stack/install/lbr_iiwa7_r800_description:/home/theo/drift/ros2_ws/src/lbr-stack/install/lbr_iiwa14_r820_description:/home/theo/drift/ros2_ws/src/lbr-stack/install/fri_client_sdk:/opt/ros/jazzy/opt/gz_sim_vendor:/opt/ros/jazzy/opt/gz_sensors_vendor:/opt/ros/jazzy/opt/gz_physics_vendor:/opt/ros/jazzy/opt/gz_gui_vendor:/opt/ros/jazzy/opt/gz_transport_vendor:/opt/ros/jazzy/opt/gz_rendering_vendor:/opt/ros/jazzy/opt/gz_plugin_vendor:/opt/ros/jazzy/opt/gz_fuel_tools_vendor:/opt/ros/jazzy/opt/gz_msgs_vendor:/opt/ros/jazzy/opt/gz_common_vendor:/opt/ros/jazzy/opt/gz_ogre_next_vendor:/opt/ros/jazzy/opt/gz_dartsim_vendor:/opt/ros/jazzy/opt/sdformat_vendor:/opt/ros/jazzy/opt/gz_math_vendor:/opt/ros/jazzy/opt/gz_utils_vendor:/opt/ros/jazzy/opt/gz_tools_vendor:/opt/ros/jazzy/opt/gz_cmake_vendor:/home/theo/drift/ros2_ws/install/my_package:/opt/ros/jazzy DEBUGINFOD_URLS=https://debuginfod.ubuntu.com LD_LIBRARY_PATH=/home/theo/drift/ros2_ws/src/lbr-stack/install/lbr_ros2_control/lib:/home/theo/drift/ros2_ws/src/lbr-stack/install/lbr_fri_ros2/lib:/home/theo/drift/ros2_ws/src/lbr-stack/install/lbr_fri_idl/lib:/home/theo/drift/ros2_ws/src/lbr-stack/install/fri_client_sdk/lib:${LD_LIBRARY_PATH} PKG_CONFIG_PATH=/home/theo/drift/ros2_ws/src/lbr-stack/install/fri_client_sdk/lib/aarch64-linux-gnu/pkgconfig:/home/theo/drift/ros2_ws/src/lbr-stack/install/fri_client_sdk/lib/pkgconfig PYTHONPATH=/home/theo/drift/ros2_ws/src/lbr-stack/install/lbr_fri_idl/lib/python3.12/site-packages:${PYTHONPATH} /usr/bin/cmake /home/theo/drift/ros2_ws/src/lbr-stack/src/lbr_fri_ros2_stack/lbr_bringup -DAMENT_CMAKE_SYMLINK_INSTALL=1 -DCMAKE_INSTALL_PREFIX=/home/theo/drift/ros2_ws/src/lbr-stack/install/lbr_bringup
[67.097s] DEBUG:colcon.colcon_core.event_handler.log_command:Invoking command in '/home/theo/drift/ros2_ws/src/lbr-stack/build/lbr_dual_arm': AMENT_PREFIX_PATH=/home/theo/drift/ros2_ws/src/lbr-stack/install/lbr_ros2_control:/home/theo/drift/ros2_ws/src/lbr-stack/install/lbr_fri_ros2:/home/theo/drift/ros2_ws/src/lbr-stack/install/lbr_fri_idl:/home/theo/drift/ros2_ws/src/lbr-stack/install/lbr_dual_arm_moveit_config:/home/theo/drift/ros2_ws/src/lbr-stack/install/lbr_iiwa7_r800_description:${AMENT_PREFIX_PATH} CMAKE_PREFIX_PATH=/home/theo/drift/ros2_ws/src/lbr-stack/install/lbr_ros2_control:/home/theo/drift/ros2_ws/src/lbr-stack/install/lbr_fri_ros2:/home/theo/drift/ros2_ws/src/lbr-stack/install/lbr_fri_idl:/home/theo/drift/ros2_ws/src/lbr-stack/install/lbr_dual_arm_moveit_config:/home/theo/drift/ros2_ws/src/lbr-stack/install/lbr_iiwa7_r800_description:/home/theo/drift/ros2_ws/src/lbr-stack/install/fri_client_sdk:/opt/ros/jazzy/opt/gz_sim_vendor:/opt/ros/jazzy/opt/gz_sensors_vendor:/opt/ros/jazzy/opt/gz_physics_vendor:/opt/ros/jazzy/opt/gz_gui_vendor:/opt/ros/jazzy/opt/gz_transport_vendor:/opt/ros/jazzy/opt/gz_rendering_vendor:/opt/ros/jazzy/opt/gz_plugin_vendor:/opt/ros/jazzy/opt/gz_fuel_tools_vendor:/opt/ros/jazzy/opt/gz_msgs_vendor:/opt/ros/jazzy/opt/gz_common_vendor:/opt/ros/jazzy/opt/gz_ogre_next_vendor:/opt/ros/jazzy/opt/gz_dartsim_vendor:/opt/ros/jazzy/opt/sdformat_vendor:/opt/ros/jazzy/opt/gz_math_vendor:/opt/ros/jazzy/opt/gz_utils_vendor:/opt/ros/jazzy/opt/gz_tools_vendor:/opt/ros/jazzy/opt/gz_cmake_vendor:/home/theo/drift/ros2_ws/install/my_package:/opt/ros/jazzy DEBUGINFOD_URLS=https://debuginfod.ubuntu.com LD_LIBRARY_PATH=/home/theo/drift/ros2_ws/src/lbr-stack/install/lbr_ros2_control/lib:/home/theo/drift/ros2_ws/src/lbr-stack/install/lbr_fri_ros2/lib:/home/theo/drift/ros2_ws/src/lbr-stack/install/lbr_fri_idl/lib:/home/theo/drift/ros2_ws/src/lbr-stack/install/fri_client_sdk/lib:${LD_LIBRARY_PATH} PKG_CONFIG_PATH=/home/theo/drift/ros2_ws/src/lbr-stack/install/fri_client_sdk/lib/aarch64-linux-gnu/pkgconfig:/home/theo/drift/ros2_ws/src/lbr-stack/install/fri_client_sdk/lib/pkgconfig PYTHONPATH=/home/theo/drift/ros2_ws/src/lbr-stack/install/lbr_fri_idl/lib/python3.12/site-packages:${PYTHONPATH} /usr/bin/cmake /home/theo/drift/ros2_ws/src/lbr-stack/src/lbr_fri_ros2_stack/lbr_demos/lbr_dual_arm/lbr_dual_arm -DAMENT_CMAKE_SYMLINK_INSTALL=1 -DCMAKE_INSTALL_PREFIX=/home/theo/drift/ros2_ws/src/lbr-stack/install/lbr_dual_arm
[67.565s] DEBUG:colcon.colcon_core.event_handler.log_command:Invoked command in '/home/theo/drift/ros2_ws/src/lbr-stack/build/lbr_dual_arm' returned '0': AMENT_PREFIX_PATH=/home/theo/drift/ros2_ws/src/lbr-stack/install/lbr_ros2_control:/home/theo/drift/ros2_ws/src/lbr-stack/install/lbr_fri_ros2:/home/theo/drift/ros2_ws/src/lbr-stack/install/lbr_fri_idl:/home/theo/drift/ros2_ws/src/lbr-stack/install/lbr_dual_arm_moveit_config:/home/theo/drift/ros2_ws/src/lbr-stack/install/lbr_iiwa7_r800_description:${AMENT_PREFIX_PATH} CMAKE_PREFIX_PATH=/home/theo/drift/ros2_ws/src/lbr-stack/install/lbr_ros2_control:/home/theo/drift/ros2_ws/src/lbr-stack/install/lbr_fri_ros2:/home/theo/drift/ros2_ws/src/lbr-stack/install/lbr_fri_idl:/home/theo/drift/ros2_ws/src/lbr-stack/install/lbr_dual_arm_moveit_config:/home/theo/drift/ros2_ws/src/lbr-stack/install/lbr_iiwa7_r800_description:/home/theo/drift/ros2_ws/src/lbr-stack/install/fri_client_sdk:/opt/ros/jazzy/opt/gz_sim_vendor:/opt/ros/jazzy/opt/gz_sensors_vendor:/opt/ros/jazzy/opt/gz_physics_vendor:/opt/ros/jazzy/opt/gz_gui_vendor:/opt/ros/jazzy/opt/gz_transport_vendor:/opt/ros/jazzy/opt/gz_rendering_vendor:/opt/ros/jazzy/opt/gz_plugin_vendor:/opt/ros/jazzy/opt/gz_fuel_tools_vendor:/opt/ros/jazzy/opt/gz_msgs_vendor:/opt/ros/jazzy/opt/gz_common_vendor:/opt/ros/jazzy/opt/gz_ogre_next_vendor:/opt/ros/jazzy/opt/gz_dartsim_vendor:/opt/ros/jazzy/opt/sdformat_vendor:/opt/ros/jazzy/opt/gz_math_vendor:/opt/ros/jazzy/opt/gz_utils_vendor:/opt/ros/jazzy/opt/gz_tools_vendor:/opt/ros/jazzy/opt/gz_cmake_vendor:/home/theo/drift/ros2_ws/install/my_package:/opt/ros/jazzy DEBUGINFOD_URLS=https://debuginfod.ubuntu.com LD_LIBRARY_PATH=/home/theo/drift/ros2_ws/src/lbr-stack/install/lbr_ros2_control/lib:/home/theo/drift/ros2_ws/src/lbr-stack/install/lbr_fri_ros2/lib:/home/theo/drift/ros2_ws/src/lbr-stack/install/lbr_fri_idl/lib:/home/theo/drift/ros2_ws/src/lbr-stack/install/fri_client_sdk/lib:${LD_LIBRARY_PATH} PKG_CONFIG_PATH=/home/theo/drift/ros2_ws/src/lbr-stack/install/fri_client_sdk/lib/aarch64-linux-gnu/pkgconfig:/home/theo/drift/ros2_ws/src/lbr-stack/install/fri_client_sdk/lib/pkgconfig PYTHONPATH=/home/theo/drift/ros2_ws/src/lbr-stack/install/lbr_fri_idl/lib/python3.12/site-packages:${PYTHONPATH} /usr/bin/cmake /home/theo/drift/ros2_ws/src/lbr-stack/src/lbr_fri_ros2_stack/lbr_demos/lbr_dual_arm/lbr_dual_arm -DAMENT_CMAKE_SYMLINK_INSTALL=1 -DCMAKE_INSTALL_PREFIX=/home/theo/drift/ros2_ws/src/lbr-stack/install/lbr_dual_arm
[67.566s] DEBUG:colcon.colcon_core.event_handler.log_command:Invoking command in '/home/theo/drift/ros2_ws/src/lbr-stack/build/lbr_dual_arm': AMENT_PREFIX_PATH=/home/theo/drift/ros2_ws/src/lbr-stack/install/lbr_ros2_control:/home/theo/drift/ros2_ws/src/lbr-stack/install/lbr_fri_ros2:/home/theo/drift/ros2_ws/src/lbr-stack/install/lbr_fri_idl:/home/theo/drift/ros2_ws/src/lbr-stack/install/lbr_dual_arm_moveit_config:/home/theo/drift/ros2_ws/src/lbr-stack/install/lbr_iiwa7_r800_description:${AMENT_PREFIX_PATH} CMAKE_PREFIX_PATH=/home/theo/drift/ros2_ws/src/lbr-stack/install/lbr_ros2_control:/home/theo/drift/ros2_ws/src/lbr-stack/install/lbr_fri_ros2:/home/theo/drift/ros2_ws/src/lbr-stack/install/lbr_fri_idl:/home/theo/drift/ros2_ws/src/lbr-stack/install/lbr_dual_arm_moveit_config:/home/theo/drift/ros2_ws/src/lbr-stack/install/lbr_iiwa7_r800_description:/home/theo/drift/ros2_ws/src/lbr-stack/install/fri_client_sdk:/opt/ros/jazzy/opt/gz_sim_vendor:/opt/ros/jazzy/opt/gz_sensors_vendor:/opt/ros/jazzy/opt/gz_physics_vendor:/opt/ros/jazzy/opt/gz_gui_vendor:/opt/ros/jazzy/opt/gz_transport_vendor:/opt/ros/jazzy/opt/gz_rendering_vendor:/opt/ros/jazzy/opt/gz_plugin_vendor:/opt/ros/jazzy/opt/gz_fuel_tools_vendor:/opt/ros/jazzy/opt/gz_msgs_vendor:/opt/ros/jazzy/opt/gz_common_vendor:/opt/ros/jazzy/opt/gz_ogre_next_vendor:/opt/ros/jazzy/opt/gz_dartsim_vendor:/opt/ros/jazzy/opt/sdformat_vendor:/opt/ros/jazzy/opt/gz_math_vendor:/opt/ros/jazzy/opt/gz_utils_vendor:/opt/ros/jazzy/opt/gz_tools_vendor:/opt/ros/jazzy/opt/gz_cmake_vendor:/home/theo/drift/ros2_ws/install/my_package:/opt/ros/jazzy DEBUGINFOD_URLS=https://debuginfod.ubuntu.com LD_LIBRARY_PATH=/home/theo/drift/ros2_ws/src/lbr-stack/install/lbr_ros2_control/lib:/home/theo/drift/ros2_ws/src/lbr-stack/install/lbr_fri_ros2/lib:/home/theo/drift/ros2_ws/src/lbr-stack/install/lbr_fri_idl/lib:/home/theo/drift/ros2_ws/src/lbr-stack/install/fri_client_sdk/lib:${LD_LIBRARY_PATH} PKG_CONFIG_PATH=/home/theo/drift/ros2_ws/src/lbr-stack/install/fri_client_sdk/lib/aarch64-linux-gnu/pkgconfig:/home/theo/drift/ros2_ws/src/lbr-stack/install/fri_client_sdk/lib/pkgconfig PYTHONPATH=/home/theo/drift/ros2_ws/src/lbr-stack/install/lbr_fri_idl/lib/python3.12/site-packages:${PYTHONPATH} /usr/bin/cmake --build /home/theo/drift/ros2_ws/src/lbr-stack/build/lbr_dual_arm -- -j4 -l4
[67.581s] DEBUG:colcon.colcon_core.event_handler.log_command:Invoked command in '/home/theo/drift/ros2_ws/src/lbr-stack/build/lbr_dual_arm' returned '0': AMENT_PREFIX_PATH=/home/theo/drift/ros2_ws/src/lbr-stack/install/lbr_ros2_control:/home/theo/drift/ros2_ws/src/lbr-stack/install/lbr_fri_ros2:/home/theo/drift/ros2_ws/src/lbr-stack/install/lbr_fri_idl:/home/theo/drift/ros2_ws/src/lbr-stack/install/lbr_dual_arm_moveit_config:/home/theo/drift/ros2_ws/src/lbr-stack/install/lbr_iiwa7_r800_description:${AMENT_PREFIX_PATH} CMAKE_PREFIX_PATH=/home/theo/drift/ros2_ws/src/lbr-stack/install/lbr_ros2_control:/home/theo/drift/ros2_ws/src/lbr-stack/install/lbr_fri_ros2:/home/theo/drift/ros2_ws/src/lbr-stack/install/lbr_fri_idl:/home/theo/drift/ros2_ws/src/lbr-stack/install/lbr_dual_arm_moveit_config:/home/theo/drift/ros2_ws/src/lbr-stack/install/lbr_iiwa7_r800_description:/home/theo/drift/ros2_ws/src/lbr-stack/install/fri_client_sdk:/opt/ros/jazzy/opt/gz_sim_vendor:/opt/ros/jazzy/opt/gz_sensors_vendor:/opt/ros/jazzy/opt/gz_physics_vendor:/opt/ros/jazzy/opt/gz_gui_vendor:/opt/ros/jazzy/opt/gz_transport_vendor:/opt/ros/jazzy/opt/gz_rendering_vendor:/opt/ros/jazzy/opt/gz_plugin_vendor:/opt/ros/jazzy/opt/gz_fuel_tools_vendor:/opt/ros/jazzy/opt/gz_msgs_vendor:/opt/ros/jazzy/opt/gz_common_vendor:/opt/ros/jazzy/opt/gz_ogre_next_vendor:/opt/ros/jazzy/opt/gz_dartsim_vendor:/opt/ros/jazzy/opt/sdformat_vendor:/opt/ros/jazzy/opt/gz_math_vendor:/opt/ros/jazzy/opt/gz_utils_vendor:/opt/ros/jazzy/opt/gz_tools_vendor:/opt/ros/jazzy/opt/gz_cmake_vendor:/home/theo/drift/ros2_ws/install/my_package:/opt/ros/jazzy DEBUGINFOD_URLS=https://debuginfod.ubuntu.com LD_LIBRARY_PATH=/home/theo/drift/ros2_ws/src/lbr-stack/install/lbr_ros2_control/lib:/home/theo/drift/ros2_ws/src/lbr-stack/install/lbr_fri_ros2/lib:/home/theo/drift/ros2_ws/src/lbr-stack/install/lbr_fri_idl/lib:/home/theo/drift/ros2_ws/src/lbr-stack/install/fri_client_sdk/lib:${LD_LIBRARY_PATH} PKG_CONFIG_PATH=/home/theo/drift/ros2_ws/src/lbr-stack/install/fri_client_sdk/lib/aarch64-linux-gnu/pkgconfig:/home/theo/drift/ros2_ws/src/lbr-stack/install/fri_client_sdk/lib/pkgconfig PYTHONPATH=/home/theo/drift/ros2_ws/src/lbr-stack/install/lbr_fri_idl/lib/python3.12/site-packages:${PYTHONPATH} /usr/bin/cmake --build /home/theo/drift/ros2_ws/src/lbr-stack/build/lbr_dual_arm -- -j4 -l4
[67.582s] DEBUG:colcon.colcon_core.event_handler.log_command:Invoking command in '/home/theo/drift/ros2_ws/src/lbr-stack/build/lbr_dual_arm': AMENT_PREFIX_PATH=/home/theo/drift/ros2_ws/src/lbr-stack/install/lbr_ros2_control:/home/theo/drift/ros2_ws/src/lbr-stack/install/lbr_fri_ros2:/home/theo/drift/ros2_ws/src/lbr-stack/install/lbr_fri_idl:/home/theo/drift/ros2_ws/src/lbr-stack/install/lbr_dual_arm_moveit_config:/home/theo/drift/ros2_ws/src/lbr-stack/install/lbr_iiwa7_r800_description:${AMENT_PREFIX_PATH} CMAKE_PREFIX_PATH=/home/theo/drift/ros2_ws/src/lbr-stack/install/lbr_ros2_control:/home/theo/drift/ros2_ws/src/lbr-stack/install/lbr_fri_ros2:/home/theo/drift/ros2_ws/src/lbr-stack/install/lbr_fri_idl:/home/theo/drift/ros2_ws/src/lbr-stack/install/lbr_dual_arm_moveit_config:/home/theo/drift/ros2_ws/src/lbr-stack/install/lbr_iiwa7_r800_description:/home/theo/drift/ros2_ws/src/lbr-stack/install/fri_client_sdk:/opt/ros/jazzy/opt/gz_sim_vendor:/opt/ros/jazzy/opt/gz_sensors_vendor:/opt/ros/jazzy/opt/gz_physics_vendor:/opt/ros/jazzy/opt/gz_gui_vendor:/opt/ros/jazzy/opt/gz_transport_vendor:/opt/ros/jazzy/opt/gz_rendering_vendor:/opt/ros/jazzy/opt/gz_plugin_vendor:/opt/ros/jazzy/opt/gz_fuel_tools_vendor:/opt/ros/jazzy/opt/gz_msgs_vendor:/opt/ros/jazzy/opt/gz_common_vendor:/opt/ros/jazzy/opt/gz_ogre_next_vendor:/opt/ros/jazzy/opt/gz_dartsim_vendor:/opt/ros/jazzy/opt/sdformat_vendor:/opt/ros/jazzy/opt/gz_math_vendor:/opt/ros/jazzy/opt/gz_utils_vendor:/opt/ros/jazzy/opt/gz_tools_vendor:/opt/ros/jazzy/opt/gz_cmake_vendor:/home/theo/drift/ros2_ws/install/my_package:/opt/ros/jazzy DEBUGINFOD_URLS=https://debuginfod.ubuntu.com LD_LIBRARY_PATH=/home/theo/drift/ros2_ws/src/lbr-stack/install/lbr_ros2_control/lib:/home/theo/drift/ros2_ws/src/lbr-stack/install/lbr_fri_ros2/lib:/home/theo/drift/ros2_ws/src/lbr-stack/install/lbr_fri_idl/lib:/home/theo/drift/ros2_ws/src/lbr-stack/install/fri_client_sdk/lib:${LD_LIBRARY_PATH} PKG_CONFIG_PATH=/home/theo/drift/ros2_ws/src/lbr-stack/install/fri_client_sdk/lib/aarch64-linux-gnu/pkgconfig:/home/theo/drift/ros2_ws/src/lbr-stack/install/fri_client_sdk/lib/pkgconfig PYTHONPATH=/home/theo/drift/ros2_ws/src/lbr-stack/install/lbr_fri_idl/lib/python3.12/site-packages:${PYTHONPATH} /usr/bin/cmake --install /home/theo/drift/ros2_ws/src/lbr-stack/build/lbr_dual_arm
[67.604s] DEBUG:colcon.colcon_core.event_handler.log_command:Invoked command in '/home/theo/drift/ros2_ws/src/lbr-stack/build/lbr_bringup' returned '0': AMENT_PREFIX_PATH=/home/theo/drift/ros2_ws/src/lbr-stack/install/lbr_ros2_control:/home/theo/drift/ros2_ws/src/lbr-stack/install/lbr_fri_ros2:/home/theo/drift/ros2_ws/src/lbr-stack/install/lbr_fri_idl:/home/theo/drift/ros2_ws/src/lbr-stack/install/lbr_med7_r800_description:/home/theo/drift/ros2_ws/src/lbr-stack/install/lbr_med14_r820_description:/home/theo/drift/ros2_ws/src/lbr-stack/install/lbr_iiwa7_r800_description:/home/theo/drift/ros2_ws/src/lbr-stack/install/lbr_iiwa14_r820_description:${AMENT_PREFIX_PATH} CMAKE_PREFIX_PATH=/home/theo/drift/ros2_ws/src/lbr-stack/install/lbr_ros2_control:/home/theo/drift/ros2_ws/src/lbr-stack/install/lbr_fri_ros2:/home/theo/drift/ros2_ws/src/lbr-stack/install/lbr_fri_idl:/home/theo/drift/ros2_ws/src/lbr-stack/install/lbr_med7_r800_description:/home/theo/drift/ros2_ws/src/lbr-stack/install/lbr_med14_r820_description:/home/theo/drift/ros2_ws/src/lbr-stack/install/lbr_iiwa7_r800_description:/home/theo/drift/ros2_ws/src/lbr-stack/install/lbr_iiwa14_r820_description:/home/theo/drift/ros2_ws/src/lbr-stack/install/fri_client_sdk:/opt/ros/jazzy/opt/gz_sim_vendor:/opt/ros/jazzy/opt/gz_sensors_vendor:/opt/ros/jazzy/opt/gz_physics_vendor:/opt/ros/jazzy/opt/gz_gui_vendor:/opt/ros/jazzy/opt/gz_transport_vendor:/opt/ros/jazzy/opt/gz_rendering_vendor:/opt/ros/jazzy/opt/gz_plugin_vendor:/opt/ros/jazzy/opt/gz_fuel_tools_vendor:/opt/ros/jazzy/opt/gz_msgs_vendor:/opt/ros/jazzy/opt/gz_common_vendor:/opt/ros/jazzy/opt/gz_ogre_next_vendor:/opt/ros/jazzy/opt/gz_dartsim_vendor:/opt/ros/jazzy/opt/sdformat_vendor:/opt/ros/jazzy/opt/gz_math_vendor:/opt/ros/jazzy/opt/gz_utils_vendor:/opt/ros/jazzy/opt/gz_tools_vendor:/opt/ros/jazzy/opt/gz_cmake_vendor:/home/theo/drift/ros2_ws/install/my_package:/opt/ros/jazzy DEBUGINFOD_URLS=https://debuginfod.ubuntu.com LD_LIBRARY_PATH=/home/theo/drift/ros2_ws/src/lbr-stack/install/lbr_ros2_control/lib:/home/theo/drift/ros2_ws/src/lbr-stack/install/lbr_fri_ros2/lib:/home/theo/drift/ros2_ws/src/lbr-stack/install/lbr_fri_idl/lib:/home/theo/drift/ros2_ws/src/lbr-stack/install/fri_client_sdk/lib:${LD_LIBRARY_PATH} PKG_CONFIG_PATH=/home/theo/drift/ros2_ws/src/lbr-stack/install/fri_client_sdk/lib/aarch64-linux-gnu/pkgconfig:/home/theo/drift/ros2_ws/src/lbr-stack/install/fri_client_sdk/lib/pkgconfig PYTHONPATH=/home/theo/drift/ros2_ws/src/lbr-stack/install/lbr_fri_idl/lib/python3.12/site-packages:${PYTHONPATH} /usr/bin/cmake /home/theo/drift/ros2_ws/src/lbr-stack/src/lbr_fri_ros2_stack/lbr_bringup -DAMENT_CMAKE_SYMLINK_INSTALL=1 -DCMAKE_INSTALL_PREFIX=/home/theo/drift/ros2_ws/src/lbr-stack/install/lbr_bringup
[67.604s] DEBUG:colcon.colcon_core.event_handler.log_command:Invoking command in '/home/theo/drift/ros2_ws/src/lbr-stack/build/lbr_bringup': AMENT_PREFIX_PATH=/home/theo/drift/ros2_ws/src/lbr-stack/install/lbr_ros2_control:/home/theo/drift/ros2_ws/src/lbr-stack/install/lbr_fri_ros2:/home/theo/drift/ros2_ws/src/lbr-stack/install/lbr_fri_idl:/home/theo/drift/ros2_ws/src/lbr-stack/install/lbr_med7_r800_description:/home/theo/drift/ros2_ws/src/lbr-stack/install/lbr_med14_r820_description:/home/theo/drift/ros2_ws/src/lbr-stack/install/lbr_iiwa7_r800_description:/home/theo/drift/ros2_ws/src/lbr-stack/install/lbr_iiwa14_r820_description:${AMENT_PREFIX_PATH} CMAKE_PREFIX_PATH=/home/theo/drift/ros2_ws/src/lbr-stack/install/lbr_ros2_control:/home/theo/drift/ros2_ws/src/lbr-stack/install/lbr_fri_ros2:/home/theo/drift/ros2_ws/src/lbr-stack/install/lbr_fri_idl:/home/theo/drift/ros2_ws/src/lbr-stack/install/lbr_med7_r800_description:/home/theo/drift/ros2_ws/src/lbr-stack/install/lbr_med14_r820_description:/home/theo/drift/ros2_ws/src/lbr-stack/install/lbr_iiwa7_r800_description:/home/theo/drift/ros2_ws/src/lbr-stack/install/lbr_iiwa14_r820_description:/home/theo/drift/ros2_ws/src/lbr-stack/install/fri_client_sdk:/opt/ros/jazzy/opt/gz_sim_vendor:/opt/ros/jazzy/opt/gz_sensors_vendor:/opt/ros/jazzy/opt/gz_physics_vendor:/opt/ros/jazzy/opt/gz_gui_vendor:/opt/ros/jazzy/opt/gz_transport_vendor:/opt/ros/jazzy/opt/gz_rendering_vendor:/opt/ros/jazzy/opt/gz_plugin_vendor:/opt/ros/jazzy/opt/gz_fuel_tools_vendor:/opt/ros/jazzy/opt/gz_msgs_vendor:/opt/ros/jazzy/opt/gz_common_vendor:/opt/ros/jazzy/opt/gz_ogre_next_vendor:/opt/ros/jazzy/opt/gz_dartsim_vendor:/opt/ros/jazzy/opt/sdformat_vendor:/opt/ros/jazzy/opt/gz_math_vendor:/opt/ros/jazzy/opt/gz_utils_vendor:/opt/ros/jazzy/opt/gz_tools_vendor:/opt/ros/jazzy/opt/gz_cmake_vendor:/home/theo/drift/ros2_ws/install/my_package:/opt/ros/jazzy DEBUGINFOD_URLS=https://debuginfod.ubuntu.com LD_LIBRARY_PATH=/home/theo/drift/ros2_ws/src/lbr-stack/install/lbr_ros2_control/lib:/home/theo/drift/ros2_ws/src/lbr-stack/install/lbr_fri_ros2/lib:/home/theo/drift/ros2_ws/src/lbr-stack/install/lbr_fri_idl/lib:/home/theo/drift/ros2_ws/src/lbr-stack/install/fri_client_sdk/lib:${LD_LIBRARY_PATH} PKG_CONFIG_PATH=/home/theo/drift/ros2_ws/src/lbr-stack/install/fri_client_sdk/lib/aarch64-linux-gnu/pkgconfig:/home/theo/drift/ros2_ws/src/lbr-stack/install/fri_client_sdk/lib/pkgconfig PYTHONPATH=/home/theo/drift/ros2_ws/src/lbr-stack/install/lbr_fri_idl/lib/python3.12/site-packages:${PYTHONPATH} /usr/bin/cmake --build /home/theo/drift/ros2_ws/src/lbr-stack/build/lbr_bringup -- -j4 -l4
[67.672s] Level 1:colcon.colcon_core.environment:create_environment_scripts_only(lbr_dual_arm)
[67.672s] Level 1:colcon.colcon_core.environment:checking '/home/theo/drift/ros2_ws/src/lbr-stack/install/lbr_dual_arm' for CMake module files
[67.673s] DEBUG:colcon.colcon_core.event_handler.log_command:Invoked command in '/home/theo/drift/ros2_ws/src/lbr-stack/build/lbr_dual_arm' returned '0': AMENT_PREFIX_PATH=/home/theo/drift/ros2_ws/src/lbr-stack/install/lbr_ros2_control:/home/theo/drift/ros2_ws/src/lbr-stack/install/lbr_fri_ros2:/home/theo/drift/ros2_ws/src/lbr-stack/install/lbr_fri_idl:/home/theo/drift/ros2_ws/src/lbr-stack/install/lbr_dual_arm_moveit_config:/home/theo/drift/ros2_ws/src/lbr-stack/install/lbr_iiwa7_r800_description:${AMENT_PREFIX_PATH} CMAKE_PREFIX_PATH=/home/theo/drift/ros2_ws/src/lbr-stack/install/lbr_ros2_control:/home/theo/drift/ros2_ws/src/lbr-stack/install/lbr_fri_ros2:/home/theo/drift/ros2_ws/src/lbr-stack/install/lbr_fri_idl:/home/theo/drift/ros2_ws/src/lbr-stack/install/lbr_dual_arm_moveit_config:/home/theo/drift/ros2_ws/src/lbr-stack/install/lbr_iiwa7_r800_description:/home/theo/drift/ros2_ws/src/lbr-stack/install/fri_client_sdk:/opt/ros/jazzy/opt/gz_sim_vendor:/opt/ros/jazzy/opt/gz_sensors_vendor:/opt/ros/jazzy/opt/gz_physics_vendor:/opt/ros/jazzy/opt/gz_gui_vendor:/opt/ros/jazzy/opt/gz_transport_vendor:/opt/ros/jazzy/opt/gz_rendering_vendor:/opt/ros/jazzy/opt/gz_plugin_vendor:/opt/ros/jazzy/opt/gz_fuel_tools_vendor:/opt/ros/jazzy/opt/gz_msgs_vendor:/opt/ros/jazzy/opt/gz_common_vendor:/opt/ros/jazzy/opt/gz_ogre_next_vendor:/opt/ros/jazzy/opt/gz_dartsim_vendor:/opt/ros/jazzy/opt/sdformat_vendor:/opt/ros/jazzy/opt/gz_math_vendor:/opt/ros/jazzy/opt/gz_utils_vendor:/opt/ros/jazzy/opt/gz_tools_vendor:/opt/ros/jazzy/opt/gz_cmake_vendor:/home/theo/drift/ros2_ws/install/my_package:/opt/ros/jazzy DEBUGINFOD_URLS=https://debuginfod.ubuntu.com LD_LIBRARY_PATH=/home/theo/drift/ros2_ws/src/lbr-stack/install/lbr_ros2_control/lib:/home/theo/drift/ros2_ws/src/lbr-stack/install/lbr_fri_ros2/lib:/home/theo/drift/ros2_ws/src/lbr-stack/install/lbr_fri_idl/lib:/home/theo/drift/ros2_ws/src/lbr-stack/install/fri_client_sdk/lib:${LD_LIBRARY_PATH} PKG_CONFIG_PATH=/home/theo/drift/ros2_ws/src/lbr-stack/install/fri_client_sdk/lib/aarch64-linux-gnu/pkgconfig:/home/theo/drift/ros2_ws/src/lbr-stack/install/fri_client_sdk/lib/pkgconfig PYTHONPATH=/home/theo/drift/ros2_ws/src/lbr-stack/install/lbr_fri_idl/lib/python3.12/site-packages:${PYTHONPATH} /usr/bin/cmake --install /home/theo/drift/ros2_ws/src/lbr-stack/build/lbr_dual_arm
[67.673s] Level 1:colcon.colcon_core.environment:checking '/home/theo/drift/ros2_ws/src/lbr-stack/install/lbr_dual_arm' for CMake config files
[67.673s] Level 1:colcon.colcon_core.shell:create_environment_hook('lbr_dual_arm', 'cmake_prefix_path')
[67.673s] INFO:colcon.colcon_core.shell:Creating environment descriptor '/home/theo/drift/ros2_ws/src/lbr-stack/install/lbr_dual_arm/share/lbr_dual_arm/hook/cmake_prefix_path.dsv'
[67.673s] INFO:colcon.colcon_core.shell:Creating environment hook '/home/theo/drift/ros2_ws/src/lbr-stack/install/lbr_dual_arm/share/lbr_dual_arm/hook/cmake_prefix_path.sh'
[67.673s] Level 1:colcon.colcon_core.environment:checking '/home/theo/drift/ros2_ws/src/lbr-stack/install/lbr_dual_arm/bin'
[67.673s] Level 1:colcon.colcon_core.environment:checking '/home/theo/drift/ros2_ws/src/lbr-stack/install/lbr_dual_arm/lib/pkgconfig/lbr_dual_arm.pc'
[67.674s] Level 1:colcon.colcon_core.environment:checking '/home/theo/drift/ros2_ws/src/lbr-stack/install/lbr_dual_arm/lib/python3.12/site-packages'
[67.674s] Level 1:colcon.colcon_core.environment:checking '/home/theo/drift/ros2_ws/src/lbr-stack/install/lbr_dual_arm/bin'
[67.674s] INFO:colcon.colcon_core.shell:Creating package descriptor '/home/theo/drift/ros2_ws/src/lbr-stack/install/lbr_dual_arm/share/lbr_dual_arm/package.dsv'
[67.674s] INFO:colcon.colcon_core.shell:Creating package script '/home/theo/drift/ros2_ws/src/lbr-stack/install/lbr_dual_arm/share/lbr_dual_arm/package.sh'
[67.674s] INFO:colcon.colcon_core.shell:Creating package script '/home/theo/drift/ros2_ws/src/lbr-stack/install/lbr_dual_arm/share/lbr_dual_arm/package.bash'
[67.674s] INFO:colcon.colcon_core.shell:Creating package script '/home/theo/drift/ros2_ws/src/lbr-stack/install/lbr_dual_arm/share/lbr_dual_arm/package.zsh'
[67.675s] Level 1:colcon.colcon_core.environment:create_file_with_runtime_dependencies(/home/theo/drift/ros2_ws/src/lbr-stack/install/lbr_dual_arm/share/colcon-core/packages/lbr_dual_arm)
[67.675s] Level 1:colcon.colcon_core.environment:create_environment_scripts_only(lbr_dual_arm)
[67.675s] Level 1:colcon.colcon_core.environment:checking '/home/theo/drift/ros2_ws/src/lbr-stack/install/lbr_dual_arm' for CMake module files
[67.676s] Level 1:colcon.colcon_core.environment:checking '/home/theo/drift/ros2_ws/src/lbr-stack/install/lbr_dual_arm' for CMake config files
[67.676s] Level 1:colcon.colcon_core.shell:create_environment_hook('lbr_dual_arm', 'cmake_prefix_path')
[67.676s] INFO:colcon.colcon_core.shell:Creating environment descriptor '/home/theo/drift/ros2_ws/src/lbr-stack/install/lbr_dual_arm/share/lbr_dual_arm/hook/cmake_prefix_path.dsv'
[67.676s] INFO:colcon.colcon_core.shell:Creating environment hook '/home/theo/drift/ros2_ws/src/lbr-stack/install/lbr_dual_arm/share/lbr_dual_arm/hook/cmake_prefix_path.sh'
[67.677s] Level 1:colcon.colcon_core.environment:checking '/home/theo/drift/ros2_ws/src/lbr-stack/install/lbr_dual_arm/bin'
[67.677s] Level 1:colcon.colcon_core.environment:checking '/home/theo/drift/ros2_ws/src/lbr-stack/install/lbr_dual_arm/lib/pkgconfig/lbr_dual_arm.pc'
[67.677s] Level 1:colcon.colcon_core.environment:checking '/home/theo/drift/ros2_ws/src/lbr-stack/install/lbr_dual_arm/lib/python3.12/site-packages'
[67.677s] Level 1:colcon.colcon_core.environment:checking '/home/theo/drift/ros2_ws/src/lbr-stack/install/lbr_dual_arm/bin'
[67.677s] INFO:colcon.colcon_core.shell:Creating package descriptor '/home/theo/drift/ros2_ws/src/lbr-stack/install/lbr_dual_arm/share/lbr_dual_arm/package.dsv'
[67.677s] INFO:colcon.colcon_core.shell:Creating package script '/home/theo/drift/ros2_ws/src/lbr-stack/install/lbr_dual_arm/share/lbr_dual_arm/package.sh'
[67.681s] INFO:colcon.colcon_core.shell:Creating package script '/home/theo/drift/ros2_ws/src/lbr-stack/install/lbr_dual_arm/share/lbr_dual_arm/package.bash'
[67.681s] INFO:colcon.colcon_core.shell:Creating package script '/home/theo/drift/ros2_ws/src/lbr-stack/install/lbr_dual_arm/share/lbr_dual_arm/package.zsh'
[67.682s] Level 1:colcon.colcon_core.environment:create_file_with_runtime_dependencies(/home/theo/drift/ros2_ws/src/lbr-stack/install/lbr_dual_arm/share/colcon-core/packages/lbr_dual_arm)
[67.863s] DEBUG:colcon.colcon_core.event_handler.log_command:Invoked command in '/home/theo/drift/ros2_ws/src/lbr-stack/build/lbr_bringup' returned '0': AMENT_PREFIX_PATH=/home/theo/drift/ros2_ws/src/lbr-stack/install/lbr_ros2_control:/home/theo/drift/ros2_ws/src/lbr-stack/install/lbr_fri_ros2:/home/theo/drift/ros2_ws/src/lbr-stack/install/lbr_fri_idl:/home/theo/drift/ros2_ws/src/lbr-stack/install/lbr_med7_r800_description:/home/theo/drift/ros2_ws/src/lbr-stack/install/lbr_med14_r820_description:/home/theo/drift/ros2_ws/src/lbr-stack/install/lbr_iiwa7_r800_description:/home/theo/drift/ros2_ws/src/lbr-stack/install/lbr_iiwa14_r820_description:${AMENT_PREFIX_PATH} CMAKE_PREFIX_PATH=/home/theo/drift/ros2_ws/src/lbr-stack/install/lbr_ros2_control:/home/theo/drift/ros2_ws/src/lbr-stack/install/lbr_fri_ros2:/home/theo/drift/ros2_ws/src/lbr-stack/install/lbr_fri_idl:/home/theo/drift/ros2_ws/src/lbr-stack/install/lbr_med7_r800_description:/home/theo/drift/ros2_ws/src/lbr-stack/install/lbr_med14_r820_description:/home/theo/drift/ros2_ws/src/lbr-stack/install/lbr_iiwa7_r800_description:/home/theo/drift/ros2_ws/src/lbr-stack/install/lbr_iiwa14_r820_description:/home/theo/drift/ros2_ws/src/lbr-stack/install/fri_client_sdk:/opt/ros/jazzy/opt/gz_sim_vendor:/opt/ros/jazzy/opt/gz_sensors_vendor:/opt/ros/jazzy/opt/gz_physics_vendor:/opt/ros/jazzy/opt/gz_gui_vendor:/opt/ros/jazzy/opt/gz_transport_vendor:/opt/ros/jazzy/opt/gz_rendering_vendor:/opt/ros/jazzy/opt/gz_plugin_vendor:/opt/ros/jazzy/opt/gz_fuel_tools_vendor:/opt/ros/jazzy/opt/gz_msgs_vendor:/opt/ros/jazzy/opt/gz_common_vendor:/opt/ros/jazzy/opt/gz_ogre_next_vendor:/opt/ros/jazzy/opt/gz_dartsim_vendor:/opt/ros/jazzy/opt/sdformat_vendor:/opt/ros/jazzy/opt/gz_math_vendor:/opt/ros/jazzy/opt/gz_utils_vendor:/opt/ros/jazzy/opt/gz_tools_vendor:/opt/ros/jazzy/opt/gz_cmake_vendor:/home/theo/drift/ros2_ws/install/my_package:/opt/ros/jazzy DEBUGINFOD_URLS=https://debuginfod.ubuntu.com LD_LIBRARY_PATH=/home/theo/drift/ros2_ws/src/lbr-stack/install/lbr_ros2_control/lib:/home/theo/drift/ros2_ws/src/lbr-stack/install/lbr_fri_ros2/lib:/home/theo/drift/ros2_ws/src/lbr-stack/install/lbr_fri_idl/lib:/home/theo/drift/ros2_ws/src/lbr-stack/install/fri_client_sdk/lib:${LD_LIBRARY_PATH} PKG_CONFIG_PATH=/home/theo/drift/ros2_ws/src/lbr-stack/install/fri_client_sdk/lib/aarch64-linux-gnu/pkgconfig:/home/theo/drift/ros2_ws/src/lbr-stack/install/fri_client_sdk/lib/pkgconfig PYTHONPATH=/home/theo/drift/ros2_ws/src/lbr-stack/install/lbr_fri_idl/lib/python3.12/site-packages:${PYTHONPATH} /usr/bin/cmake --build /home/theo/drift/ros2_ws/src/lbr-stack/build/lbr_bringup -- -j4 -l4
[67.864s] DEBUG:colcon.colcon_core.event_handler.log_command:Invoking command in '/home/theo/drift/ros2_ws/src/lbr-stack/build/lbr_bringup': AMENT_PREFIX_PATH=/home/theo/drift/ros2_ws/src/lbr-stack/install/lbr_ros2_control:/home/theo/drift/ros2_ws/src/lbr-stack/install/lbr_fri_ros2:/home/theo/drift/ros2_ws/src/lbr-stack/install/lbr_fri_idl:/home/theo/drift/ros2_ws/src/lbr-stack/install/lbr_med7_r800_description:/home/theo/drift/ros2_ws/src/lbr-stack/install/lbr_med14_r820_description:/home/theo/drift/ros2_ws/src/lbr-stack/install/lbr_iiwa7_r800_description:/home/theo/drift/ros2_ws/src/lbr-stack/install/lbr_iiwa14_r820_description:${AMENT_PREFIX_PATH} CMAKE_PREFIX_PATH=/home/theo/drift/ros2_ws/src/lbr-stack/install/lbr_ros2_control:/home/theo/drift/ros2_ws/src/lbr-stack/install/lbr_fri_ros2:/home/theo/drift/ros2_ws/src/lbr-stack/install/lbr_fri_idl:/home/theo/drift/ros2_ws/src/lbr-stack/install/lbr_med7_r800_description:/home/theo/drift/ros2_ws/src/lbr-stack/install/lbr_med14_r820_description:/home/theo/drift/ros2_ws/src/lbr-stack/install/lbr_iiwa7_r800_description:/home/theo/drift/ros2_ws/src/lbr-stack/install/lbr_iiwa14_r820_description:/home/theo/drift/ros2_ws/src/lbr-stack/install/fri_client_sdk:/opt/ros/jazzy/opt/gz_sim_vendor:/opt/ros/jazzy/opt/gz_sensors_vendor:/opt/ros/jazzy/opt/gz_physics_vendor:/opt/ros/jazzy/opt/gz_gui_vendor:/opt/ros/jazzy/opt/gz_transport_vendor:/opt/ros/jazzy/opt/gz_rendering_vendor:/opt/ros/jazzy/opt/gz_plugin_vendor:/opt/ros/jazzy/opt/gz_fuel_tools_vendor:/opt/ros/jazzy/opt/gz_msgs_vendor:/opt/ros/jazzy/opt/gz_common_vendor:/opt/ros/jazzy/opt/gz_ogre_next_vendor:/opt/ros/jazzy/opt/gz_dartsim_vendor:/opt/ros/jazzy/opt/sdformat_vendor:/opt/ros/jazzy/opt/gz_math_vendor:/opt/ros/jazzy/opt/gz_utils_vendor:/opt/ros/jazzy/opt/gz_tools_vendor:/opt/ros/jazzy/opt/gz_cmake_vendor:/home/theo/drift/ros2_ws/install/my_package:/opt/ros/jazzy DEBUGINFOD_URLS=https://debuginfod.ubuntu.com LD_LIBRARY_PATH=/home/theo/drift/ros2_ws/src/lbr-stack/install/lbr_ros2_control/lib:/home/theo/drift/ros2_ws/src/lbr-stack/install/lbr_fri_ros2/lib:/home/theo/drift/ros2_ws/src/lbr-stack/install/lbr_fri_idl/lib:/home/theo/drift/ros2_ws/src/lbr-stack/install/fri_client_sdk/lib:${LD_LIBRARY_PATH} PKG_CONFIG_PATH=/home/theo/drift/ros2_ws/src/lbr-stack/install/fri_client_sdk/lib/aarch64-linux-gnu/pkgconfig:/home/theo/drift/ros2_ws/src/lbr-stack/install/fri_client_sdk/lib/pkgconfig PYTHONPATH=/home/theo/drift/ros2_ws/src/lbr-stack/install/lbr_fri_idl/lib/python3.12/site-packages:${PYTHONPATH} /usr/bin/cmake --install /home/theo/drift/ros2_ws/src/lbr-stack/build/lbr_bringup
[68.003s] Level 1:colcon.colcon_core.environment:create_environment_scripts_only(lbr_bringup)
[68.003s] Level 1:colcon.colcon_core.environment:checking '/home/theo/drift/ros2_ws/src/lbr-stack/install/lbr_bringup' for CMake module files
[68.004s] DEBUG:colcon.colcon_core.event_handler.log_command:Invoked command in '/home/theo/drift/ros2_ws/src/lbr-stack/build/lbr_bringup' returned '0': AMENT_PREFIX_PATH=/home/theo/drift/ros2_ws/src/lbr-stack/install/lbr_ros2_control:/home/theo/drift/ros2_ws/src/lbr-stack/install/lbr_fri_ros2:/home/theo/drift/ros2_ws/src/lbr-stack/install/lbr_fri_idl:/home/theo/drift/ros2_ws/src/lbr-stack/install/lbr_med7_r800_description:/home/theo/drift/ros2_ws/src/lbr-stack/install/lbr_med14_r820_description:/home/theo/drift/ros2_ws/src/lbr-stack/install/lbr_iiwa7_r800_description:/home/theo/drift/ros2_ws/src/lbr-stack/install/lbr_iiwa14_r820_description:${AMENT_PREFIX_PATH} CMAKE_PREFIX_PATH=/home/theo/drift/ros2_ws/src/lbr-stack/install/lbr_ros2_control:/home/theo/drift/ros2_ws/src/lbr-stack/install/lbr_fri_ros2:/home/theo/drift/ros2_ws/src/lbr-stack/install/lbr_fri_idl:/home/theo/drift/ros2_ws/src/lbr-stack/install/lbr_med7_r800_description:/home/theo/drift/ros2_ws/src/lbr-stack/install/lbr_med14_r820_description:/home/theo/drift/ros2_ws/src/lbr-stack/install/lbr_iiwa7_r800_description:/home/theo/drift/ros2_ws/src/lbr-stack/install/lbr_iiwa14_r820_description:/home/theo/drift/ros2_ws/src/lbr-stack/install/fri_client_sdk:/opt/ros/jazzy/opt/gz_sim_vendor:/opt/ros/jazzy/opt/gz_sensors_vendor:/opt/ros/jazzy/opt/gz_physics_vendor:/opt/ros/jazzy/opt/gz_gui_vendor:/opt/ros/jazzy/opt/gz_transport_vendor:/opt/ros/jazzy/opt/gz_rendering_vendor:/opt/ros/jazzy/opt/gz_plugin_vendor:/opt/ros/jazzy/opt/gz_fuel_tools_vendor:/opt/ros/jazzy/opt/gz_msgs_vendor:/opt/ros/jazzy/opt/gz_common_vendor:/opt/ros/jazzy/opt/gz_ogre_next_vendor:/opt/ros/jazzy/opt/gz_dartsim_vendor:/opt/ros/jazzy/opt/sdformat_vendor:/opt/ros/jazzy/opt/gz_math_vendor:/opt/ros/jazzy/opt/gz_utils_vendor:/opt/ros/jazzy/opt/gz_tools_vendor:/opt/ros/jazzy/opt/gz_cmake_vendor:/home/theo/drift/ros2_ws/install/my_package:/opt/ros/jazzy DEBUGINFOD_URLS=https://debuginfod.ubuntu.com LD_LIBRARY_PATH=/home/theo/drift/ros2_ws/src/lbr-stack/install/lbr_ros2_control/lib:/home/theo/drift/ros2_ws/src/lbr-stack/install/lbr_fri_ros2/lib:/home/theo/drift/ros2_ws/src/lbr-stack/install/lbr_fri_idl/lib:/home/theo/drift/ros2_ws/src/lbr-stack/install/fri_client_sdk/lib:${LD_LIBRARY_PATH} PKG_CONFIG_PATH=/home/theo/drift/ros2_ws/src/lbr-stack/install/fri_client_sdk/lib/aarch64-linux-gnu/pkgconfig:/home/theo/drift/ros2_ws/src/lbr-stack/install/fri_client_sdk/lib/pkgconfig PYTHONPATH=/home/theo/drift/ros2_ws/src/lbr-stack/install/lbr_fri_idl/lib/python3.12/site-packages:${PYTHONPATH} /usr/bin/cmake --install /home/theo/drift/ros2_ws/src/lbr-stack/build/lbr_bringup
[68.004s] Level 1:colcon.colcon_core.environment:checking '/home/theo/drift/ros2_ws/src/lbr-stack/install/lbr_bringup' for CMake config files
[68.004s] Level 1:colcon.colcon_core.shell:create_environment_hook('lbr_bringup', 'cmake_prefix_path')
[68.004s] INFO:colcon.colcon_core.shell:Creating environment descriptor '/home/theo/drift/ros2_ws/src/lbr-stack/install/lbr_bringup/share/lbr_bringup/hook/cmake_prefix_path.dsv'
[68.004s] INFO:colcon.colcon_core.shell:Creating environment hook '/home/theo/drift/ros2_ws/src/lbr-stack/install/lbr_bringup/share/lbr_bringup/hook/cmake_prefix_path.sh'
[68.004s] Level 1:colcon.colcon_core.environment:checking '/home/theo/drift/ros2_ws/src/lbr-stack/install/lbr_bringup/lib'
[68.004s] Level 1:colcon.colcon_core.environment:checking '/home/theo/drift/ros2_ws/src/lbr-stack/install/lbr_bringup/bin'
[68.004s] Level 1:colcon.colcon_core.environment:checking '/home/theo/drift/ros2_ws/src/lbr-stack/install/lbr_bringup/lib/pkgconfig/lbr_bringup.pc'
[68.005s] Level 1:colcon.colcon_core.environment:checking '/home/theo/drift/ros2_ws/src/lbr-stack/install/lbr_bringup/lib/python3.12/site-packages'
[68.005s] Level 1:colcon.colcon_core.shell:create_environment_hook('lbr_bringup', 'pythonpath')
[68.006s] INFO:colcon.colcon_core.shell:Creating environment descriptor '/home/theo/drift/ros2_ws/src/lbr-stack/install/lbr_bringup/share/lbr_bringup/hook/pythonpath.dsv'
[68.006s] INFO:colcon.colcon_core.shell:Creating environment hook '/home/theo/drift/ros2_ws/src/lbr-stack/install/lbr_bringup/share/lbr_bringup/hook/pythonpath.sh'
[68.006s] Level 1:colcon.colcon_core.environment:checking '/home/theo/drift/ros2_ws/src/lbr-stack/install/lbr_bringup/bin'
[68.006s] INFO:colcon.colcon_core.shell:Creating package descriptor '/home/theo/drift/ros2_ws/src/lbr-stack/install/lbr_bringup/share/lbr_bringup/package.dsv'
[68.006s] INFO:colcon.colcon_core.shell:Creating package script '/home/theo/drift/ros2_ws/src/lbr-stack/install/lbr_bringup/share/lbr_bringup/package.sh'
[68.006s] INFO:colcon.colcon_core.shell:Creating package script '/home/theo/drift/ros2_ws/src/lbr-stack/install/lbr_bringup/share/lbr_bringup/package.bash'
[68.006s] INFO:colcon.colcon_core.shell:Creating package script '/home/theo/drift/ros2_ws/src/lbr-stack/install/lbr_bringup/share/lbr_bringup/package.zsh'
[68.006s] Level 1:colcon.colcon_core.environment:create_file_with_runtime_dependencies(/home/theo/drift/ros2_ws/src/lbr-stack/install/lbr_bringup/share/colcon-core/packages/lbr_bringup)
[68.007s] Level 1:colcon.colcon_core.environment:create_environment_scripts_only(lbr_bringup)
[68.007s] Level 1:colcon.colcon_core.environment:checking '/home/theo/drift/ros2_ws/src/lbr-stack/install/lbr_bringup' for CMake module files
[68.007s] Level 1:colcon.colcon_core.environment:checking '/home/theo/drift/ros2_ws/src/lbr-stack/install/lbr_bringup' for CMake config files
[68.007s] Level 1:colcon.colcon_core.shell:create_environment_hook('lbr_bringup', 'cmake_prefix_path')
[68.007s] INFO:colcon.colcon_core.shell:Creating environment descriptor '/home/theo/drift/ros2_ws/src/lbr-stack/install/lbr_bringup/share/lbr_bringup/hook/cmake_prefix_path.dsv'
[68.007s] INFO:colcon.colcon_core.shell:Creating environment hook '/home/theo/drift/ros2_ws/src/lbr-stack/install/lbr_bringup/share/lbr_bringup/hook/cmake_prefix_path.sh'
[68.007s] Level 1:colcon.colcon_core.environment:checking '/home/theo/drift/ros2_ws/src/lbr-stack/install/lbr_bringup/lib'
[68.008s] Level 1:colcon.colcon_core.environment:checking '/home/theo/drift/ros2_ws/src/lbr-stack/install/lbr_bringup/bin'
[68.008s] Level 1:colcon.colcon_core.environment:checking '/home/theo/drift/ros2_ws/src/lbr-stack/install/lbr_bringup/lib/pkgconfig/lbr_bringup.pc'
[68.008s] Level 1:colcon.colcon_core.environment:checking '/home/theo/drift/ros2_ws/src/lbr-stack/install/lbr_bringup/lib/python3.12/site-packages'
[68.008s] Level 1:colcon.colcon_core.shell:create_environment_hook('lbr_bringup', 'pythonpath')
[68.008s] INFO:colcon.colcon_core.shell:Creating environment descriptor '/home/theo/drift/ros2_ws/src/lbr-stack/install/lbr_bringup/share/lbr_bringup/hook/pythonpath.dsv'
[68.008s] INFO:colcon.colcon_core.shell:Creating environment hook '/home/theo/drift/ros2_ws/src/lbr-stack/install/lbr_bringup/share/lbr_bringup/hook/pythonpath.sh'
[68.008s] Level 1:colcon.colcon_core.environment:checking '/home/theo/drift/ros2_ws/src/lbr-stack/install/lbr_bringup/bin'
[68.008s] INFO:colcon.colcon_core.shell:Creating package descriptor '/home/theo/drift/ros2_ws/src/lbr-stack/install/lbr_bringup/share/lbr_bringup/package.dsv'
[68.008s] INFO:colcon.colcon_core.shell:Creating package script '/home/theo/drift/ros2_ws/src/lbr-stack/install/lbr_bringup/share/lbr_bringup/package.sh'
[68.009s] INFO:colcon.colcon_core.shell:Creating package script '/home/theo/drift/ros2_ws/src/lbr-stack/install/lbr_bringup/share/lbr_bringup/package.bash'
[68.009s] INFO:colcon.colcon_core.shell:Creating package script '/home/theo/drift/ros2_ws/src/lbr-stack/install/lbr_bringup/share/lbr_bringup/package.zsh'
[68.009s] Level 1:colcon.colcon_core.environment:create_file_with_runtime_dependencies(/home/theo/drift/ros2_ws/src/lbr-stack/install/lbr_bringup/share/colcon-core/packages/lbr_bringup)
[68.009s] INFO:colcon.colcon_ros.task.ament_cmake.build:Building ROS package in '/home/theo/drift/ros2_ws/src/lbr-stack/src/lbr_fri_ros2_stack/lbr_demos/lbr_demos_cpp' with build type 'ament_cmake'
[68.009s] INFO:colcon.colcon_cmake.task.cmake.build:Building CMake package in '/home/theo/drift/ros2_ws/src/lbr-stack/src/lbr_fri_ros2_stack/lbr_demos/lbr_demos_cpp'
[68.009s] DEBUG:colcon.colcon_core.shell:Skip shell extension 'dsv' for command environment
[68.011s] INFO:colcon.colcon_ros.task.ament_python.build:Building ROS package in '/home/theo/drift/ros2_ws/src/lbr-stack/src/lbr_fri_ros2_stack/lbr_demos/lbr_demos_py' with build type 'ament_python'
[68.011s] Level 1:colcon.colcon_core.shell:create_environment_hook('lbr_demos_py', 'ament_prefix_path')
[68.012s] INFO:colcon.colcon_core.shell:Creating environment descriptor '/home/theo/drift/ros2_ws/src/lbr-stack/install/lbr_demos_py/share/lbr_demos_py/hook/ament_prefix_path.dsv'
[68.012s] INFO:colcon.colcon_core.shell:Creating environment hook '/home/theo/drift/ros2_ws/src/lbr-stack/install/lbr_demos_py/share/lbr_demos_py/hook/ament_prefix_path.sh'
[68.012s] DEBUG:colcon.colcon_core.shell:Skip shell extension 'dsv' for command environment
[68.015s] INFO:colcon.colcon_ros.task.ament_cmake.build:Building ROS package in '/home/theo/drift/ros2_ws/src/lbr-stack/src/lbr_fri_ros2_stack/lbr_fri_ros2_stack' with build type 'ament_cmake'
[68.015s] INFO:colcon.colcon_cmake.task.cmake.build:Building CMake package in '/home/theo/drift/ros2_ws/src/lbr-stack/src/lbr_fri_ros2_stack/lbr_fri_ros2_stack'
[68.015s] DEBUG:colcon.colcon_core.shell:Skip shell extension 'dsv' for command environment
[68.019s] DEBUG:colcon.colcon_core.event_handler.log_command:Invoking command in '/home/theo/drift/ros2_ws/src/lbr-stack/build/lbr_demos_cpp': AMENT_PREFIX_PATH=/home/theo/drift/ros2_ws/src/lbr-stack/install/lbr_bringup:/home/theo/drift/ros2_ws/src/lbr-stack/install/lbr_ros2_control:/home/theo/drift/ros2_ws/src/lbr-stack/install/lbr_fri_ros2:/home/theo/drift/ros2_ws/src/lbr-stack/install/lbr_fri_idl:/home/theo/drift/ros2_ws/src/lbr-stack/install/lbr_med7_r800_description:/home/theo/drift/ros2_ws/src/lbr-stack/install/lbr_med14_r820_description:/home/theo/drift/ros2_ws/src/lbr-stack/install/lbr_iiwa7_r800_description:/home/theo/drift/ros2_ws/src/lbr-stack/install/lbr_iiwa14_r820_description:${AMENT_PREFIX_PATH} CMAKE_PREFIX_PATH=/home/theo/drift/ros2_ws/src/lbr-stack/install/lbr_bringup:/home/theo/drift/ros2_ws/src/lbr-stack/install/lbr_ros2_control:/home/theo/drift/ros2_ws/src/lbr-stack/install/lbr_fri_ros2:/home/theo/drift/ros2_ws/src/lbr-stack/install/lbr_fri_idl:/home/theo/drift/ros2_ws/src/lbr-stack/install/lbr_med7_r800_description:/home/theo/drift/ros2_ws/src/lbr-stack/install/lbr_med14_r820_description:/home/theo/drift/ros2_ws/src/lbr-stack/install/lbr_iiwa7_r800_description:/home/theo/drift/ros2_ws/src/lbr-stack/install/lbr_iiwa14_r820_description:/home/theo/drift/ros2_ws/src/lbr-stack/install/fri_client_sdk:/opt/ros/jazzy/opt/gz_sim_vendor:/opt/ros/jazzy/opt/gz_sensors_vendor:/opt/ros/jazzy/opt/gz_physics_vendor:/opt/ros/jazzy/opt/gz_gui_vendor:/opt/ros/jazzy/opt/gz_transport_vendor:/opt/ros/jazzy/opt/gz_rendering_vendor:/opt/ros/jazzy/opt/gz_plugin_vendor:/opt/ros/jazzy/opt/gz_fuel_tools_vendor:/opt/ros/jazzy/opt/gz_msgs_vendor:/opt/ros/jazzy/opt/gz_common_vendor:/opt/ros/jazzy/opt/gz_ogre_next_vendor:/opt/ros/jazzy/opt/gz_dartsim_vendor:/opt/ros/jazzy/opt/sdformat_vendor:/opt/ros/jazzy/opt/gz_math_vendor:/opt/ros/jazzy/opt/gz_utils_vendor:/opt/ros/jazzy/opt/gz_tools_vendor:/opt/ros/jazzy/opt/gz_cmake_vendor:/home/theo/drift/ros2_ws/install/my_package:/opt/ros/jazzy DEBUGINFOD_URLS=https://debuginfod.ubuntu.com LD_LIBRARY_PATH=/home/theo/drift/ros2_ws/src/lbr-stack/install/lbr_ros2_control/lib:/home/theo/drift/ros2_ws/src/lbr-stack/install/lbr_fri_ros2/lib:/home/theo/drift/ros2_ws/src/lbr-stack/install/lbr_fri_idl/lib:/home/theo/drift/ros2_ws/src/lbr-stack/install/fri_client_sdk/lib:${LD_LIBRARY_PATH} PKG_CONFIG_PATH=/home/theo/drift/ros2_ws/src/lbr-stack/install/fri_client_sdk/lib/aarch64-linux-gnu/pkgconfig:/home/theo/drift/ros2_ws/src/lbr-stack/install/fri_client_sdk/lib/pkgconfig PYTHONPATH=/home/theo/drift/ros2_ws/src/lbr-stack/install/lbr_bringup/lib/python3.12/site-packages:/home/theo/drift/ros2_ws/src/lbr-stack/install/lbr_fri_idl/lib/python3.12/site-packages:${PYTHONPATH} /usr/bin/cmake /home/theo/drift/ros2_ws/src/lbr-stack/src/lbr_fri_ros2_stack/lbr_demos/lbr_demos_cpp -DAMENT_CMAKE_SYMLINK_INSTALL=1 -DCMAKE_INSTALL_PREFIX=/home/theo/drift/ros2_ws/src/lbr-stack/install/lbr_demos_cpp
[68.134s] INFO:colcon.colcon_core.task.python.build:Building Python package in '/home/theo/drift/ros2_ws/src/lbr-stack/src/lbr_fri_ros2_stack/lbr_demos/lbr_demos_py'
[68.134s] DEBUG:colcon.colcon_core.shell:Skip shell extension 'dsv' for command environment
[68.138s] DEBUG:colcon.colcon_core.event_handler.log_command:Invoking command in '/home/theo/drift/ros2_ws/src/lbr-stack/build/lbr_fri_ros2_stack': AMENT_PREFIX_PATH=/home/theo/drift/ros2_ws/src/lbr-stack/install/lbr_bringup:/home/theo/drift/ros2_ws/src/lbr-stack/install/lbr_ros2_control:/home/theo/drift/ros2_ws/src/lbr-stack/install/lbr_fri_ros2:/home/theo/drift/ros2_ws/src/lbr-stack/install/lbr_fri_idl:/home/theo/drift/ros2_ws/src/lbr-stack/install/lbr_med7_r800_description:/home/theo/drift/ros2_ws/src/lbr-stack/install/lbr_med14_r820_description:/home/theo/drift/ros2_ws/src/lbr-stack/install/lbr_iiwa7_r800_description:/home/theo/drift/ros2_ws/src/lbr-stack/install/lbr_iiwa14_r820_description:${AMENT_PREFIX_PATH} CMAKE_PREFIX_PATH=/home/theo/drift/ros2_ws/src/lbr-stack/install/lbr_bringup:/home/theo/drift/ros2_ws/src/lbr-stack/install/lbr_ros2_control:/home/theo/drift/ros2_ws/src/lbr-stack/install/lbr_fri_ros2:/home/theo/drift/ros2_ws/src/lbr-stack/install/lbr_fri_idl:/home/theo/drift/ros2_ws/src/lbr-stack/install/lbr_med7_r800_description:/home/theo/drift/ros2_ws/src/lbr-stack/install/lbr_med14_r820_description:/home/theo/drift/ros2_ws/src/lbr-stack/install/lbr_iiwa7_r800_description:/home/theo/drift/ros2_ws/src/lbr-stack/install/lbr_iiwa14_r820_description:/home/theo/drift/ros2_ws/src/lbr-stack/install/fri_client_sdk:/opt/ros/jazzy/opt/gz_sim_vendor:/opt/ros/jazzy/opt/gz_sensors_vendor:/opt/ros/jazzy/opt/gz_physics_vendor:/opt/ros/jazzy/opt/gz_gui_vendor:/opt/ros/jazzy/opt/gz_transport_vendor:/opt/ros/jazzy/opt/gz_rendering_vendor:/opt/ros/jazzy/opt/gz_plugin_vendor:/opt/ros/jazzy/opt/gz_fuel_tools_vendor:/opt/ros/jazzy/opt/gz_msgs_vendor:/opt/ros/jazzy/opt/gz_common_vendor:/opt/ros/jazzy/opt/gz_ogre_next_vendor:/opt/ros/jazzy/opt/gz_dartsim_vendor:/opt/ros/jazzy/opt/sdformat_vendor:/opt/ros/jazzy/opt/gz_math_vendor:/opt/ros/jazzy/opt/gz_utils_vendor:/opt/ros/jazzy/opt/gz_tools_vendor:/opt/ros/jazzy/opt/gz_cmake_vendor:/home/theo/drift/ros2_ws/install/my_package:/opt/ros/jazzy DEBUGINFOD_URLS=https://debuginfod.ubuntu.com LD_LIBRARY_PATH=/home/theo/drift/ros2_ws/src/lbr-stack/install/lbr_ros2_control/lib:/home/theo/drift/ros2_ws/src/lbr-stack/install/lbr_fri_ros2/lib:/home/theo/drift/ros2_ws/src/lbr-stack/install/lbr_fri_idl/lib:/home/theo/drift/ros2_ws/src/lbr-stack/install/fri_client_sdk/lib:${LD_LIBRARY_PATH} PKG_CONFIG_PATH=/home/theo/drift/ros2_ws/src/lbr-stack/install/fri_client_sdk/lib/aarch64-linux-gnu/pkgconfig:/home/theo/drift/ros2_ws/src/lbr-stack/install/fri_client_sdk/lib/pkgconfig PYTHONPATH=/home/theo/drift/ros2_ws/src/lbr-stack/install/lbr_bringup/lib/python3.12/site-packages:/home/theo/drift/ros2_ws/src/lbr-stack/install/lbr_fri_idl/lib/python3.12/site-packages:${PYTHONPATH} /usr/bin/cmake /home/theo/drift/ros2_ws/src/lbr-stack/src/lbr_fri_ros2_stack/lbr_fri_ros2_stack -DAMENT_CMAKE_SYMLINK_INSTALL=1 -DCMAKE_INSTALL_PREFIX=/home/theo/drift/ros2_ws/src/lbr-stack/install/lbr_fri_ros2_stack
[68.532s] DEBUG:colcon.colcon_core.event_handler.log_command:Invoking command in '/home/theo/drift/ros2_ws/src/lbr-stack/build/lbr_demos_py': AMENT_PREFIX_PATH=/home/theo/drift/ros2_ws/src/lbr-stack/install/lbr_bringup:/home/theo/drift/ros2_ws/src/lbr-stack/install/lbr_ros2_control:/home/theo/drift/ros2_ws/src/lbr-stack/install/lbr_fri_ros2:/home/theo/drift/ros2_ws/src/lbr-stack/install/lbr_fri_idl:/home/theo/drift/ros2_ws/src/lbr-stack/install/lbr_med7_r800_description:/home/theo/drift/ros2_ws/src/lbr-stack/install/lbr_med14_r820_description:/home/theo/drift/ros2_ws/src/lbr-stack/install/lbr_iiwa7_r800_description:/home/theo/drift/ros2_ws/src/lbr-stack/install/lbr_iiwa14_r820_description:${AMENT_PREFIX_PATH} CMAKE_PREFIX_PATH=/home/theo/drift/ros2_ws/src/lbr-stack/install/lbr_bringup:/home/theo/drift/ros2_ws/src/lbr-stack/install/lbr_ros2_control:/home/theo/drift/ros2_ws/src/lbr-stack/install/lbr_fri_ros2:/home/theo/drift/ros2_ws/src/lbr-stack/install/lbr_fri_idl:/home/theo/drift/ros2_ws/src/lbr-stack/install/lbr_med7_r800_description:/home/theo/drift/ros2_ws/src/lbr-stack/install/lbr_med14_r820_description:/home/theo/drift/ros2_ws/src/lbr-stack/install/lbr_iiwa7_r800_description:/home/theo/drift/ros2_ws/src/lbr-stack/install/lbr_iiwa14_r820_description:/home/theo/drift/ros2_ws/src/lbr-stack/install/fri_client_sdk:${CMAKE_PREFIX_PATH} DEBUGINFOD_URLS=https://debuginfod.ubuntu.com LD_LIBRARY_PATH=/home/theo/drift/ros2_ws/src/lbr-stack/install/lbr_ros2_control/lib:/home/theo/drift/ros2_ws/src/lbr-stack/install/lbr_fri_ros2/lib:/home/theo/drift/ros2_ws/src/lbr-stack/install/lbr_fri_idl/lib:/home/theo/drift/ros2_ws/src/lbr-stack/install/fri_client_sdk/lib:${LD_LIBRARY_PATH} PKG_CONFIG_PATH=/home/theo/drift/ros2_ws/src/lbr-stack/install/fri_client_sdk/lib/aarch64-linux-gnu/pkgconfig:/home/theo/drift/ros2_ws/src/lbr-stack/install/fri_client_sdk/lib/pkgconfig PYTHONPATH=/home/theo/drift/ros2_ws/src/lbr-stack/build/lbr_demos_py/prefix_override:/usr/lib/python3/dist-packages/colcon_core/task/python/colcon_distutils_commands:/home/theo/drift/ros2_ws/src/lbr-stack/install/lbr_demos_py/lib/python3.12/site-packages:/home/theo/drift/ros2_ws/src/lbr-stack/install/lbr_bringup/lib/python3.12/site-packages:/home/theo/drift/ros2_ws/src/lbr-stack/install/lbr_fri_idl/lib/python3.12/site-packages:${PYTHONPATH} /usr/bin/python3 -W ignore:setup.py install is deprecated -W ignore:easy_install command is deprecated setup.py develop --editable --build-directory /home/theo/drift/ros2_ws/src/lbr-stack/build/lbr_demos_py/build --no-deps symlink_data
[68.540s] DEBUG:colcon.colcon_core.event_handler.log_command:Invoked command in '/home/theo/drift/ros2_ws/src/lbr-stack/build/lbr_fri_ros2_stack' returned '0': AMENT_PREFIX_PATH=/home/theo/drift/ros2_ws/src/lbr-stack/install/lbr_bringup:/home/theo/drift/ros2_ws/src/lbr-stack/install/lbr_ros2_control:/home/theo/drift/ros2_ws/src/lbr-stack/install/lbr_fri_ros2:/home/theo/drift/ros2_ws/src/lbr-stack/install/lbr_fri_idl:/home/theo/drift/ros2_ws/src/lbr-stack/install/lbr_med7_r800_description:/home/theo/drift/ros2_ws/src/lbr-stack/install/lbr_med14_r820_description:/home/theo/drift/ros2_ws/src/lbr-stack/install/lbr_iiwa7_r800_description:/home/theo/drift/ros2_ws/src/lbr-stack/install/lbr_iiwa14_r820_description:${AMENT_PREFIX_PATH} CMAKE_PREFIX_PATH=/home/theo/drift/ros2_ws/src/lbr-stack/install/lbr_bringup:/home/theo/drift/ros2_ws/src/lbr-stack/install/lbr_ros2_control:/home/theo/drift/ros2_ws/src/lbr-stack/install/lbr_fri_ros2:/home/theo/drift/ros2_ws/src/lbr-stack/install/lbr_fri_idl:/home/theo/drift/ros2_ws/src/lbr-stack/install/lbr_med7_r800_description:/home/theo/drift/ros2_ws/src/lbr-stack/install/lbr_med14_r820_description:/home/theo/drift/ros2_ws/src/lbr-stack/install/lbr_iiwa7_r800_description:/home/theo/drift/ros2_ws/src/lbr-stack/install/lbr_iiwa14_r820_description:/home/theo/drift/ros2_ws/src/lbr-stack/install/fri_client_sdk:/opt/ros/jazzy/opt/gz_sim_vendor:/opt/ros/jazzy/opt/gz_sensors_vendor:/opt/ros/jazzy/opt/gz_physics_vendor:/opt/ros/jazzy/opt/gz_gui_vendor:/opt/ros/jazzy/opt/gz_transport_vendor:/opt/ros/jazzy/opt/gz_rendering_vendor:/opt/ros/jazzy/opt/gz_plugin_vendor:/opt/ros/jazzy/opt/gz_fuel_tools_vendor:/opt/ros/jazzy/opt/gz_msgs_vendor:/opt/ros/jazzy/opt/gz_common_vendor:/opt/ros/jazzy/opt/gz_ogre_next_vendor:/opt/ros/jazzy/opt/gz_dartsim_vendor:/opt/ros/jazzy/opt/sdformat_vendor:/opt/ros/jazzy/opt/gz_math_vendor:/opt/ros/jazzy/opt/gz_utils_vendor:/opt/ros/jazzy/opt/gz_tools_vendor:/opt/ros/jazzy/opt/gz_cmake_vendor:/home/theo/drift/ros2_ws/install/my_package:/opt/ros/jazzy DEBUGINFOD_URLS=https://debuginfod.ubuntu.com LD_LIBRARY_PATH=/home/theo/drift/ros2_ws/src/lbr-stack/install/lbr_ros2_control/lib:/home/theo/drift/ros2_ws/src/lbr-stack/install/lbr_fri_ros2/lib:/home/theo/drift/ros2_ws/src/lbr-stack/install/lbr_fri_idl/lib:/home/theo/drift/ros2_ws/src/lbr-stack/install/fri_client_sdk/lib:${LD_LIBRARY_PATH} PKG_CONFIG_PATH=/home/theo/drift/ros2_ws/src/lbr-stack/install/fri_client_sdk/lib/aarch64-linux-gnu/pkgconfig:/home/theo/drift/ros2_ws/src/lbr-stack/install/fri_client_sdk/lib/pkgconfig PYTHONPATH=/home/theo/drift/ros2_ws/src/lbr-stack/install/lbr_bringup/lib/python3.12/site-packages:/home/theo/drift/ros2_ws/src/lbr-stack/install/lbr_fri_idl/lib/python3.12/site-packages:${PYTHONPATH} /usr/bin/cmake /home/theo/drift/ros2_ws/src/lbr-stack/src/lbr_fri_ros2_stack/lbr_fri_ros2_stack -DAMENT_CMAKE_SYMLINK_INSTALL=1 -DCMAKE_INSTALL_PREFIX=/home/theo/drift/ros2_ws/src/lbr-stack/install/lbr_fri_ros2_stack
[68.541s] DEBUG:colcon.colcon_core.event_handler.log_command:Invoking command in '/home/theo/drift/ros2_ws/src/lbr-stack/build/lbr_fri_ros2_stack': AMENT_PREFIX_PATH=/home/theo/drift/ros2_ws/src/lbr-stack/install/lbr_bringup:/home/theo/drift/ros2_ws/src/lbr-stack/install/lbr_ros2_control:/home/theo/drift/ros2_ws/src/lbr-stack/install/lbr_fri_ros2:/home/theo/drift/ros2_ws/src/lbr-stack/install/lbr_fri_idl:/home/theo/drift/ros2_ws/src/lbr-stack/install/lbr_med7_r800_description:/home/theo/drift/ros2_ws/src/lbr-stack/install/lbr_med14_r820_description:/home/theo/drift/ros2_ws/src/lbr-stack/install/lbr_iiwa7_r800_description:/home/theo/drift/ros2_ws/src/lbr-stack/install/lbr_iiwa14_r820_description:${AMENT_PREFIX_PATH} CMAKE_PREFIX_PATH=/home/theo/drift/ros2_ws/src/lbr-stack/install/lbr_bringup:/home/theo/drift/ros2_ws/src/lbr-stack/install/lbr_ros2_control:/home/theo/drift/ros2_ws/src/lbr-stack/install/lbr_fri_ros2:/home/theo/drift/ros2_ws/src/lbr-stack/install/lbr_fri_idl:/home/theo/drift/ros2_ws/src/lbr-stack/install/lbr_med7_r800_description:/home/theo/drift/ros2_ws/src/lbr-stack/install/lbr_med14_r820_description:/home/theo/drift/ros2_ws/src/lbr-stack/install/lbr_iiwa7_r800_description:/home/theo/drift/ros2_ws/src/lbr-stack/install/lbr_iiwa14_r820_description:/home/theo/drift/ros2_ws/src/lbr-stack/install/fri_client_sdk:/opt/ros/jazzy/opt/gz_sim_vendor:/opt/ros/jazzy/opt/gz_sensors_vendor:/opt/ros/jazzy/opt/gz_physics_vendor:/opt/ros/jazzy/opt/gz_gui_vendor:/opt/ros/jazzy/opt/gz_transport_vendor:/opt/ros/jazzy/opt/gz_rendering_vendor:/opt/ros/jazzy/opt/gz_plugin_vendor:/opt/ros/jazzy/opt/gz_fuel_tools_vendor:/opt/ros/jazzy/opt/gz_msgs_vendor:/opt/ros/jazzy/opt/gz_common_vendor:/opt/ros/jazzy/opt/gz_ogre_next_vendor:/opt/ros/jazzy/opt/gz_dartsim_vendor:/opt/ros/jazzy/opt/sdformat_vendor:/opt/ros/jazzy/opt/gz_math_vendor:/opt/ros/jazzy/opt/gz_utils_vendor:/opt/ros/jazzy/opt/gz_tools_vendor:/opt/ros/jazzy/opt/gz_cmake_vendor:/home/theo/drift/ros2_ws/install/my_package:/opt/ros/jazzy DEBUGINFOD_URLS=https://debuginfod.ubuntu.com LD_LIBRARY_PATH=/home/theo/drift/ros2_ws/src/lbr-stack/install/lbr_ros2_control/lib:/home/theo/drift/ros2_ws/src/lbr-stack/install/lbr_fri_ros2/lib:/home/theo/drift/ros2_ws/src/lbr-stack/install/lbr_fri_idl/lib:/home/theo/drift/ros2_ws/src/lbr-stack/install/fri_client_sdk/lib:${LD_LIBRARY_PATH} PKG_CONFIG_PATH=/home/theo/drift/ros2_ws/src/lbr-stack/install/fri_client_sdk/lib/aarch64-linux-gnu/pkgconfig:/home/theo/drift/ros2_ws/src/lbr-stack/install/fri_client_sdk/lib/pkgconfig PYTHONPATH=/home/theo/drift/ros2_ws/src/lbr-stack/install/lbr_bringup/lib/python3.12/site-packages:/home/theo/drift/ros2_ws/src/lbr-stack/install/lbr_fri_idl/lib/python3.12/site-packages:${PYTHONPATH} /usr/bin/cmake --build /home/theo/drift/ros2_ws/src/lbr-stack/build/lbr_fri_ros2_stack -- -j4 -l4
[68.578s] DEBUG:colcon.colcon_core.event_handler.log_command:Invoked command in '/home/theo/drift/ros2_ws/src/lbr-stack/build/lbr_fri_ros2_stack' returned '0': AMENT_PREFIX_PATH=/home/theo/drift/ros2_ws/src/lbr-stack/install/lbr_bringup:/home/theo/drift/ros2_ws/src/lbr-stack/install/lbr_ros2_control:/home/theo/drift/ros2_ws/src/lbr-stack/install/lbr_fri_ros2:/home/theo/drift/ros2_ws/src/lbr-stack/install/lbr_fri_idl:/home/theo/drift/ros2_ws/src/lbr-stack/install/lbr_med7_r800_description:/home/theo/drift/ros2_ws/src/lbr-stack/install/lbr_med14_r820_description:/home/theo/drift/ros2_ws/src/lbr-stack/install/lbr_iiwa7_r800_description:/home/theo/drift/ros2_ws/src/lbr-stack/install/lbr_iiwa14_r820_description:${AMENT_PREFIX_PATH} CMAKE_PREFIX_PATH=/home/theo/drift/ros2_ws/src/lbr-stack/install/lbr_bringup:/home/theo/drift/ros2_ws/src/lbr-stack/install/lbr_ros2_control:/home/theo/drift/ros2_ws/src/lbr-stack/install/lbr_fri_ros2:/home/theo/drift/ros2_ws/src/lbr-stack/install/lbr_fri_idl:/home/theo/drift/ros2_ws/src/lbr-stack/install/lbr_med7_r800_description:/home/theo/drift/ros2_ws/src/lbr-stack/install/lbr_med14_r820_description:/home/theo/drift/ros2_ws/src/lbr-stack/install/lbr_iiwa7_r800_description:/home/theo/drift/ros2_ws/src/lbr-stack/install/lbr_iiwa14_r820_description:/home/theo/drift/ros2_ws/src/lbr-stack/install/fri_client_sdk:/opt/ros/jazzy/opt/gz_sim_vendor:/opt/ros/jazzy/opt/gz_sensors_vendor:/opt/ros/jazzy/opt/gz_physics_vendor:/opt/ros/jazzy/opt/gz_gui_vendor:/opt/ros/jazzy/opt/gz_transport_vendor:/opt/ros/jazzy/opt/gz_rendering_vendor:/opt/ros/jazzy/opt/gz_plugin_vendor:/opt/ros/jazzy/opt/gz_fuel_tools_vendor:/opt/ros/jazzy/opt/gz_msgs_vendor:/opt/ros/jazzy/opt/gz_common_vendor:/opt/ros/jazzy/opt/gz_ogre_next_vendor:/opt/ros/jazzy/opt/gz_dartsim_vendor:/opt/ros/jazzy/opt/sdformat_vendor:/opt/ros/jazzy/opt/gz_math_vendor:/opt/ros/jazzy/opt/gz_utils_vendor:/opt/ros/jazzy/opt/gz_tools_vendor:/opt/ros/jazzy/opt/gz_cmake_vendor:/home/theo/drift/ros2_ws/install/my_package:/opt/ros/jazzy DEBUGINFOD_URLS=https://debuginfod.ubuntu.com LD_LIBRARY_PATH=/home/theo/drift/ros2_ws/src/lbr-stack/install/lbr_ros2_control/lib:/home/theo/drift/ros2_ws/src/lbr-stack/install/lbr_fri_ros2/lib:/home/theo/drift/ros2_ws/src/lbr-stack/install/lbr_fri_idl/lib:/home/theo/drift/ros2_ws/src/lbr-stack/install/fri_client_sdk/lib:${LD_LIBRARY_PATH} PKG_CONFIG_PATH=/home/theo/drift/ros2_ws/src/lbr-stack/install/fri_client_sdk/lib/aarch64-linux-gnu/pkgconfig:/home/theo/drift/ros2_ws/src/lbr-stack/install/fri_client_sdk/lib/pkgconfig PYTHONPATH=/home/theo/drift/ros2_ws/src/lbr-stack/install/lbr_bringup/lib/python3.12/site-packages:/home/theo/drift/ros2_ws/src/lbr-stack/install/lbr_fri_idl/lib/python3.12/site-packages:${PYTHONPATH} /usr/bin/cmake --build /home/theo/drift/ros2_ws/src/lbr-stack/build/lbr_fri_ros2_stack -- -j4 -l4
[68.578s] DEBUG:colcon.colcon_core.event_handler.log_command:Invoking command in '/home/theo/drift/ros2_ws/src/lbr-stack/build/lbr_fri_ros2_stack': AMENT_PREFIX_PATH=/home/theo/drift/ros2_ws/src/lbr-stack/install/lbr_bringup:/home/theo/drift/ros2_ws/src/lbr-stack/install/lbr_ros2_control:/home/theo/drift/ros2_ws/src/lbr-stack/install/lbr_fri_ros2:/home/theo/drift/ros2_ws/src/lbr-stack/install/lbr_fri_idl:/home/theo/drift/ros2_ws/src/lbr-stack/install/lbr_med7_r800_description:/home/theo/drift/ros2_ws/src/lbr-stack/install/lbr_med14_r820_description:/home/theo/drift/ros2_ws/src/lbr-stack/install/lbr_iiwa7_r800_description:/home/theo/drift/ros2_ws/src/lbr-stack/install/lbr_iiwa14_r820_description:${AMENT_PREFIX_PATH} CMAKE_PREFIX_PATH=/home/theo/drift/ros2_ws/src/lbr-stack/install/lbr_bringup:/home/theo/drift/ros2_ws/src/lbr-stack/install/lbr_ros2_control:/home/theo/drift/ros2_ws/src/lbr-stack/install/lbr_fri_ros2:/home/theo/drift/ros2_ws/src/lbr-stack/install/lbr_fri_idl:/home/theo/drift/ros2_ws/src/lbr-stack/install/lbr_med7_r800_description:/home/theo/drift/ros2_ws/src/lbr-stack/install/lbr_med14_r820_description:/home/theo/drift/ros2_ws/src/lbr-stack/install/lbr_iiwa7_r800_description:/home/theo/drift/ros2_ws/src/lbr-stack/install/lbr_iiwa14_r820_description:/home/theo/drift/ros2_ws/src/lbr-stack/install/fri_client_sdk:/opt/ros/jazzy/opt/gz_sim_vendor:/opt/ros/jazzy/opt/gz_sensors_vendor:/opt/ros/jazzy/opt/gz_physics_vendor:/opt/ros/jazzy/opt/gz_gui_vendor:/opt/ros/jazzy/opt/gz_transport_vendor:/opt/ros/jazzy/opt/gz_rendering_vendor:/opt/ros/jazzy/opt/gz_plugin_vendor:/opt/ros/jazzy/opt/gz_fuel_tools_vendor:/opt/ros/jazzy/opt/gz_msgs_vendor:/opt/ros/jazzy/opt/gz_common_vendor:/opt/ros/jazzy/opt/gz_ogre_next_vendor:/opt/ros/jazzy/opt/gz_dartsim_vendor:/opt/ros/jazzy/opt/sdformat_vendor:/opt/ros/jazzy/opt/gz_math_vendor:/opt/ros/jazzy/opt/gz_utils_vendor:/opt/ros/jazzy/opt/gz_tools_vendor:/opt/ros/jazzy/opt/gz_cmake_vendor:/home/theo/drift/ros2_ws/install/my_package:/opt/ros/jazzy DEBUGINFOD_URLS=https://debuginfod.ubuntu.com LD_LIBRARY_PATH=/home/theo/drift/ros2_ws/src/lbr-stack/install/lbr_ros2_control/lib:/home/theo/drift/ros2_ws/src/lbr-stack/install/lbr_fri_ros2/lib:/home/theo/drift/ros2_ws/src/lbr-stack/install/lbr_fri_idl/lib:/home/theo/drift/ros2_ws/src/lbr-stack/install/fri_client_sdk/lib:${LD_LIBRARY_PATH} PKG_CONFIG_PATH=/home/theo/drift/ros2_ws/src/lbr-stack/install/fri_client_sdk/lib/aarch64-linux-gnu/pkgconfig:/home/theo/drift/ros2_ws/src/lbr-stack/install/fri_client_sdk/lib/pkgconfig PYTHONPATH=/home/theo/drift/ros2_ws/src/lbr-stack/install/lbr_bringup/lib/python3.12/site-packages:/home/theo/drift/ros2_ws/src/lbr-stack/install/lbr_fri_idl/lib/python3.12/site-packages:${PYTHONPATH} /usr/bin/cmake --install /home/theo/drift/ros2_ws/src/lbr-stack/build/lbr_fri_ros2_stack
[68.677s] Level 1:colcon.colcon_core.environment:create_environment_scripts_only(lbr_fri_ros2_stack)
[68.677s] Level 1:colcon.colcon_core.environment:checking '/home/theo/drift/ros2_ws/src/lbr-stack/install/lbr_fri_ros2_stack' for CMake module files
[68.677s] Level 1:colcon.colcon_core.environment:checking '/home/theo/drift/ros2_ws/src/lbr-stack/install/lbr_fri_ros2_stack' for CMake config files
[68.678s] Level 1:colcon.colcon_core.shell:create_environment_hook('lbr_fri_ros2_stack', 'cmake_prefix_path')
[68.678s] INFO:colcon.colcon_core.shell:Creating environment descriptor '/home/theo/drift/ros2_ws/src/lbr-stack/install/lbr_fri_ros2_stack/share/lbr_fri_ros2_stack/hook/cmake_prefix_path.dsv'
[68.678s] DEBUG:colcon.colcon_core.event_handler.log_command:Invoked command in '/home/theo/drift/ros2_ws/src/lbr-stack/build/lbr_fri_ros2_stack' returned '0': AMENT_PREFIX_PATH=/home/theo/drift/ros2_ws/src/lbr-stack/install/lbr_bringup:/home/theo/drift/ros2_ws/src/lbr-stack/install/lbr_ros2_control:/home/theo/drift/ros2_ws/src/lbr-stack/install/lbr_fri_ros2:/home/theo/drift/ros2_ws/src/lbr-stack/install/lbr_fri_idl:/home/theo/drift/ros2_ws/src/lbr-stack/install/lbr_med7_r800_description:/home/theo/drift/ros2_ws/src/lbr-stack/install/lbr_med14_r820_description:/home/theo/drift/ros2_ws/src/lbr-stack/install/lbr_iiwa7_r800_description:/home/theo/drift/ros2_ws/src/lbr-stack/install/lbr_iiwa14_r820_description:${AMENT_PREFIX_PATH} CMAKE_PREFIX_PATH=/home/theo/drift/ros2_ws/src/lbr-stack/install/lbr_bringup:/home/theo/drift/ros2_ws/src/lbr-stack/install/lbr_ros2_control:/home/theo/drift/ros2_ws/src/lbr-stack/install/lbr_fri_ros2:/home/theo/drift/ros2_ws/src/lbr-stack/install/lbr_fri_idl:/home/theo/drift/ros2_ws/src/lbr-stack/install/lbr_med7_r800_description:/home/theo/drift/ros2_ws/src/lbr-stack/install/lbr_med14_r820_description:/home/theo/drift/ros2_ws/src/lbr-stack/install/lbr_iiwa7_r800_description:/home/theo/drift/ros2_ws/src/lbr-stack/install/lbr_iiwa14_r820_description:/home/theo/drift/ros2_ws/src/lbr-stack/install/fri_client_sdk:/opt/ros/jazzy/opt/gz_sim_vendor:/opt/ros/jazzy/opt/gz_sensors_vendor:/opt/ros/jazzy/opt/gz_physics_vendor:/opt/ros/jazzy/opt/gz_gui_vendor:/opt/ros/jazzy/opt/gz_transport_vendor:/opt/ros/jazzy/opt/gz_rendering_vendor:/opt/ros/jazzy/opt/gz_plugin_vendor:/opt/ros/jazzy/opt/gz_fuel_tools_vendor:/opt/ros/jazzy/opt/gz_msgs_vendor:/opt/ros/jazzy/opt/gz_common_vendor:/opt/ros/jazzy/opt/gz_ogre_next_vendor:/opt/ros/jazzy/opt/gz_dartsim_vendor:/opt/ros/jazzy/opt/sdformat_vendor:/opt/ros/jazzy/opt/gz_math_vendor:/opt/ros/jazzy/opt/gz_utils_vendor:/opt/ros/jazzy/opt/gz_tools_vendor:/opt/ros/jazzy/opt/gz_cmake_vendor:/home/theo/drift/ros2_ws/install/my_package:/opt/ros/jazzy DEBUGINFOD_URLS=https://debuginfod.ubuntu.com LD_LIBRARY_PATH=/home/theo/drift/ros2_ws/src/lbr-stack/install/lbr_ros2_control/lib:/home/theo/drift/ros2_ws/src/lbr-stack/install/lbr_fri_ros2/lib:/home/theo/drift/ros2_ws/src/lbr-stack/install/lbr_fri_idl/lib:/home/theo/drift/ros2_ws/src/lbr-stack/install/fri_client_sdk/lib:${LD_LIBRARY_PATH} PKG_CONFIG_PATH=/home/theo/drift/ros2_ws/src/lbr-stack/install/fri_client_sdk/lib/aarch64-linux-gnu/pkgconfig:/home/theo/drift/ros2_ws/src/lbr-stack/install/fri_client_sdk/lib/pkgconfig PYTHONPATH=/home/theo/drift/ros2_ws/src/lbr-stack/install/lbr_bringup/lib/python3.12/site-packages:/home/theo/drift/ros2_ws/src/lbr-stack/install/lbr_fri_idl/lib/python3.12/site-packages:${PYTHONPATH} /usr/bin/cmake --install /home/theo/drift/ros2_ws/src/lbr-stack/build/lbr_fri_ros2_stack
[68.678s] INFO:colcon.colcon_core.shell:Creating environment hook '/home/theo/drift/ros2_ws/src/lbr-stack/install/lbr_fri_ros2_stack/share/lbr_fri_ros2_stack/hook/cmake_prefix_path.sh'
[68.679s] Level 1:colcon.colcon_core.environment:checking '/home/theo/drift/ros2_ws/src/lbr-stack/install/lbr_fri_ros2_stack/bin'
[68.679s] Level 1:colcon.colcon_core.environment:checking '/home/theo/drift/ros2_ws/src/lbr-stack/install/lbr_fri_ros2_stack/lib/pkgconfig/lbr_fri_ros2_stack.pc'
[68.679s] Level 1:colcon.colcon_core.environment:checking '/home/theo/drift/ros2_ws/src/lbr-stack/install/lbr_fri_ros2_stack/lib/python3.12/site-packages'
[68.679s] Level 1:colcon.colcon_core.environment:checking '/home/theo/drift/ros2_ws/src/lbr-stack/install/lbr_fri_ros2_stack/bin'
[68.680s] INFO:colcon.colcon_core.shell:Creating package descriptor '/home/theo/drift/ros2_ws/src/lbr-stack/install/lbr_fri_ros2_stack/share/lbr_fri_ros2_stack/package.dsv'
[68.680s] INFO:colcon.colcon_core.shell:Creating package script '/home/theo/drift/ros2_ws/src/lbr-stack/install/lbr_fri_ros2_stack/share/lbr_fri_ros2_stack/package.sh'
[68.680s] INFO:colcon.colcon_core.shell:Creating package script '/home/theo/drift/ros2_ws/src/lbr-stack/install/lbr_fri_ros2_stack/share/lbr_fri_ros2_stack/package.bash'
[68.680s] INFO:colcon.colcon_core.shell:Creating package script '/home/theo/drift/ros2_ws/src/lbr-stack/install/lbr_fri_ros2_stack/share/lbr_fri_ros2_stack/package.zsh'
[68.680s] Level 1:colcon.colcon_core.environment:create_file_with_runtime_dependencies(/home/theo/drift/ros2_ws/src/lbr-stack/install/lbr_fri_ros2_stack/share/colcon-core/packages/lbr_fri_ros2_stack)
[68.681s] Level 1:colcon.colcon_core.environment:create_environment_scripts_only(lbr_fri_ros2_stack)
[68.681s] Level 1:colcon.colcon_core.environment:checking '/home/theo/drift/ros2_ws/src/lbr-stack/install/lbr_fri_ros2_stack' for CMake module files
[68.681s] Level 1:colcon.colcon_core.environment:checking '/home/theo/drift/ros2_ws/src/lbr-stack/install/lbr_fri_ros2_stack' for CMake config files
[68.681s] Level 1:colcon.colcon_core.shell:create_environment_hook('lbr_fri_ros2_stack', 'cmake_prefix_path')
[68.690s] INFO:colcon.colcon_core.shell:Creating environment descriptor '/home/theo/drift/ros2_ws/src/lbr-stack/install/lbr_fri_ros2_stack/share/lbr_fri_ros2_stack/hook/cmake_prefix_path.dsv'
[68.690s] INFO:colcon.colcon_core.shell:Creating environment hook '/home/theo/drift/ros2_ws/src/lbr-stack/install/lbr_fri_ros2_stack/share/lbr_fri_ros2_stack/hook/cmake_prefix_path.sh'
[68.690s] Level 1:colcon.colcon_core.environment:checking '/home/theo/drift/ros2_ws/src/lbr-stack/install/lbr_fri_ros2_stack/bin'
[68.690s] Level 1:colcon.colcon_core.environment:checking '/home/theo/drift/ros2_ws/src/lbr-stack/install/lbr_fri_ros2_stack/lib/pkgconfig/lbr_fri_ros2_stack.pc'
[68.690s] Level 1:colcon.colcon_core.environment:checking '/home/theo/drift/ros2_ws/src/lbr-stack/install/lbr_fri_ros2_stack/lib/python3.12/site-packages'
[68.691s] Level 1:colcon.colcon_core.environment:checking '/home/theo/drift/ros2_ws/src/lbr-stack/install/lbr_fri_ros2_stack/bin'
[68.691s] INFO:colcon.colcon_core.shell:Creating package descriptor '/home/theo/drift/ros2_ws/src/lbr-stack/install/lbr_fri_ros2_stack/share/lbr_fri_ros2_stack/package.dsv'
[68.691s] INFO:colcon.colcon_core.shell:Creating package script '/home/theo/drift/ros2_ws/src/lbr-stack/install/lbr_fri_ros2_stack/share/lbr_fri_ros2_stack/package.sh'
[68.691s] INFO:colcon.colcon_core.shell:Creating package script '/home/theo/drift/ros2_ws/src/lbr-stack/install/lbr_fri_ros2_stack/share/lbr_fri_ros2_stack/package.bash'
[68.692s] INFO:colcon.colcon_core.shell:Creating package script '/home/theo/drift/ros2_ws/src/lbr-stack/install/lbr_fri_ros2_stack/share/lbr_fri_ros2_stack/package.zsh'
[68.692s] Level 1:colcon.colcon_core.environment:create_file_with_runtime_dependencies(/home/theo/drift/ros2_ws/src/lbr-stack/install/lbr_fri_ros2_stack/share/colcon-core/packages/lbr_fri_ros2_stack)
[68.806s] Level 1:colcon.colcon_core.shell:create_environment_hook('lbr_demos_py', 'pythonpath_develop')
[68.807s] INFO:colcon.colcon_core.shell:Creating environment descriptor '/home/theo/drift/ros2_ws/src/lbr-stack/build/lbr_demos_py/share/lbr_demos_py/hook/pythonpath_develop.dsv'
[68.807s] INFO:colcon.colcon_core.shell:Creating environment hook '/home/theo/drift/ros2_ws/src/lbr-stack/build/lbr_demos_py/share/lbr_demos_py/hook/pythonpath_develop.sh'
[68.808s] Level 1:colcon.colcon_core.environment:checking '/home/theo/drift/ros2_ws/src/lbr-stack/install/lbr_demos_py' for CMake module files
[68.808s] Level 1:colcon.colcon_core.environment:checking '/home/theo/drift/ros2_ws/src/lbr-stack/install/lbr_demos_py' for CMake config files
[68.808s] Level 1:colcon.colcon_core.environment:checking '/home/theo/drift/ros2_ws/src/lbr-stack/install/lbr_demos_py/lib'
[68.808s] Level 1:colcon.colcon_core.environment:checking '/home/theo/drift/ros2_ws/src/lbr-stack/install/lbr_demos_py/bin'
[68.808s] Level 1:colcon.colcon_core.environment:checking '/home/theo/drift/ros2_ws/src/lbr-stack/install/lbr_demos_py/lib/pkgconfig/lbr_demos_py.pc'
[68.808s] Level 1:colcon.colcon_core.environment:checking '/home/theo/drift/ros2_ws/src/lbr-stack/install/lbr_demos_py/lib/python3.12/site-packages'
[68.808s] Level 1:colcon.colcon_core.shell:create_environment_hook('lbr_demos_py', 'pythonpath')
[68.808s] INFO:colcon.colcon_core.shell:Creating environment descriptor '/home/theo/drift/ros2_ws/src/lbr-stack/install/lbr_demos_py/share/lbr_demos_py/hook/pythonpath.dsv'
[68.808s] INFO:colcon.colcon_core.shell:Creating environment hook '/home/theo/drift/ros2_ws/src/lbr-stack/install/lbr_demos_py/share/lbr_demos_py/hook/pythonpath.sh'
[68.808s] Level 1:colcon.colcon_core.environment:checking '/home/theo/drift/ros2_ws/src/lbr-stack/install/lbr_demos_py/bin'
[68.808s] Level 1:colcon.colcon_core.environment:create_environment_scripts_only(lbr_demos_py)
[68.809s] INFO:colcon.colcon_core.shell:Creating package descriptor '/home/theo/drift/ros2_ws/src/lbr-stack/install/lbr_demos_py/share/lbr_demos_py/package.dsv'
[68.809s] INFO:colcon.colcon_core.shell:Creating package script '/home/theo/drift/ros2_ws/src/lbr-stack/install/lbr_demos_py/share/lbr_demos_py/package.sh'
[68.809s] INFO:colcon.colcon_core.shell:Creating package script '/home/theo/drift/ros2_ws/src/lbr-stack/install/lbr_demos_py/share/lbr_demos_py/package.bash'
[68.809s] INFO:colcon.colcon_core.shell:Creating package script '/home/theo/drift/ros2_ws/src/lbr-stack/install/lbr_demos_py/share/lbr_demos_py/package.zsh'
[68.809s] Level 1:colcon.colcon_core.environment:create_file_with_runtime_dependencies(/home/theo/drift/ros2_ws/src/lbr-stack/install/lbr_demos_py/share/colcon-core/packages/lbr_demos_py)
[68.807s] DEBUG:colcon.colcon_core.event_handler.log_command:Invoked command in '/home/theo/drift/ros2_ws/src/lbr-stack/build/lbr_demos_py' returned '0': AMENT_PREFIX_PATH=/home/theo/drift/ros2_ws/src/lbr-stack/install/lbr_bringup:/home/theo/drift/ros2_ws/src/lbr-stack/install/lbr_ros2_control:/home/theo/drift/ros2_ws/src/lbr-stack/install/lbr_fri_ros2:/home/theo/drift/ros2_ws/src/lbr-stack/install/lbr_fri_idl:/home/theo/drift/ros2_ws/src/lbr-stack/install/lbr_med7_r800_description:/home/theo/drift/ros2_ws/src/lbr-stack/install/lbr_med14_r820_description:/home/theo/drift/ros2_ws/src/lbr-stack/install/lbr_iiwa7_r800_description:/home/theo/drift/ros2_ws/src/lbr-stack/install/lbr_iiwa14_r820_description:${AMENT_PREFIX_PATH} CMAKE_PREFIX_PATH=/home/theo/drift/ros2_ws/src/lbr-stack/install/lbr_bringup:/home/theo/drift/ros2_ws/src/lbr-stack/install/lbr_ros2_control:/home/theo/drift/ros2_ws/src/lbr-stack/install/lbr_fri_ros2:/home/theo/drift/ros2_ws/src/lbr-stack/install/lbr_fri_idl:/home/theo/drift/ros2_ws/src/lbr-stack/install/lbr_med7_r800_description:/home/theo/drift/ros2_ws/src/lbr-stack/install/lbr_med14_r820_description:/home/theo/drift/ros2_ws/src/lbr-stack/install/lbr_iiwa7_r800_description:/home/theo/drift/ros2_ws/src/lbr-stack/install/lbr_iiwa14_r820_description:/home/theo/drift/ros2_ws/src/lbr-stack/install/fri_client_sdk:${CMAKE_PREFIX_PATH} DEBUGINFOD_URLS=https://debuginfod.ubuntu.com LD_LIBRARY_PATH=/home/theo/drift/ros2_ws/src/lbr-stack/install/lbr_ros2_control/lib:/home/theo/drift/ros2_ws/src/lbr-stack/install/lbr_fri_ros2/lib:/home/theo/drift/ros2_ws/src/lbr-stack/install/lbr_fri_idl/lib:/home/theo/drift/ros2_ws/src/lbr-stack/install/fri_client_sdk/lib:${LD_LIBRARY_PATH} PKG_CONFIG_PATH=/home/theo/drift/ros2_ws/src/lbr-stack/install/fri_client_sdk/lib/aarch64-linux-gnu/pkgconfig:/home/theo/drift/ros2_ws/src/lbr-stack/install/fri_client_sdk/lib/pkgconfig PYTHONPATH=/home/theo/drift/ros2_ws/src/lbr-stack/build/lbr_demos_py/prefix_override:/usr/lib/python3/dist-packages/colcon_core/task/python/colcon_distutils_commands:/home/theo/drift/ros2_ws/src/lbr-stack/install/lbr_demos_py/lib/python3.12/site-packages:/home/theo/drift/ros2_ws/src/lbr-stack/install/lbr_bringup/lib/python3.12/site-packages:/home/theo/drift/ros2_ws/src/lbr-stack/install/lbr_fri_idl/lib/python3.12/site-packages:${PYTHONPATH} /usr/bin/python3 -W ignore:setup.py install is deprecated -W ignore:easy_install command is deprecated setup.py develop --editable --build-directory /home/theo/drift/ros2_ws/src/lbr-stack/build/lbr_demos_py/build --no-deps symlink_data
[69.109s] DEBUG:colcon.colcon_core.event_handler.log_command:Invoked command in '/home/theo/drift/ros2_ws/src/lbr-stack/build/lbr_demos_cpp' returned '0': AMENT_PREFIX_PATH=/home/theo/drift/ros2_ws/src/lbr-stack/install/lbr_bringup:/home/theo/drift/ros2_ws/src/lbr-stack/install/lbr_ros2_control:/home/theo/drift/ros2_ws/src/lbr-stack/install/lbr_fri_ros2:/home/theo/drift/ros2_ws/src/lbr-stack/install/lbr_fri_idl:/home/theo/drift/ros2_ws/src/lbr-stack/install/lbr_med7_r800_description:/home/theo/drift/ros2_ws/src/lbr-stack/install/lbr_med14_r820_description:/home/theo/drift/ros2_ws/src/lbr-stack/install/lbr_iiwa7_r800_description:/home/theo/drift/ros2_ws/src/lbr-stack/install/lbr_iiwa14_r820_description:${AMENT_PREFIX_PATH} CMAKE_PREFIX_PATH=/home/theo/drift/ros2_ws/src/lbr-stack/install/lbr_bringup:/home/theo/drift/ros2_ws/src/lbr-stack/install/lbr_ros2_control:/home/theo/drift/ros2_ws/src/lbr-stack/install/lbr_fri_ros2:/home/theo/drift/ros2_ws/src/lbr-stack/install/lbr_fri_idl:/home/theo/drift/ros2_ws/src/lbr-stack/install/lbr_med7_r800_description:/home/theo/drift/ros2_ws/src/lbr-stack/install/lbr_med14_r820_description:/home/theo/drift/ros2_ws/src/lbr-stack/install/lbr_iiwa7_r800_description:/home/theo/drift/ros2_ws/src/lbr-stack/install/lbr_iiwa14_r820_description:/home/theo/drift/ros2_ws/src/lbr-stack/install/fri_client_sdk:/opt/ros/jazzy/opt/gz_sim_vendor:/opt/ros/jazzy/opt/gz_sensors_vendor:/opt/ros/jazzy/opt/gz_physics_vendor:/opt/ros/jazzy/opt/gz_gui_vendor:/opt/ros/jazzy/opt/gz_transport_vendor:/opt/ros/jazzy/opt/gz_rendering_vendor:/opt/ros/jazzy/opt/gz_plugin_vendor:/opt/ros/jazzy/opt/gz_fuel_tools_vendor:/opt/ros/jazzy/opt/gz_msgs_vendor:/opt/ros/jazzy/opt/gz_common_vendor:/opt/ros/jazzy/opt/gz_ogre_next_vendor:/opt/ros/jazzy/opt/gz_dartsim_vendor:/opt/ros/jazzy/opt/sdformat_vendor:/opt/ros/jazzy/opt/gz_math_vendor:/opt/ros/jazzy/opt/gz_utils_vendor:/opt/ros/jazzy/opt/gz_tools_vendor:/opt/ros/jazzy/opt/gz_cmake_vendor:/home/theo/drift/ros2_ws/install/my_package:/opt/ros/jazzy DEBUGINFOD_URLS=https://debuginfod.ubuntu.com LD_LIBRARY_PATH=/home/theo/drift/ros2_ws/src/lbr-stack/install/lbr_ros2_control/lib:/home/theo/drift/ros2_ws/src/lbr-stack/install/lbr_fri_ros2/lib:/home/theo/drift/ros2_ws/src/lbr-stack/install/lbr_fri_idl/lib:/home/theo/drift/ros2_ws/src/lbr-stack/install/fri_client_sdk/lib:${LD_LIBRARY_PATH} PKG_CONFIG_PATH=/home/theo/drift/ros2_ws/src/lbr-stack/install/fri_client_sdk/lib/aarch64-linux-gnu/pkgconfig:/home/theo/drift/ros2_ws/src/lbr-stack/install/fri_client_sdk/lib/pkgconfig PYTHONPATH=/home/theo/drift/ros2_ws/src/lbr-stack/install/lbr_bringup/lib/python3.12/site-packages:/home/theo/drift/ros2_ws/src/lbr-stack/install/lbr_fri_idl/lib/python3.12/site-packages:${PYTHONPATH} /usr/bin/cmake /home/theo/drift/ros2_ws/src/lbr-stack/src/lbr_fri_ros2_stack/lbr_demos/lbr_demos_cpp -DAMENT_CMAKE_SYMLINK_INSTALL=1 -DCMAKE_INSTALL_PREFIX=/home/theo/drift/ros2_ws/src/lbr-stack/install/lbr_demos_cpp
[69.109s] DEBUG:colcon.colcon_core.event_handler.log_command:Invoking command in '/home/theo/drift/ros2_ws/src/lbr-stack/build/lbr_demos_cpp': AMENT_PREFIX_PATH=/home/theo/drift/ros2_ws/src/lbr-stack/install/lbr_bringup:/home/theo/drift/ros2_ws/src/lbr-stack/install/lbr_ros2_control:/home/theo/drift/ros2_ws/src/lbr-stack/install/lbr_fri_ros2:/home/theo/drift/ros2_ws/src/lbr-stack/install/lbr_fri_idl:/home/theo/drift/ros2_ws/src/lbr-stack/install/lbr_med7_r800_description:/home/theo/drift/ros2_ws/src/lbr-stack/install/lbr_med14_r820_description:/home/theo/drift/ros2_ws/src/lbr-stack/install/lbr_iiwa7_r800_description:/home/theo/drift/ros2_ws/src/lbr-stack/install/lbr_iiwa14_r820_description:${AMENT_PREFIX_PATH} CMAKE_PREFIX_PATH=/home/theo/drift/ros2_ws/src/lbr-stack/install/lbr_bringup:/home/theo/drift/ros2_ws/src/lbr-stack/install/lbr_ros2_control:/home/theo/drift/ros2_ws/src/lbr-stack/install/lbr_fri_ros2:/home/theo/drift/ros2_ws/src/lbr-stack/install/lbr_fri_idl:/home/theo/drift/ros2_ws/src/lbr-stack/install/lbr_med7_r800_description:/home/theo/drift/ros2_ws/src/lbr-stack/install/lbr_med14_r820_description:/home/theo/drift/ros2_ws/src/lbr-stack/install/lbr_iiwa7_r800_description:/home/theo/drift/ros2_ws/src/lbr-stack/install/lbr_iiwa14_r820_description:/home/theo/drift/ros2_ws/src/lbr-stack/install/fri_client_sdk:/opt/ros/jazzy/opt/gz_sim_vendor:/opt/ros/jazzy/opt/gz_sensors_vendor:/opt/ros/jazzy/opt/gz_physics_vendor:/opt/ros/jazzy/opt/gz_gui_vendor:/opt/ros/jazzy/opt/gz_transport_vendor:/opt/ros/jazzy/opt/gz_rendering_vendor:/opt/ros/jazzy/opt/gz_plugin_vendor:/opt/ros/jazzy/opt/gz_fuel_tools_vendor:/opt/ros/jazzy/opt/gz_msgs_vendor:/opt/ros/jazzy/opt/gz_common_vendor:/opt/ros/jazzy/opt/gz_ogre_next_vendor:/opt/ros/jazzy/opt/gz_dartsim_vendor:/opt/ros/jazzy/opt/sdformat_vendor:/opt/ros/jazzy/opt/gz_math_vendor:/opt/ros/jazzy/opt/gz_utils_vendor:/opt/ros/jazzy/opt/gz_tools_vendor:/opt/ros/jazzy/opt/gz_cmake_vendor:/home/theo/drift/ros2_ws/install/my_package:/opt/ros/jazzy DEBUGINFOD_URLS=https://debuginfod.ubuntu.com LD_LIBRARY_PATH=/home/theo/drift/ros2_ws/src/lbr-stack/install/lbr_ros2_control/lib:/home/theo/drift/ros2_ws/src/lbr-stack/install/lbr_fri_ros2/lib:/home/theo/drift/ros2_ws/src/lbr-stack/install/lbr_fri_idl/lib:/home/theo/drift/ros2_ws/src/lbr-stack/install/fri_client_sdk/lib:${LD_LIBRARY_PATH} PKG_CONFIG_PATH=/home/theo/drift/ros2_ws/src/lbr-stack/install/fri_client_sdk/lib/aarch64-linux-gnu/pkgconfig:/home/theo/drift/ros2_ws/src/lbr-stack/install/fri_client_sdk/lib/pkgconfig PYTHONPATH=/home/theo/drift/ros2_ws/src/lbr-stack/install/lbr_bringup/lib/python3.12/site-packages:/home/theo/drift/ros2_ws/src/lbr-stack/install/lbr_fri_idl/lib/python3.12/site-packages:${PYTHONPATH} /usr/bin/cmake --build /home/theo/drift/ros2_ws/src/lbr-stack/build/lbr_demos_cpp -- -j4 -l4
[85.784s] DEBUG:colcon.colcon_core.event_handler.log_command:Invoked command in '/home/theo/drift/ros2_ws/src/lbr-stack/build/lbr_demos_cpp' returned '0': AMENT_PREFIX_PATH=/home/theo/drift/ros2_ws/src/lbr-stack/install/lbr_bringup:/home/theo/drift/ros2_ws/src/lbr-stack/install/lbr_ros2_control:/home/theo/drift/ros2_ws/src/lbr-stack/install/lbr_fri_ros2:/home/theo/drift/ros2_ws/src/lbr-stack/install/lbr_fri_idl:/home/theo/drift/ros2_ws/src/lbr-stack/install/lbr_med7_r800_description:/home/theo/drift/ros2_ws/src/lbr-stack/install/lbr_med14_r820_description:/home/theo/drift/ros2_ws/src/lbr-stack/install/lbr_iiwa7_r800_description:/home/theo/drift/ros2_ws/src/lbr-stack/install/lbr_iiwa14_r820_description:${AMENT_PREFIX_PATH} CMAKE_PREFIX_PATH=/home/theo/drift/ros2_ws/src/lbr-stack/install/lbr_bringup:/home/theo/drift/ros2_ws/src/lbr-stack/install/lbr_ros2_control:/home/theo/drift/ros2_ws/src/lbr-stack/install/lbr_fri_ros2:/home/theo/drift/ros2_ws/src/lbr-stack/install/lbr_fri_idl:/home/theo/drift/ros2_ws/src/lbr-stack/install/lbr_med7_r800_description:/home/theo/drift/ros2_ws/src/lbr-stack/install/lbr_med14_r820_description:/home/theo/drift/ros2_ws/src/lbr-stack/install/lbr_iiwa7_r800_description:/home/theo/drift/ros2_ws/src/lbr-stack/install/lbr_iiwa14_r820_description:/home/theo/drift/ros2_ws/src/lbr-stack/install/fri_client_sdk:/opt/ros/jazzy/opt/gz_sim_vendor:/opt/ros/jazzy/opt/gz_sensors_vendor:/opt/ros/jazzy/opt/gz_physics_vendor:/opt/ros/jazzy/opt/gz_gui_vendor:/opt/ros/jazzy/opt/gz_transport_vendor:/opt/ros/jazzy/opt/gz_rendering_vendor:/opt/ros/jazzy/opt/gz_plugin_vendor:/opt/ros/jazzy/opt/gz_fuel_tools_vendor:/opt/ros/jazzy/opt/gz_msgs_vendor:/opt/ros/jazzy/opt/gz_common_vendor:/opt/ros/jazzy/opt/gz_ogre_next_vendor:/opt/ros/jazzy/opt/gz_dartsim_vendor:/opt/ros/jazzy/opt/sdformat_vendor:/opt/ros/jazzy/opt/gz_math_vendor:/opt/ros/jazzy/opt/gz_utils_vendor:/opt/ros/jazzy/opt/gz_tools_vendor:/opt/ros/jazzy/opt/gz_cmake_vendor:/home/theo/drift/ros2_ws/install/my_package:/opt/ros/jazzy DEBUGINFOD_URLS=https://debuginfod.ubuntu.com LD_LIBRARY_PATH=/home/theo/drift/ros2_ws/src/lbr-stack/install/lbr_ros2_control/lib:/home/theo/drift/ros2_ws/src/lbr-stack/install/lbr_fri_ros2/lib:/home/theo/drift/ros2_ws/src/lbr-stack/install/lbr_fri_idl/lib:/home/theo/drift/ros2_ws/src/lbr-stack/install/fri_client_sdk/lib:${LD_LIBRARY_PATH} PKG_CONFIG_PATH=/home/theo/drift/ros2_ws/src/lbr-stack/install/fri_client_sdk/lib/aarch64-linux-gnu/pkgconfig:/home/theo/drift/ros2_ws/src/lbr-stack/install/fri_client_sdk/lib/pkgconfig PYTHONPATH=/home/theo/drift/ros2_ws/src/lbr-stack/install/lbr_bringup/lib/python3.12/site-packages:/home/theo/drift/ros2_ws/src/lbr-stack/install/lbr_fri_idl/lib/python3.12/site-packages:${PYTHONPATH} /usr/bin/cmake --build /home/theo/drift/ros2_ws/src/lbr-stack/build/lbr_demos_cpp -- -j4 -l4
[85.785s] DEBUG:colcon.colcon_core.event_handler.log_command:Invoking command in '/home/theo/drift/ros2_ws/src/lbr-stack/build/lbr_demos_cpp': AMENT_PREFIX_PATH=/home/theo/drift/ros2_ws/src/lbr-stack/install/lbr_bringup:/home/theo/drift/ros2_ws/src/lbr-stack/install/lbr_ros2_control:/home/theo/drift/ros2_ws/src/lbr-stack/install/lbr_fri_ros2:/home/theo/drift/ros2_ws/src/lbr-stack/install/lbr_fri_idl:/home/theo/drift/ros2_ws/src/lbr-stack/install/lbr_med7_r800_description:/home/theo/drift/ros2_ws/src/lbr-stack/install/lbr_med14_r820_description:/home/theo/drift/ros2_ws/src/lbr-stack/install/lbr_iiwa7_r800_description:/home/theo/drift/ros2_ws/src/lbr-stack/install/lbr_iiwa14_r820_description:${AMENT_PREFIX_PATH} CMAKE_PREFIX_PATH=/home/theo/drift/ros2_ws/src/lbr-stack/install/lbr_bringup:/home/theo/drift/ros2_ws/src/lbr-stack/install/lbr_ros2_control:/home/theo/drift/ros2_ws/src/lbr-stack/install/lbr_fri_ros2:/home/theo/drift/ros2_ws/src/lbr-stack/install/lbr_fri_idl:/home/theo/drift/ros2_ws/src/lbr-stack/install/lbr_med7_r800_description:/home/theo/drift/ros2_ws/src/lbr-stack/install/lbr_med14_r820_description:/home/theo/drift/ros2_ws/src/lbr-stack/install/lbr_iiwa7_r800_description:/home/theo/drift/ros2_ws/src/lbr-stack/install/lbr_iiwa14_r820_description:/home/theo/drift/ros2_ws/src/lbr-stack/install/fri_client_sdk:/opt/ros/jazzy/opt/gz_sim_vendor:/opt/ros/jazzy/opt/gz_sensors_vendor:/opt/ros/jazzy/opt/gz_physics_vendor:/opt/ros/jazzy/opt/gz_gui_vendor:/opt/ros/jazzy/opt/gz_transport_vendor:/opt/ros/jazzy/opt/gz_rendering_vendor:/opt/ros/jazzy/opt/gz_plugin_vendor:/opt/ros/jazzy/opt/gz_fuel_tools_vendor:/opt/ros/jazzy/opt/gz_msgs_vendor:/opt/ros/jazzy/opt/gz_common_vendor:/opt/ros/jazzy/opt/gz_ogre_next_vendor:/opt/ros/jazzy/opt/gz_dartsim_vendor:/opt/ros/jazzy/opt/sdformat_vendor:/opt/ros/jazzy/opt/gz_math_vendor:/opt/ros/jazzy/opt/gz_utils_vendor:/opt/ros/jazzy/opt/gz_tools_vendor:/opt/ros/jazzy/opt/gz_cmake_vendor:/home/theo/drift/ros2_ws/install/my_package:/opt/ros/jazzy DEBUGINFOD_URLS=https://debuginfod.ubuntu.com LD_LIBRARY_PATH=/home/theo/drift/ros2_ws/src/lbr-stack/install/lbr_ros2_control/lib:/home/theo/drift/ros2_ws/src/lbr-stack/install/lbr_fri_ros2/lib:/home/theo/drift/ros2_ws/src/lbr-stack/install/lbr_fri_idl/lib:/home/theo/drift/ros2_ws/src/lbr-stack/install/fri_client_sdk/lib:${LD_LIBRARY_PATH} PKG_CONFIG_PATH=/home/theo/drift/ros2_ws/src/lbr-stack/install/fri_client_sdk/lib/aarch64-linux-gnu/pkgconfig:/home/theo/drift/ros2_ws/src/lbr-stack/install/fri_client_sdk/lib/pkgconfig PYTHONPATH=/home/theo/drift/ros2_ws/src/lbr-stack/install/lbr_bringup/lib/python3.12/site-packages:/home/theo/drift/ros2_ws/src/lbr-stack/install/lbr_fri_idl/lib/python3.12/site-packages:${PYTHONPATH} /usr/bin/cmake --install /home/theo/drift/ros2_ws/src/lbr-stack/build/lbr_demos_cpp
[85.851s] Level 1:colcon.colcon_core.environment:create_environment_scripts_only(lbr_demos_cpp)
[85.851s] Level 1:colcon.colcon_core.environment:checking '/home/theo/drift/ros2_ws/src/lbr-stack/install/lbr_demos_cpp' for CMake module files
[85.851s] DEBUG:colcon.colcon_core.event_handler.log_command:Invoked command in '/home/theo/drift/ros2_ws/src/lbr-stack/build/lbr_demos_cpp' returned '0': AMENT_PREFIX_PATH=/home/theo/drift/ros2_ws/src/lbr-stack/install/lbr_bringup:/home/theo/drift/ros2_ws/src/lbr-stack/install/lbr_ros2_control:/home/theo/drift/ros2_ws/src/lbr-stack/install/lbr_fri_ros2:/home/theo/drift/ros2_ws/src/lbr-stack/install/lbr_fri_idl:/home/theo/drift/ros2_ws/src/lbr-stack/install/lbr_med7_r800_description:/home/theo/drift/ros2_ws/src/lbr-stack/install/lbr_med14_r820_description:/home/theo/drift/ros2_ws/src/lbr-stack/install/lbr_iiwa7_r800_description:/home/theo/drift/ros2_ws/src/lbr-stack/install/lbr_iiwa14_r820_description:${AMENT_PREFIX_PATH} CMAKE_PREFIX_PATH=/home/theo/drift/ros2_ws/src/lbr-stack/install/lbr_bringup:/home/theo/drift/ros2_ws/src/lbr-stack/install/lbr_ros2_control:/home/theo/drift/ros2_ws/src/lbr-stack/install/lbr_fri_ros2:/home/theo/drift/ros2_ws/src/lbr-stack/install/lbr_fri_idl:/home/theo/drift/ros2_ws/src/lbr-stack/install/lbr_med7_r800_description:/home/theo/drift/ros2_ws/src/lbr-stack/install/lbr_med14_r820_description:/home/theo/drift/ros2_ws/src/lbr-stack/install/lbr_iiwa7_r800_description:/home/theo/drift/ros2_ws/src/lbr-stack/install/lbr_iiwa14_r820_description:/home/theo/drift/ros2_ws/src/lbr-stack/install/fri_client_sdk:/opt/ros/jazzy/opt/gz_sim_vendor:/opt/ros/jazzy/opt/gz_sensors_vendor:/opt/ros/jazzy/opt/gz_physics_vendor:/opt/ros/jazzy/opt/gz_gui_vendor:/opt/ros/jazzy/opt/gz_transport_vendor:/opt/ros/jazzy/opt/gz_rendering_vendor:/opt/ros/jazzy/opt/gz_plugin_vendor:/opt/ros/jazzy/opt/gz_fuel_tools_vendor:/opt/ros/jazzy/opt/gz_msgs_vendor:/opt/ros/jazzy/opt/gz_common_vendor:/opt/ros/jazzy/opt/gz_ogre_next_vendor:/opt/ros/jazzy/opt/gz_dartsim_vendor:/opt/ros/jazzy/opt/sdformat_vendor:/opt/ros/jazzy/opt/gz_math_vendor:/opt/ros/jazzy/opt/gz_utils_vendor:/opt/ros/jazzy/opt/gz_tools_vendor:/opt/ros/jazzy/opt/gz_cmake_vendor:/home/theo/drift/ros2_ws/install/my_package:/opt/ros/jazzy DEBUGINFOD_URLS=https://debuginfod.ubuntu.com LD_LIBRARY_PATH=/home/theo/drift/ros2_ws/src/lbr-stack/install/lbr_ros2_control/lib:/home/theo/drift/ros2_ws/src/lbr-stack/install/lbr_fri_ros2/lib:/home/theo/drift/ros2_ws/src/lbr-stack/install/lbr_fri_idl/lib:/home/theo/drift/ros2_ws/src/lbr-stack/install/fri_client_sdk/lib:${LD_LIBRARY_PATH} PKG_CONFIG_PATH=/home/theo/drift/ros2_ws/src/lbr-stack/install/fri_client_sdk/lib/aarch64-linux-gnu/pkgconfig:/home/theo/drift/ros2_ws/src/lbr-stack/install/fri_client_sdk/lib/pkgconfig PYTHONPATH=/home/theo/drift/ros2_ws/src/lbr-stack/install/lbr_bringup/lib/python3.12/site-packages:/home/theo/drift/ros2_ws/src/lbr-stack/install/lbr_fri_idl/lib/python3.12/site-packages:${PYTHONPATH} /usr/bin/cmake --install /home/theo/drift/ros2_ws/src/lbr-stack/build/lbr_demos_cpp
[85.851s] Level 1:colcon.colcon_core.environment:checking '/home/theo/drift/ros2_ws/src/lbr-stack/install/lbr_demos_cpp' for CMake config files
[85.851s] Level 1:colcon.colcon_core.shell:create_environment_hook('lbr_demos_cpp', 'cmake_prefix_path')
[85.851s] INFO:colcon.colcon_core.shell:Creating environment descriptor '/home/theo/drift/ros2_ws/src/lbr-stack/install/lbr_demos_cpp/share/lbr_demos_cpp/hook/cmake_prefix_path.dsv'
[85.851s] INFO:colcon.colcon_core.shell:Creating environment hook '/home/theo/drift/ros2_ws/src/lbr-stack/install/lbr_demos_cpp/share/lbr_demos_cpp/hook/cmake_prefix_path.sh'
[85.852s] Level 1:colcon.colcon_core.environment:checking '/home/theo/drift/ros2_ws/src/lbr-stack/install/lbr_demos_cpp/lib'
[85.852s] Level 1:colcon.colcon_core.environment:checking '/home/theo/drift/ros2_ws/src/lbr-stack/install/lbr_demos_cpp/bin'
[85.852s] Level 1:colcon.colcon_core.environment:checking '/home/theo/drift/ros2_ws/src/lbr-stack/install/lbr_demos_cpp/lib/pkgconfig/lbr_demos_cpp.pc'
[85.852s] Level 1:colcon.colcon_core.environment:checking '/home/theo/drift/ros2_ws/src/lbr-stack/install/lbr_demos_cpp/lib/python3.12/site-packages'
[85.853s] Level 1:colcon.colcon_core.environment:checking '/home/theo/drift/ros2_ws/src/lbr-stack/install/lbr_demos_cpp/bin'
[85.853s] INFO:colcon.colcon_core.shell:Creating package descriptor '/home/theo/drift/ros2_ws/src/lbr-stack/install/lbr_demos_cpp/share/lbr_demos_cpp/package.dsv'
[85.854s] INFO:colcon.colcon_core.shell:Creating package script '/home/theo/drift/ros2_ws/src/lbr-stack/install/lbr_demos_cpp/share/lbr_demos_cpp/package.sh'
[85.854s] INFO:colcon.colcon_core.shell:Creating package script '/home/theo/drift/ros2_ws/src/lbr-stack/install/lbr_demos_cpp/share/lbr_demos_cpp/package.bash'
[85.854s] INFO:colcon.colcon_core.shell:Creating package script '/home/theo/drift/ros2_ws/src/lbr-stack/install/lbr_demos_cpp/share/lbr_demos_cpp/package.zsh'
[85.854s] Level 1:colcon.colcon_core.environment:create_file_with_runtime_dependencies(/home/theo/drift/ros2_ws/src/lbr-stack/install/lbr_demos_cpp/share/colcon-core/packages/lbr_demos_cpp)
[85.854s] Level 1:colcon.colcon_core.environment:create_environment_scripts_only(lbr_demos_cpp)
[85.854s] Level 1:colcon.colcon_core.environment:checking '/home/theo/drift/ros2_ws/src/lbr-stack/install/lbr_demos_cpp' for CMake module files
[85.855s] Level 1:colcon.colcon_core.environment:checking '/home/theo/drift/ros2_ws/src/lbr-stack/install/lbr_demos_cpp' for CMake config files
[85.855s] Level 1:colcon.colcon_core.shell:create_environment_hook('lbr_demos_cpp', 'cmake_prefix_path')
[85.855s] INFO:colcon.colcon_core.shell:Creating environment descriptor '/home/theo/drift/ros2_ws/src/lbr-stack/install/lbr_demos_cpp/share/lbr_demos_cpp/hook/cmake_prefix_path.dsv'
[85.855s] INFO:colcon.colcon_core.shell:Creating environment hook '/home/theo/drift/ros2_ws/src/lbr-stack/install/lbr_demos_cpp/share/lbr_demos_cpp/hook/cmake_prefix_path.sh'
[85.856s] Level 1:colcon.colcon_core.environment:checking '/home/theo/drift/ros2_ws/src/lbr-stack/install/lbr_demos_cpp/lib'
[85.856s] Level 1:colcon.colcon_core.environment:checking '/home/theo/drift/ros2_ws/src/lbr-stack/install/lbr_demos_cpp/bin'
[85.856s] Level 1:colcon.colcon_core.environment:checking '/home/theo/drift/ros2_ws/src/lbr-stack/install/lbr_demos_cpp/lib/pkgconfig/lbr_demos_cpp.pc'
[85.856s] Level 1:colcon.colcon_core.environment:checking '/home/theo/drift/ros2_ws/src/lbr-stack/install/lbr_demos_cpp/lib/python3.12/site-packages'
[85.856s] Level 1:colcon.colcon_core.environment:checking '/home/theo/drift/ros2_ws/src/lbr-stack/install/lbr_demos_cpp/bin'
[85.856s] INFO:colcon.colcon_core.shell:Creating package descriptor '/home/theo/drift/ros2_ws/src/lbr-stack/install/lbr_demos_cpp/share/lbr_demos_cpp/package.dsv'
[85.856s] INFO:colcon.colcon_core.shell:Creating package script '/home/theo/drift/ros2_ws/src/lbr-stack/install/lbr_demos_cpp/share/lbr_demos_cpp/package.sh'
[85.856s] INFO:colcon.colcon_core.shell:Creating package script '/home/theo/drift/ros2_ws/src/lbr-stack/install/lbr_demos_cpp/share/lbr_demos_cpp/package.bash'
[85.857s] INFO:colcon.colcon_core.shell:Creating package script '/home/theo/drift/ros2_ws/src/lbr-stack/install/lbr_demos_cpp/share/lbr_demos_cpp/package.zsh'
[85.857s] Level 1:colcon.colcon_core.environment:create_file_with_runtime_dependencies(/home/theo/drift/ros2_ws/src/lbr-stack/install/lbr_demos_cpp/share/colcon-core/packages/lbr_demos_cpp)
[85.858s] DEBUG:colcon.colcon_parallel_executor.executor.parallel:closing loop
[85.860s] DEBUG:colcon.colcon_parallel_executor.executor.parallel:loop closed
[85.860s] DEBUG:colcon.colcon_parallel_executor.executor.parallel:run_until_complete finished with '0'
[85.860s] DEBUG:colcon.colcon_core.event_reactor:joining thread
[85.909s] INFO:colcon.colcon_core.plugin_system:Skipping extension 'colcon_notification.desktop_notification.terminal_notifier': Not used on non-Darwin systems
[85.909s] INFO:colcon.colcon_core.plugin_system:Skipping extension 'colcon_notification.desktop_notification.win32': Not used on non-Windows systems
[85.910s] INFO:colcon.colcon_notification.desktop_notification:Sending desktop notification using 'notify2'
[86.040s] DEBUG:colcon.colcon_core.event_reactor:joined thread
[86.041s] INFO:colcon.colcon_core.shell:Creating prefix script '/home/theo/drift/ros2_ws/src/lbr-stack/install/local_setup.sh'
[86.045s] INFO:colcon.colcon_core.shell:Creating prefix util module '/home/theo/drift/ros2_ws/src/lbr-stack/install/_local_setup_util_sh.py'
[86.046s] INFO:colcon.colcon_core.shell:Creating prefix chain script '/home/theo/drift/ros2_ws/src/lbr-stack/install/setup.sh'
[86.046s] INFO:colcon.colcon_core.shell:Creating prefix script '/home/theo/drift/ros2_ws/src/lbr-stack/install/local_setup.bash'
[86.047s] INFO:colcon.colcon_core.shell:Creating prefix chain script '/home/theo/drift/ros2_ws/src/lbr-stack/install/setup.bash'
[86.048s] INFO:colcon.colcon_core.shell:Creating prefix script '/home/theo/drift/ros2_ws/src/lbr-stack/install/local_setup.zsh'
[86.048s] INFO:colcon.colcon_core.shell:Creating prefix chain script '/home/theo/drift/ros2_ws/src/lbr-stack/install/setup.zsh'
